ply
format ascii 1.0
element vertex 9556
property float x
property float y
property float z
property uchar red
property uchar green
property uchar blue
element face 0
property list uchar int vertex_indices
end_header
end_header
0.15489527583122253 0.3359375 0.7265625 255 192 127
0.15625 0.3432099223136902 0.71875 18 73 245
0.15625 0.3515625 0.7428246140480042 1 64 254
0.1640625 0.3292848765850067 0.7421875 3 65 253
0.1609797179698944 0.3515625 0.703125 246 187 131
0.1640625 0.35902678966522217 0.7265625 74 101 217
0.1640625 0.4133789837360382 0.6015625 0 64 254
0.1640625 0.421875 0.6230361461639404 18 73 245
0.1640625 0.4979265034198761 0.5703125 4 66 252
0.16585040092468262 0.328125 0.7109375 15 71 247
0.1669783890247345 0.3359375 0.6953125 3 65 253
0.171875 0.3515625 0.6846824288368225 241 185 134
0.16437652707099915 0.359375 0.7265625 252 190 128
0.171875 0.3670199513435364 0.7265625 40 84 234
0.171875 0.38312897086143494 0.78125 4 66 252
0.171875 0.39656320214271545 0.765625 174 151 167
0.171875 0.4010646939277649 0.6015625 4 66 252
0.171875 0.40625 0.633242666721344 5 66 252
0.16449612379074097 0.40625 0.7734375 0 64 254
0.171875 0.4085235595703125 0.640625 7 67 251
0.171875 0.4140625 0.7660028338432312 33 80 238
0.171875 0.421875 0.6466856598854065 165 147 172
0.1674654632806778 0.4296875 0.59375 6 67 251
0.171875 0.4375 0.5981860756874084 75 101 217
0.171875 0.44262900948524475 0.625 29 78 240
0.16699914634227753 0.484375 0.5546875 26 77 241
0.16615450382232666 0.4921875 0.5546875 0 64 254
0.1642572581768036 0.5 0.5625 3 65 253
0.17042884230613708 0.515625 0.4140625 31 79 239
0.171875 0.5185845494270325 0.4140625 62 95 223
0.1796875 0.3086225688457489 0.7265625 120 124 194
0.1796875 0.31265658140182495 0.734375 255 192 127
0.17689594626426697 0.328125 0.75 255 192 127
0.17334800958633423 0.3515625 0.6796875 30 79 239
0.1730445921421051 0.3671875 0.6953125 142 135 183
0.1796875 0.3671875 0.779687762260437 232 180 138
0.1796875 0.3671875 0.815560519695282 73 100 218
0.1796875 0.375 0.7372640371322632 164 146 172
0.17242814600467682 0.375 0.8046875 255 192 127
0.1796875 0.3828125 0.7216020822525024 8 68 250
0.1796875 0.3828125 0.815579891204834 35 81 237
0.17312851548194885 0.390625 0.7265625 21 74 244
0.17426706850528717 0.390625 0.8046875 44 86 232
0.17602764070034027 0.3984375 0.6640625 5 66 252
0.1725698560476303 0.3984375 0.734375 0 64 254
0.1796875 0.39872947335243225 0.59375 47 87 231
0.17398209869861603 0.40625 0.6484375 255 192 127
0.17604151368141174 0.40625 0.703125 210 169 149
0.17285127937793732 0.4140625 0.6484375 46 87 231
0.1796875 0.4140625 0.7474364042282104 25 76 242
0.1749570667743683 0.421875 0.65625 1 64 254
0.1721412092447281 0.421875 0.71875 53 90 228
0.1769399344921112 0.4296875 0.53125 1 64 254
0.17796958982944489 0.4296875 0.65625 6 67 251
0.17574581503868103 0.4296875 0.71875 69 98 220
0.17764806747436523 0.4375 0.5234375 0 64 254
0.1727898120880127 0.4375 0.640625 1 64 254
0.1796875 0.4365546405315399 0.71875 228 178 140
0.1796875 0.4453125 0.5436114072799683 0 64 255
0.1796875 0.4453125 0.6488345265388489 11 69 249
0.17293505370616913 0.453125 0.515625 0 64 254
0.1796875 0.44554078578948975 0.6484375 18 73 245
0.1796875 0.4609375 0.5080132484436035 0 64 255
0.17624050378799438 0.46875 0.515625 0 64 254
0.1796875 0.46419060230255127 0.5703125 0 64 255
0.17264233529567719 0.4765625 0.546875 2 65 253
0.17187511920928955 0.484375 0.5859375 7 67 251
0.1796875 0.4921875 0.5314726829528809 5 66 252
0.17942771315574646 0.5 0.4375 80 104 214
0.1796875 0.49789389967918396 0.6328125 8 68 250
0.1796875 0.5078125 0.44339272379875183 2 65 253
0.17930835485458374 0.5078125 0.640625 1 64 254
0.17732906341552734 0.515625 0.5859375 2 65 253
0.1796875 0.5234375 0.4441097378730774 13 70 248
0.1796875 0.5212951302528381 0.53125 1 64 254
0.1796875 0.5234375 0.6461954116821289 0 64 254
0.17761920392513275 0.53125 0.4375 3 65 253
0.1796875 0.53125 0.5416542291641235 0 64 254
0.17667058110237122 0.53125 0.65625 2 65 253
0.1796875 0.5390625 0.503081738948822 1 64 254
0.17587076127529144 0.5390625 0.65625 5 66 252
0.17214322090148926 0.546875 0.5234375 0 64 254
0.1796875 0.546875 0.6509886980056763 1 64 254
0.1742384284734726 0.5546875 0.546875 18 73 245
0.1796875 0.5625 0.5481314063072205 7 67 251
0.1767646223306656 0.578125 0.6015625 87 107 211
0.18258357048034668 0.28125 0.7421875 51 89 229
0.1875 0.2890625 0.7483656406402588 3 65 253
0.1875 0.296875 0.7405624985694885 232 180 138
0.1813516616821289 0.3125 0.703125 6 67 251
0.18019454181194305 0.3203125 0.7421875 224 176 142
0.1875 0.3359375 0.7571932077407837 6 67 251
0.18078088760375977 0.3515625 0.671875 1 64 254
0.1875 0.359375 0.6577500104904175 1 64 254
0.1824265420436859 0.3671875 0.53125 0 64 254
0.1875 0.3654274642467499 0.65625 10 69 249
0.1875 0.35969793796539307 0.7890625 255 192 127
0.1875 0.37096309661865234 0.5703125 0 64 255
0.18352332711219788 0.375 0.703125 130 129 189
0.1875 0.372626394033432 0.8203125 17 72 246
0.1875 0.3828125 0.4690277874469757 192 160 158
0.1875 0.3779844641685486 0.671875 223 176 143
0.18279008567333221 0.3828125 0.75 7 67 251
0.1875 0.390625 0.5280301570892334 6 67 251
0.1812751442193985 0.390625 0.7109375 0 64 254
0.181711807847023 0.3984375 0.5390625 219 174 145
0.1875 0.39783844351768494 0.59375 0 64 254
0.1875 0.391528844833374 0.6796875 27 77 241
0.1830625981092453 0.40625 0.4609375 53 90 228
0.18398073315620422 0.40625 0.5546875 24 76 242
0.1875 0.4037059545516968 0.625 14 71 247
0.18157918751239777 0.4140625 0.484375 85 106 212
0.18436558544635773 0.4140625 0.5234375 6 67 251
0.18043476343154907 0.4140625 0.75 181 154 164
0.1828923225402832 0.421875 0.4140625 4 66 252
0.1801338493824005 0.421875 0.5078125 4 66 252
0.1875 0.41466405987739563 0.5703125 5 66 252
0.1875 0.421875 0.7671655416488647 29 78 240
0.18120458722114563 0.4296875 0.421875 14 71 247
0.18585234880447388 0.4296875 0.484375 2 65 253
0.1865188330411911 0.4296875 0.5625 3 65 253
0.1875 0.42779746651649475 0.78125 102 115 203
0.1826082020998001 0.4375 0.4375 30 79 239
0.184336856007576 0.4375 0.5 4 66 252
0.1797531694173813 0.4375 0.6875 1 64 254
0.18038660287857056 0.4453125 0.40625 7 67 251
0.1875 0.4453125 0.4811132550239563 0 64 254
0.1875 0.4377683103084564 0.59375 2 65 253
0.18181777000427246 0.4453125 0.734375 30 79 239
0.18009093403816223 0.453125 0.453125 5 66 252
0.1875 0.453125 0.5774535536766052 0 64 255
0.1797315925359726 0.453125 0.6875 0 64 254
0.18135428428649902 0.4609375 0.40625 0 64 254
0.18084052205085754 0.4609375 0.46875 0 64 254
0.1875 0.45897191762924194 0.6328125 19 73 245
0.1808454990386963 0.4609375 0.703125 6 67 251
0.1875 0.46875 0.41985923051834106 35 81 237
0.1875 0.46875 0.5048402547836304 0 64 254
0.18123924732208252 0.46875 0.671875 4 66 252
0.1875 0.46957555413246155 0.3984375 0 64 255
0.18047446012496948 0.4765625 0.59375 2 65 253
0.1823125034570694 0.4765625 0.6875 25 76 242
0.1875 0.4796667993068695 0.375 0 64 254
0.18621443212032318 0.484375 0.515625 0 64 255
0.1841496229171753 0.484375 0.6953125 42 85 233
0.1875 0.4921875 0.38866937160491943 0 64 254
0.18224243819713593 0.4921875 0.5234375 1 64 254
0.18066012859344482 0.4921875 0.6328125 2 65 253
0.1846531182527542 0.4921875 0.6875 17 72 246
0.1875 0.49821484088897705 0.3828125 0 64 254
0.18190377950668335 0.5 0.515625 0 64 254
0.18016965687274933 0.5 0.6484375 2 65 253
0.18025149405002594 0.5078125 0.4453125 5 66 252
0.18284885585308075 0.5078125 0.5 0 64 255
0.1801428347826004 0.5078125 0.625 0 64 254
0.1875 0.5084404349327087 0.453125 0 64 254
0.17969302833080292 0.515625 0.5078125 0 64 254
0.1800566166639328 0.515625 0.6328125 0 64 254
0.1875 0.5234375 0.45347461104393005 0 64 254
0.1875 0.5234375 0.5547695755958557 0 64 254
0.1875 0.5202974677085876 0.671875 0 64 254
0.18153996765613556 0.53125 0.4765625 0 64 254
0.1875 0.53125 0.5794609785079956 0 64 254
0.18528349697589874 0.5390625 0.3828125 1 64 254
0.1875 0.5331333875656128 0.4609375 0 64 255
0.1875 0.5390625 0.554718554019928 0 64 254
0.18635571002960205 0.546875 0.375 0 64 254
0.1875 0.546875 0.4271469712257385 0 64 254
0.1803973913192749 0.546875 0.5 0 64 254
0.18345578014850616 0.546875 0.6640625 3 65 253
0.18040136992931366 0.5546875 0.453125 0 64 254
0.18737836182117462 0.5546875 0.609375 57 92 226
0.1875 0.561561644077301 0.4375 0 64 254
0.18080300092697144 0.5625 0.5 0 64 254
0.1875 0.5623654723167419 0.625 20 74 244
0.1875 0.5632126331329346 0.421875 5 66 252
0.18445126712322235 0.5703125 0.5 3 65 253
0.1875 0.5703125 0.5828939080238342 2 65 253
0.1875 0.5627613663673401 0.6484375 0 64 254
0.1875 0.5735107660293579 0.515625 2 65 253
0.1799444854259491 0.5859375 0.4296875 0 64 254
0.1875 0.5859375 0.613490104675293 2 65 253
0.1875 0.5927753448486328 0.5859375 109 118 200
0.18023087084293365 0.6015625 0.4375 1 64 254
0.1875 0.609375 0.41426900029182434 0 64 254
0.18144597113132477 0.6171875 0.4375 0 64 255
0.1875 0.626797616481781 0.4296875 0 64 255
0.1953125 0.2742987275123596 0.734375 0 64 254
0.19158507883548737 0.296875 0.6796875 3 65 253
0.18816600739955902 0.3046875 0.6875 101 114 204
0.1953125 0.3125 0.7473220229148865 0 64 254
0.1953125 0.3359375 0.6661677956581116 3 65 253
0.1953125 0.3515625 0.5362963080406189 0 64 254
0.1953125 0.3441446125507355 0.65625 14 71 247
0.1953125 0.359375 0.4895972013473511 0 64 254
0.18923009932041168 0.359375 0.5546875 0 64 254
0.1935453712940216 0.359375 0.7890625 224 176 142
0.19218100607395172 0.3671875 0.4296875 0 64 254
0.1953125 0.36691752076148987 0.4765625 1 64 254
0.18805013597011566 0.3671875 0.5625 0 64 254
0.1953125 0.3671875 0.7651360630989075 53 90 228
0.18865136802196503 0.375 0.4453125 83 106 213
0.1924586296081543 0.375 0.5078125 0 64 255
0.1883944422006607 0.375 0.6328125 7 67 251
0.1953125 0.37588784098625183 0.3359375 3 65 253
0.18967048823833466 0.3828125 0.4765625 2 65 253
0.18925288319587708 0.3828125 0.625 2 65 253
0.1928974986076355 0.3828125 0.6953125 137 132 186
0.1953125 0.390625 0.36462876200675964 0 64 254
0.19004835188388824 0.390625 0.484375 14 71 247
0.1910947859287262 0.390625 0.625 39 83 235
0.1953125 0.390625 0.6743011474609375 8 68 250
0.1953125 0.3984375 0.37828975915908813 8 68 250
0.19003528356552124 0.3984375 0.53125 95 112 207
0.1953125 0.39775046706199646 0.625 1 64 254
0.1953125 0.40004321932792664 0.375 5 66 252
0.1894407719373703 0.40625 0.4921875 47 88 231
0.19286705553531647 0.40625 0.8125 0 64 254
0.1953125 0.40877237915992737 0.390625 0 64 254
0.1953125 0.40627604722976685 0.5 94 111 207
0.1953125 0.4140625 0.565308690071106 144 136 182
0.1953125 0.421875 0.37915539741516113 0 64 254
0.19464386999607086 0.421875 0.5625 11 69 249
0.18930745124816895 0.4296875 0.3828125 0 64 254
0.1953125 0.4296875 0.7539033889770508 16 72 246
0.1953125 0.4375 0.3759385049343109 0 64 255
0.1953125 0.43522146344184875 0.7890625 163 146 173
0.1953125 0.44266435503959656 0.6015625 2 65 253
0.19146692752838135 0.453125 0.4921875 0 64 255
0.1953125 0.4543035924434662 0.375 0 64 255
0.1953125 0.4609375 0.5856174230575562 1 64 254
0.19036954641342163 0.46875 0.390625 0 64 255
0.19092439115047455 0.46875 0.5 0 64 254
0.1875179260969162 0.46875 0.7421875 255 192 127
0.18900148570537567 0.4765625 0.390625 0 64 254
0.1878109723329544 0.4765625 0.46875 0 64 254
0.1953125 0.4765625 0.6118524670600891 11 69 249
0.18755988776683807 0.484375 0.390625 0 64 254
0.1953125 0.48384013772010803 0.46875 219 174 145
0.1953125 0.47716084122657776 0.6328125 232 180 138
0.1902056634426117 0.4921875 0.359375 0 64 254
0.1953125 0.490692138671875 0.5 0 64 255
0.1953125 0.5 0.35435548424720764 0 64 254
0.1949092596769333 0.5 0.46875 0 64 254
0.18765322864055634 0.5 0.609375 0 64 254
0.19231492280960083 0.5 0.71875 251 190 129
0.190665140748024 0.5078125 0.3984375 21 74 244
0.1953125 0.5066861510276794 0.6796875 13 70 248
0.1953125 0.515625 0.3615282475948334 0 64 254
0.19125495851039886 0.515625 0.671875 2 65 253
0.18914829194545746 0.5234375 0.3984375 0 64 254
0.19386158883571625 0.53125 0.359375 0 64 254
0.1893967241048813 0.53125 0.5625 0 64 254
0.1881527602672577 0.5390625 0.3984375 0 64 254
0.1953125 0.5448852777481079 0.359375 1 64 254
0.1953125 0.542618989944458 0.578125 0 64 254
0.193826362490654 0.5546875 0.40625 0 64 254
0.1953125 0.5546875 0.6648808717727661 1 64 254
0.1953125 0.554853618144989 0.421875 45 87 232
0.1953125 0.5571948289871216 0.59375 1 64 254
0.1953125 0.5699549913406372 0.375 0 64 254
0.1953125 0.5703125 0.4650975167751312 0 64 254
0.1953125 0.5703125 0.579490065574646 0 64 254
0.1953125 0.578125 0.3657107353210449 0 64 254
0.1953125 0.5775873064994812 0.4765625 2 65 253
0.19285833835601807 0.578125 0.6171875 6 67 251
0.19186116755008698 0.5859375 0.40625 0 64 254
0.1953125 0.5822996497154236 0.515625 0 64 254
0.19176094233989716 0.59375 0.390625 1 64 254
0.18893232941627502 0.59375 0.5078125 0 64 255
0.1953125 0.6015625 0.3724086880683899 0 64 254
0.1953125 0.6015625 0.5197120904922485 0 64 254
0.1953125 0.6091843247413635 0.390625 6 67 251
0.1918635070323944 0.6171875 0.4140625 0 64 254
0.1953125 0.6171875 0.6092678308486938 0 64 254
0.1953125 0.6171875 0.6438886523246765 0 64 254
0.19510124623775482 0.625 0.5625 0 64 254
0.1953125 0.6202970743179321 0.6484375 1 64 254
0.1953125 0.6328125 0.5975737571716309 0 64 254
0.19372381269931793 0.640625 0.6171875 0 64 255
0.1953125 0.641944944858551 0.640625 0 64 254
0.20201534032821655 0.2890625 0.6796875 255 192 127
0.20000417530536652 0.3046875 0.65625 0 64 254
0.19907709956169128 0.3125 0.65625 48 88 230
0.203125 0.31699100136756897 0.75 1 64 254
0.203125 0.33448633551597595 0.546875 0 64 254
0.1984298676252365 0.3359375 0.7109375 54 91 227
0.203125 0.3359375 0.7850399613380432 255 192 127
0.203125 0.34271785616874695 0.5625 0 64 254
0.1957898736000061 0.34375 0.71875 15 72 247
0.203125 0.33951738476753235 0.796875 80 104 214
0.203125 0.3515625 0.44251108169555664 4 66 252
0.203125 0.34783369302749634 0.5703125 0 64 254
0.20154084265232086 0.3515625 0.7109375 255 192 127
0.203125 0.3515625 0.800500750541687 81 105 214
0.203125 0.359375 0.4161652624607086 0 64 254
0.19532553851604462 0.359375 0.5078125 0 64 255
0.203125 0.35576963424682617 0.6328125 74 101 217
0.19736026227474213 0.359375 0.78125 48 88 230
0.203125 0.3671875 0.3540753722190857 2 65 253
0.203125 0.3671875 0.5846733450889587 2 65 253
0.203125 0.375 0.3176097869873047 2 65 253
0.19764243066310883 0.375 0.421875 21 74 244
0.203125 0.3828125 0.31700077652931213 0 64 254
0.203125 0.3828125 0.4158053994178772 0 64 254
0.19814945757389069 0.390625 0.3203125 0 64 255
0.19586895406246185 0.390625 0.4296875 0 64 254
0.2023724615573883 0.390625 0.828125 22 75 243
0.1955319195985794 0.3984375 0.3828125 19 73 245
0.19557683169841766 0.3984375 0.5 1 64 254
0.203125 0.3982822000980377 0.65625 0 64 254
0.19631746411323547 0.40625 0.2890625 255 192 127
0.197068989276886 0.40625 0.34375 0 64 254
0.203125 0.40625 0.4215506911277771 36 82 236
0.203125 0.39867836236953735 0.65625 2 65 253
0.19658344984054565 0.4140625 0.3046875 23 75 243
0.203125 0.4140625 0.367934912443161 0 64 254
0.1996389627456665 0.4140625 0.5546875 10 69 249
0.19579878449440002 0.421875 0.2890625 0 64 255
0.203125 0.41465070843696594 0.3671875 0 64 254
0.203125 0.421875 0.8125755786895752 47 87 231
0.19570806622505188 0.4296875 0.328125 1 64 254
0.203125 0.42323678731918335 0.4453125 0 64 254
0.203125 0.4296875 0.8044877052307129 11 69 249
0.203125 0.4375 0.3182963728904724 3 65 253
0.203125 0.4375 0.6453542709350586 0 64 254
0.19759848713874817 0.4375 0.7578125 235 182 137
0.203125 0.4453125 0.2981274425983429 19 73 245
0.19739146530628204 0.4453125 0.59375 8 68 250
0.203125 0.4453125 0.6811686158180237 0 64 254
0.203125 0.4387494921684265 0.8046875 255 192 127
0.19621199369430542 0.453125 0.3671875 0 64 255
0.203125 0.453125 0.679729163646698 3 66 253
0.203125 0.453125 0.8110814690589905 49 89 230
0.203125 0.4542103111743927 0.609375 5 66 252
0.20050644874572754 0.4609375 0.7890625 51 89 229
0.19556522369384766 0.46875 0.375 0 64 254
0.203125 0.46126869320869446 0.75 25 76 242
0.19784918427467346 0.4765625 0.4453125 0 64 255
0.20142021775245667 0.484375 0.3359375 1 64 254
0.198177307844162 0.484375 0.4765625 56 92 226
0.20177637040615082 0.4921875 0.3359375 0 64 254
0.203125 0.4882604777812958 0.484375 0 64 254
0.203125 0.49775975942611694 0.28125 1 64 254
0.203125 0.4931848347187042 0.484375 1 64 254
0.203125 0.5049909353256226 0.2734375 168 148 170
0.203125 0.5076137185096741 0.6015625 0 64 254
0.1996745765209198 0.515625 0.2734375 24 76 242
0.203125 0.5141691565513611 0.609375 1 64 254
0.203125 0.5144634246826172 0.71875 255 192 127
0.20157909393310547 0.5234375 0.3359375 0 64 254
0.203125 0.5179246068000793 0.6875 4 66 252
0.203125 0.5177660584449768 0.7421875 0 64 254
0.203125 0.531000554561615 0.328125 1 64 254
0.1998462826013565 0.53125 0.71875 14 71 247
0.1955110877752304 0.5390625 0.3515625 11 69 249
0.203125 0.5390625 0.7139111161231995 68 98 220
0.19641833007335663 0.546875 0.5625 6 67 251
0.203125 0.5460079312324524 0.7265625 255 192 127
0.203125 0.5483641624450684 0.5703125 0 64 254
0.203125 0.5625 0.3461913764476776 0 64 254
0.203125 0.5625 0.5872711539268494 1 64 254
0.203125 0.5625 0.7221454977989197 9 68 250
0.19592499732971191 0.5703125 0.4453125 17 72 246
0.203125 0.5664680600166321 0.5625 0 64 255
0.203125 0.5670245885848999 0.6796875 5 66 252
0.203125 0.5747964978218079 0.34375 1 64 254
0.19821718335151672 0.578125 0.46875 1 64 254
0.203125 0.578125 0.5442924499511719 2 65 253
0.203125 0.578125 0.6683973670005798 0 64 254
0.203125 0.5859375 0.3516509234905243 3 65 253
0.203125 0.5857826471328735 0.4921875 206 167 151
0.203125 0.5859375 0.5757431387901306 177 153 166
0.203125 0.5859375 0.687605082988739 0 64 254
0.203125 0.59375 0.49328628182411194 68 98 220
0.203125 0.5908858180046082 0.625 0 64 254
0.203125 0.6015625 0.3601253926753998 0 64 254
0.203125 0.5969418287277222 0.546875 0 64 254
0.19621068239212036 0.6015625 0.6015625 1 64 254
0.19557972252368927 0.609375 0.375 0 64 254
0.20053274929523468 0.609375 0.5234375 2 65 253
0.203125 0.6080955862998962 0.5859375 1 64 254
0.203125 0.6081258058547974 0.640625 5 66 252
0.203125 0.6159316301345825 0.40625 1 64 254
0.1960756927728653 0.6171875 0.5390625 0 64 254
0.19818226993083954 0.6171875 0.6484375 252 190 128
0.203125 0.625 0.4159459173679352 1 64 254
0.19594824314117432 0.625 0.5703125 1 64 254
0.203125 0.6299165487289429 0.421875 5 66 252
0.1957465410232544 0.6328125 0.5546875 1 64 254
0.19611652195453644 0.640625 0.53125 0 64 254
0.19751089811325073 0.640625 0.59375 0 64 254
0.2022746056318283 0.6484375 0.5546875 0 64 254
0.19649864733219147 0.6484375 0.6328125 1 64 254
0.203125 0.65625 0.5511758923530579 0 64 254
0.20003309845924377 0.65625 0.6484375 0 64 254
0.203125 0.6591793298721313 0.6171875 0 64 254
0.2109375 0.27432331442832947 0.71875 255 192 127
0.2109375 0.2890625 0.7477481961250305 67 98 221
0.2100094109773636 0.3046875 0.6328125 16 72 246
0.2053975760936737 0.3125 0.640625 3 65 253
0.20733682811260223 0.328125 0.53125 0 64 255
0.2109375 0.328125 0.6346496343612671 2 65 253
0.204974964261055 0.328125 0.7578125 0 64 254
0.2097192108631134 0.3359375 0.421875 0 64 254
0.2109375 0.3306846618652344 0.5546875 0 64 254
0.2109375 0.33140501379966736 0.6328125 4 66 252
0.2109375 0.3359375 0.7642685770988464 255 192 127
0.20499257743358612 0.34375 0.421875 0 64 254
0.2109375 0.3390234708786011 0.5703125 0 64 254
0.20483534038066864 0.34375 0.609375 7 67 251
0.20550347864627838 0.34375 0.6953125 6 67 251
0.2109375 0.3515625 0.33055195212364197 22 75 243
0.2109375 0.3515625 0.4964161217212677 27 77 241
0.20484668016433716 0.3515625 0.6171875 0 64 254
0.2109375 0.35078567266464233 0.75 0 64 254
0.2109375 0.3546662926673889 0.3203125 0 64 254
0.2109375 0.359375 0.45361974835395813 6 67 251
0.2085251361131668 0.359375 0.609375 0 64 254
0.20411129295825958 0.359375 0.71875 11 70 249
0.20730341970920563 0.359375 0.8046875 36 82 236
0.2109375 0.3671875 0.3135882318019867 0 64 254
0.20562288165092468 0.3671875 0.5859375 0 64 255
0.2085128128528595 0.3671875 0.703125 17 72 246
0.2109375 0.3671875 0.7613998055458069 1 64 254
0.2109375 0.3716573417186737 0.375 4 66 252
0.2109375 0.3741728663444519 0.5546875 1 64 254
0.20976601541042328 0.375 0.6953125 20 74 244
0.2109375 0.375 0.7616807818412781 36 82 236
0.2109375 0.38008248805999756 0.390625 4 66 252
0.2109375 0.37954074144363403 0.7109375 230 179 139
0.2108967900276184 0.3828125 0.7734375 255 192 127
0.2109375 0.390625 0.30268463492393494 35 81 237
0.2088838368654251 0.390625 0.7421875 197 163 156
0.2109375 0.3984375 0.27732765674591064 104 116 202
0.2106560617685318 0.3984375 0.7109375 3 65 253
0.2081729620695114 0.3984375 0.7734375 4 66 252
0.2109375 0.40107157826423645 0.703125 0 64 254
0.2109375 0.40625 0.7606659531593323 7 67 251
0.2109375 0.4140625 0.6844682693481445 0 64 254
0.2109375 0.4071730971336365 0.7734375 23 75 243
0.2109375 0.4212660491466522 0.625 0 64 254
0.20896385610103607 0.421875 0.6640625 0 64 254
0.2084837257862091 0.421875 0.71875 255 192 127
0.2109375 0.4296875 0.4328630268573761 0 64 254
0.20678769052028656 0.4296875 0.6953125 21 74 244
0.2109375 0.4375 0.271506130695343 10 69 249
0.20915450155735016 0.4375 0.703125 224 176 142
0.20433402061462402 0.4453125 0.3046875 7 67 251
0.2109375 0.44099897146224976 0.5234375 0 64 254
0.2107640951871872 0.4453125 0.71875 0 64 254
0.20670393109321594 0.453125 0.3046875 1 64 254
0.21091638505458832 0.453125 0.53125 0 64 254
0.21056045591831207 0.453125 0.703125 3 65 253
0.2109375 0.46087008714675903 0.28125 13 70 248
0.21039065718650818 0.4609375 0.5234375 11 70 249
0.20515525341033936 0.4609375 0.671875 47 87 231
0.20548880100250244 0.4609375 0.7578125 101 115 204
0.2109375 0.46875 0.3341279923915863 7 67 251
0.2109375 0.46875 0.6169742941856384 35 81 237
0.2109375 0.4610845446586609 0.703125 2 65 253
0.20470699667930603 0.46875 0.8125 108 118 200
0.2109375 0.4699249565601349 0.546875 1 64 254
0.2109375 0.47484949231147766 0.6796875 14 71 247
0.20879285037517548 0.4765625 0.7734375 152 140 178
0.2109375 0.4809032678604126 0.3203125 0 64 255
0.2109375 0.4785009026527405 0.6875 16 72 246
0.20772089064121246 0.484375 0.8125 8 68 250
0.2109375 0.48839038610458374 0.296875 0 64 254
0.2109375 0.4889885187149048 0.5390625 3 65 253
0.204779252409935 0.4921875 0.796875 31 80 239
0.2109375 0.4987359941005707 0.3125 0 64 255
0.2109375 0.5 0.7510170340538025 0 64 254
0.2109375 0.5014134049415588 0.265625 13 70 248
0.20908986032009125 0.5078125 0.59375 8 68 250
0.2109375 0.507610023021698 0.796875 2 65 253
0.20326347649097443 0.515625 0.3359375 11 69 249
0.2109375 0.5102074146270752 0.640625 1 64 254
0.2109375 0.5234375 0.2657874822616577 53 90 228
0.2109375 0.5234375 0.6026087403297424 20 74 244
0.20372819900512695 0.5234375 0.7109375 5 66 252
0.2109375 0.53125 0.31386932730674744 0 64 254
0.2109375 0.5243082642555237 0.6015625 255 192 127
0.2109375 0.53125 0.6882758140563965 0 64 254
0.20326702296733856 0.5390625 0.328125 1 64 254
0.20357462763786316 0.5390625 0.59375 6 67 251
0.2034820318222046 0.5390625 0.7109375 70 99 219
0.21002142131328583 0.546875 0.5 0 64 255
0.2109375 0.546875 0.6754442453384399 0 64 254
0.2109375 0.5501281023025513 0.3203125 0 64 254
0.2043388932943344 0.5546875 0.5703125 0 64 254
0.2109375 0.5546875 0.7332690954208374 37 83 236
0.2109375 0.560870349407196 0.578125 0 64 254
0.2032177597284317 0.5625 0.6953125 114 121 197
0.2042531669139862 0.5703125 0.5625 0 64 254
0.2109375 0.5703125 0.6503904461860657 4 66 252
0.2052084356546402 0.578125 0.4609375 1 64 254
0.2037261724472046 0.578125 0.6640625 0 64 255
0.20788468420505524 0.5859375 0.46875 1 64 254
0.2109375 0.5859375 0.6271176338195801 20 74 244
0.2109375 0.5891871452331543 0.328125 1 64 254
0.20338056981563568 0.59375 0.5390625 0 64 254
0.20332515239715576 0.59375 0.6796875 14 71 247
0.2109375 0.6015625 0.4747399389743805 10 69 249
0.20442251861095428 0.6015625 0.671875 1 64 254
0.20969682931900024 0.609375 0.5 89 108 210
0.2109375 0.6083559393882751 0.6953125 2 65 253
0.2109375 0.6097424030303955 0.6484375 207 167 151
0.2085122913122177 0.625 0.3984375 255 192 127
0.2109375 0.625 0.5025696754455566 3 65 253
0.2109375 0.6328125 0.38455986976623535 5 66 252
0.20627082884311676 0.6328125 0.4609375 0 64 255
0.20456530153751373 0.640625 0.4453125 1 64 254
0.206388458609581 0.640625 0.6640625 0 64 254
0.2109375 0.6484375 0.4748232066631317 0 64 254
0.20817212760448456 0.65625 0.4375 0 64 255
0.2109375 0.65625 0.4888229966163635 0 64 254
0.20366811752319336 0.65625 0.65625 0 64 254
0.20790673792362213 0.6640625 0.484375 0 64 255
0.2109375 0.6602386236190796 0.578125 0 64 254
0.2109375 0.6634876132011414 0.640625 1 64 254
0.20517976582050323 0.671875 0.4765625 2 65 253
0.2109375 0.6664291620254517 0.5625 2 65 253
0.2109375 0.6783944368362427 0.484375 11 69 249
0.2109375 0.6875 0.4768519103527069 8 68 250
0.21875 0.28125 0.725886881351471 30 79 239
0.21875 0.2859030067920685 0.734375 153 140 178
0.21875 0.2904517650604248 0.6640625 255 192 127
0.21875 0.3079320788383484 0.6171875 0 64 254
0.21875 0.3200165033340454 0.5390625 0 64 254
0.21875 0.3201200067996979 0.7109375 119 123 195
0.213822141289711 0.3203125 0.78125 0 64 254
0.21387560665607452 0.328125 0.3984375 0 64 254
0.21329626441001892 0.328125 0.5234375 0 64 255
0.21212956309318542 0.328125 0.625 12 70 248
0.21148690581321716 0.328125 0.7734375 0 64 254
0.2148544192314148 0.3359375 0.4375 1 64 254
0.21875 0.33405977487564087 0.515625 0 64 254
0.21875 0.32893264293670654 0.59375 0 64 254
0.21176689863204956 0.3359375 0.765625 0 64 254
0.21875 0.3384915590286255 0.4609375 0 64 254
0.21875 0.34375 0.6655665040016174 117 122 196
0.21720623970031738 0.3515625 0.3359375 7 67 251
0.21875 0.35139185190200806 0.4921875 1 64 254
0.21418872475624084 0.3515625 0.8046875 16 72 246
0.21875 0.3518335521221161 0.328125 27 77 241
0.21875 0.359375 0.4568292498588562 3 65 253
0.21875 0.3598179519176483 0.28125 31 79 239
0.21223919093608856 0.3671875 0.3984375 0 64 254
0.21875 0.3646899163722992 0.5625 0 64 254
0.21875 0.3671875 0.643714427947998 2 65 253
0.21875 0.3727186322212219 0.2734375 45 86 232
0.2183561772108078 0.375 0.53125 45 86 232
0.21875 0.375 0.6440081596374512 7 67 251
0.21875 0.36795681715011597 0.8125 2 65 253
0.21875 0.37581968307495117 0.53125 17 72 246
0.21875 0.3828125 0.6561733484268188 9 68 250
0.21266955137252808 0.3828125 0.7109375 13 70 248
0.21848571300506592 0.390625 0.546875 4 66 252
0.21779930591583252 0.390625 0.6875 0 64 254
0.21403935551643372 0.3984375 0.2734375 1 64 254
0.21417482197284698 0.3984375 0.6953125 0 64 255
0.21632032096385956 0.40625 0.6015625 1 64 254
0.21875 0.40625 0.6670212149620056 0 64 254
0.214665487408638 0.40625 0.8359375 34 81 237
0.2144361436367035 0.4140625 0.609375 10 69 249
0.21622130274772644 0.4140625 0.65625 0 64 254
0.21750614047050476 0.4140625 0.765625 51 90 229
0.21875 0.421875 0.5728780031204224 0 64 254
0.21816127002239227 0.421875 0.7421875 234 181 137
0.21409271657466888 0.4296875 0.4375 0 64 254
0.21875 0.4296875 0.5057691931724548 0 64 254
0.21875 0.42250534892082214 0.609375 1 64 254
0.21875 0.4375 0.2657300531864166 0 64 255
0.21564136445522308 0.4375 0.4765625 0 64 255
0.217352494597435 0.4375 0.53125 0 64 254
0.21875 0.43037745356559753 0.6171875 0 64 254
0.21875 0.438637375831604 0.265625 218 173 145
0.21875 0.4453125 0.42569056153297424 138 133 185
0.21159465610980988 0.4453125 0.53125 1 64 254
0.21875 0.4453125 0.729217529296875 155 142 177
0.21875 0.4518442451953888 0.3984375 5 66 252
0.2163139134645462 0.453125 0.484375 1 64 254
0.21791213750839233 0.453125 0.640625 44 86 232
0.21095876395702362 0.4609375 0.28125 6 67 251
0.21875 0.45373275876045227 0.4765625 30 79 239
0.21875 0.45460259914398193 0.5625 0 64 254
0.2164013832807541 0.4609375 0.734375 255 192 127
0.21875 0.46427813172340393 0.515625 109 119 200
0.2156606912612915 0.46875 0.6640625 1 64 254
0.21875 0.4725935459136963 0.5234375 144 136 182
0.2136981040239334 0.4765625 0.7109375 5 66 252
0.21875 0.4820219576358795 0.2890625 39 84 235
0.21875 0.4779399335384369 0.6640625 0 64 254
0.21875 0.484375 0.7281781435012817 255 192 127
0.21875 0.4921875 0.2664038836956024 145 136 182
0.21210840344429016 0.4921875 0.546875 105 116 202
0.21875 0.4921875 0.7146430015563965 53 91 228
0.21875 0.5 0.25975924730300903 0 64 254
0.21780450642108917 0.5 0.6328125 2 65 253
0.21875 0.5 0.7539301514625549 63 95 223
0.21875 0.5078125 0.42818358540534973 0 64 254
0.21638286113739014 0.5078125 0.5703125 5 66 252
0.21875 0.5078125 0.7814974188804626 46 87 231
0.21500587463378906 0.515625 0.4296875 1 64 254
0.21875 0.512787401676178 0.5703125 1 64 254
0.21875 0.5104606747627258 0.8046875 2 65 253
0.21875 0.5222933888435364 0.5078125 10 69 249
0.21875 0.5204585790634155 0.6484375 225 177 142
0.21875 0.5282728672027588 0.4375 0 64 255
0.21668925881385803 0.53125 0.484375 9 68 250
0.21875 0.5242671370506287 0.6484375 255 192 127
0.21600277721881866 0.5390625 0.3125 0 64 255
0.21273109316825867 0.5390625 0.484375 0 64 254
0.2135770171880722 0.5390625 0.6875 8 68 250
0.21875 0.546875 0.31379184126853943 2 65 253
0.21875 0.546875 0.5364074110984802 0 64 254
0.21188589930534363 0.546875 0.6953125 6 67 251
0.21875 0.5507045984268188 0.484375 6 67 251
0.21875 0.5474644899368286 0.625 19 73 245
0.21875 0.5625 0.3084212839603424 0 64 255
0.2111806422472 0.5703125 0.5703125 0 64 254
0.21875 0.5767990350723267 0.6328125 255 192 127
0.21275898814201355 0.5859375 0.65625 1 64 254
0.21156840026378632 0.59375 0.328125 0 64 254
0.21875 0.59375 0.7131001949310303 0 64 254
0.21875 0.6015625 0.4843583106994629 3 65 253
0.21309134364128113 0.6015625 0.703125 0 64 254
0.21614062786102295 0.609375 0.4765625 60 94 224
0.21875 0.609375 0.6651105284690857 1 64 254
0.21185438334941864 0.6171875 0.34375 0 64 254
0.21875 0.6171875 0.7010189890861511 0 64 254
0.21875 0.6198898553848267 0.5 217 173 146
0.21875 0.6305557489395142 0.3515625 0 64 254
0.21149583160877228 0.6328125 0.46875 0 64 255
0.21456243097782135 0.640625 0.359375 0 64 254
0.2118140012025833 0.640625 0.46875 0 64 254
0.21875 0.6484375 0.3550437390804291 0 64 254
0.21209873259067535 0.6484375 0.421875 1 64 254
0.21875 0.6524100303649902 0.359375 0 64 254
0.21875 0.65625 0.4155638813972473 0 64 254
0.21786223351955414 0.6640625 0.390625 11 69 249
0.21291299164295197 0.6640625 0.515625 3 65 253
0.2111467719078064 0.6640625 0.6328125 1 64 254
0.21875 0.671875 0.39006859064102173 0 64 254
0.21875 0.671875 0.5202512145042419 21 74 244
0.21875 0.6676501631736755 0.6484375 0 64 254
0.21875 0.6745654344558716 0.5234375 249 189 130
0.21875 0.6871695518493652 0.484375 23 75 243
0.21471494436264038 0.6953125 0.46875 1 64 254
0.2265625 0.2873895466327667 0.3671875 6 67 251
0.2265625 0.28294384479522705 0.7109375 58 93 225
0.2265625 0.296875 0.38714003562927246 0 64 254
0.2265625 0.296875 0.746833860874176 255 192 127
0.2204318791627884 0.3046875 0.6171875 0 64 254
0.21992278099060059 0.3125 0.609375 3 65 253
0.22547411918640137 0.3203125 0.296875 1 64 254
0.21942389011383057 0.3203125 0.390625 0 64 254
0.22284837067127228 0.3203125 0.4296875 0 64 254
0.22600798308849335 0.3203125 0.6640625 0 64 254
0.2265625 0.3135683238506317 0.7578125 2 65 253
0.2265625 0.328125 0.2901986837387085 7 67 251
0.2265625 0.328125 0.44205883145332336 4 66 252
0.2265625 0.328125 0.5238075256347656 0 64 254
0.2265625 0.32207828760147095 0.578125 0 64 254
0.2265625 0.322409451007843 0.71875 255 192 127
0.22651465237140656 0.3359375 0.3203125 3 65 253
0.2265625 0.33094096183776855 0.4609375 0 64 254
0.22519512474536896 0.3359375 0.5546875 13 70 248
0.2265625 0.3347988426685333 0.7421875 73 100 218
0.2265625 0.34375 0.3397546410560608 4 66 252
0.22444678843021393 0.34375 0.4453125 0 64 254
0.2265625 0.33738595247268677 0.65625 0 64 254
0.22376468777656555 0.3515625 0.3046875 6 67 251
0.22244489192962646 0.3515625 0.375 3 65 253
0.22540706396102905 0.3515625 0.6015625 0 64 254
0.22175432741641998 0.3515625 0.65625 255 192 127
0.2265625 0.3539479672908783 0.3203125 3 65 253
0.22396253049373627 0.359375 0.53125 18 73 245
0.2265625 0.3535935580730438 0.5859375 0 64 254
0.2222580462694168 0.359375 0.640625 0 64 254
0.2265625 0.3629858195781708 0.3671875 224 176 142
0.2265625 0.3637503385543823 0.5625 6 67 251
0.2265625 0.3671875 0.7752348780632019 39 84 235
0.22459782660007477 0.375 0.5078125 2 65 253
0.22200734913349152 0.375 0.625 2 65 253
0.2265625 0.3798062205314636 0.4296875 0 64 255
0.22255702316761017 0.3828125 0.5859375 3 65 253
0.2196027785539627 0.3828125 0.671875 3 65 253
0.21988922357559204 0.390625 0.265625 19 73 245
0.22360196709632874 0.390625 0.5859375 23 75 243
0.22066472470760345 0.390625 0.6640625 5 66 252
0.2265625 0.39364495873451233 0.5390625 18 73 245
0.21990783512592316 0.3984375 0.609375 0 64 254
0.2245357632637024 0.3984375 0.796875 255 192 127
0.22303815186023712 0.40625 0.578125 2 65 253
0.22554326057434082 0.40625 0.796875 80 104 214
0.22563377022743225 0.4140625 0.5625 2 65 253
0.2263120412826538 0.421875 0.359375 3 65 253
0.2265625 0.421875 0.49445319175720215 1 64 254
0.22446952760219574 0.421875 0.7578125 215 172 147
0.22655759751796722 0.4296875 0.3515625 3 65 253
0.22393454611301422 0.4296875 0.390625 1 64 254
0.2265625 0.4253896176815033 0.5 0 64 254
0.2265625 0.42740073800086975 0.5390625 0 64 254
0.22016532719135284 0.4296875 0.734375 42 85 233
0.2265625 0.4266495108604431 0.828125 8 68 250
0.21969331800937653 0.4375 0.390625 0 64 254
0.2265625 0.43282902240753174 0.609375 0 64 254
0.2255590558052063 0.4375 0.78125 1 64 254
0.22526484727859497 0.4453125 0.3828125 30 79 239
0.2258942574262619 0.4453125 0.625 0 64 254
0.2265625 0.4453125 0.8276956081390381 93 111 208
0.2251255214214325 0.453125 0.4296875 3 65 253
0.22531266510486603 0.453125 0.6328125 212 170 148
0.2265625 0.4470030963420868 0.828125 22 75 243
0.2265625 0.4609375 0.3993457555770874 0 64 254
0.2240827977657318 0.4609375 0.5078125 255 192 127
0.22333942353725433 0.4609375 0.78125 255 192 127
0.21932382881641388 0.46875 0.28125 4 66 252
0.2265625 0.4634639620780945 0.5078125 46 87 231
0.22555667161941528 0.46875 0.78125 49 89 230
0.2265625 0.47001913189888 0.296875 3 65 253
0.2235175222158432 0.4765625 0.6484375 1 64 254
0.2220120131969452 0.484375 0.28125 19 74 245
0.2265625 0.484375 0.5275938510894775 183 156 163
0.22379356622695923 0.484375 0.65625 4 66 252
0.2265625 0.4921875 0.2613363265991211 6 67 251
0.2265625 0.4896390438079834 0.59375 0 64 254
0.22552335262298584 0.4921875 0.65625 0 64 254
0.2265625 0.48954159021377563 0.765625 68 98 220
0.22390136122703552 0.5 0.375 0 64 254
0.22595274448394775 0.5 0.5859375 255 192 127
0.2265625 0.5 0.6554021239280701 0 64 254
0.2240661233663559 0.5 0.71875 1 64 254
0.2259862869977951 0.5078125 0.3671875 0 64 255
0.2265625 0.5078125 0.4386183023452759 11 69 249
0.2265625 0.5020718574523926 0.609375 2 65 253
0.22439044713974 0.5078125 0.71875 4 66 252
0.2265625 0.515625 0.25436559319496155 12 70 248
0.2265625 0.51371169090271 0.4453125 0 64 254
0.22074392437934875 0.515625 0.5703125 16 72 246
0.2265625 0.515625 0.7293949723243713 0 64 255
0.22414152324199677 0.5234375 0.375 0 64 254
0.2265625 0.5188902020454407 0.453125 2 65 253
0.22410015761852264 0.5234375 0.4921875 2 65 253
0.2265625 0.5234375 0.5573388338088989 0 64 254
0.22208453714847565 0.5234375 0.7265625 18 73 245
0.22212696075439453 0.53125 0.390625 6 67 251
0.22384676337242126 0.53125 0.5390625 0 64 255
0.2265625 0.53125 0.6480220556259155 73 101 218
0.2265625 0.5390625 0.26109540462493896 2 65 253
0.2265625 0.5355675220489502 0.4140625 0 64 254
0.2265625 0.5390625 0.6440048217773438 32 80 238
0.2265625 0.546875 0.2992812991142273 189 159 160
0.2218993455171585 0.546875 0.4453125 135 132 187
0.2265625 0.546875 0.6346650123596191 62 95 223
0.2265625 0.5546875 0.2660406231880188 3 65 253
0.2265625 0.5494025945663452 0.4453125 25 76 242
0.22133959829807281 0.5546875 0.5390625 0 64 254
0.2265625 0.5546875 0.7455729842185974 3 65 253
0.2265625 0.5555246472358704 0.484375 17 72 246
0.2265625 0.5563114881515503 0.546875 1 64 254
0.2265625 0.5667678117752075 0.53125 0 64 254
0.2265625 0.5773712396621704 0.6484375 52 90 228
0.2265625 0.5859375 0.42701563239097595 0 64 254
0.21884393692016602 0.59375 0.4296875 15 71 247
0.2265625 0.6015625 0.2895936667919159 0 64 254
0.22392667829990387 0.609375 0.296875 0 64 254
0.22152984142303467 0.6171875 0.3046875 1 64 254
0.2265625 0.6171875 0.5490925908088684 28 78 240
0.2265625 0.6171875 0.7064923644065857 0 64 254
0.2265625 0.625 0.4951273798942566 8 68 250
0.22653844952583313 0.625 0.578125 0 64 254
0.2265625 0.6186773180961609 0.6640625 0 64 254
0.2265625 0.6328125 0.3363061249256134 0 64 255
0.22615374624729156 0.6328125 0.546875 0 64 254
0.2265625 0.627673864364624 0.59375 12 70 248
0.22283758223056793 0.6328125 0.671875 226 177 141
0.2256944626569748 0.640625 0.328125 0 64 255
0.2265625 0.6329295039176941 0.5546875 1 64 254
0.2265625 0.6336573958396912 0.6328125 61 94 224
0.22585652768611908 0.6484375 0.3359375 0 64 255
0.2265625 0.6512441039085388 0.328125 0 64 255
0.2265625 0.6588112711906433 0.3515625 0 64 254
0.22005850076675415 0.6640625 0.421875 0 64 254
0.2265625 0.6640625 0.6743029356002808 1 64 254
0.2265625 0.671875 0.42990532517433167 5 66 252
0.22145894169807434 0.671875 0.59375 12 70 248
0.2265625 0.6669204235076904 0.671875 5 66 252
0.2265625 0.6752573847770691 0.5078125 0 64 254
0.2265625 0.6796875 0.5938504338264465 12 70 248
0.2205105721950531 0.6875 0.484375 27 77 241
0.22461077570915222 0.6875 0.625 4 66 252
0.2265625 0.6953125 0.6234416961669922 8 68 250
0.2265625 0.7033835649490356 0.4609375 2 65 253
0.234375 0.2890625 0.6841598153114319 3 65 253
0.234375 0.28646981716156006 0.7421875 255 192 127
0.234375 0.2933520972728729 0.6484375 0 64 254
0.234375 0.296875 0.7528332471847534 110 119 199
0.234375 0.29847410321235657 0.6328125 11 69 249
0.2335594743490219 0.3125 0.359375 3 65 253
0.227983757853508 0.3125 0.40625 0 64 254
0.23165196180343628 0.3125 0.4453125 0 64 254
0.234375 0.3125 0.71318519115448 57 92 226
0.23117278516292572 0.3125 0.796875 6 67 251
0.234375 0.3203125 0.3289117217063904 0 64 255
0.234375 0.32013797760009766 0.4921875 4 66 252
0.234375 0.313881516456604 0.59375 3 65 253
0.234375 0.31537917256355286 0.765625 129 128 190
0.234375 0.328125 0.33893099427223206 0 64 255
0.234375 0.328125 0.4571686089038849 0 64 254
0.23399502038955688 0.328125 0.53125 5 66 252
0.2293263077735901 0.328125 0.65625 4 66 252
0.22973741590976715 0.3359375 0.3359375 0 64 254
0.234375 0.3307027518749237 0.5234375 1 64 254
0.234375 0.33160072565078735 0.7421875 7 67 251
0.234375 0.3359375 0.8139051198959351 33 80 238
0.2284856140613556 0.34375 0.5078125 1 64 254
0.234375 0.3413066864013672 0.6171875 0 64 254
0.2277933955192566 0.34375 0.8125 144 136 182
0.234375 0.3478151857852936 0.5859375 29 78 240
0.234375 0.359375 0.283814013004303 4 66 252
0.234375 0.359375 0.7773162722587585 181 155 164
0.23313291370868683 0.3671875 0.4296875 2 65 253
0.234375 0.3671875 0.7788335680961609 114 121 197
0.22822119295597076 0.375 0.4296875 0 64 255
0.22868674993515015 0.375 0.828125 43 85 233
0.234375 0.3828125 0.34868675470352173 223 176 143
0.22886237502098083 0.3828125 0.4921875 6 67 251
0.234375 0.38360363245010376 0.3359375 1 64 254
0.234375 0.3881702125072479 0.4453125 4 66 252
0.234375 0.3881743848323822 0.5234375 1 64 254
0.234375 0.39634937047958374 0.3515625 1 64 254
0.23130859434604645 0.3984375 0.4375 9 68 250
0.23434318602085114 0.3984375 0.4921875 16 72 246
0.234375 0.3984375 0.8448517322540283 43 85 233
0.234375 0.40625 0.3905180096626282 0 64 254
0.2317558228969574 0.40625 0.484375 0 64 254
0.22917044162750244 0.4140625 0.2578125 7 67 251
0.234375 0.4086727499961853 0.3984375 0 64 254
0.2272312045097351 0.4140625 0.484375 1 64 254
0.234375 0.4139416813850403 0.8359375 0 64 254
0.22744397819042206 0.421875 0.390625 3 65 253
0.234375 0.4188064932823181 0.5 18 73 245
0.234375 0.421875 0.8006759285926819 101 114 204
0.234375 0.42266350984573364 0.5078125 16 72 246
0.23112989962100983 0.4296875 0.828125 6 67 251
0.23189011216163635 0.4375 0.5859375 1 64 254
0.234375 0.4375 0.8294832110404968 24 76 242
0.234375 0.44508323073387146 0.4453125 1 64 254
0.23339802026748657 0.4453125 0.609375 0 64 254
0.22714251279830933 0.453125 0.2578125 255 192 127
0.22699925303459167 0.453125 0.453125 10 69 249
0.23209138214588165 0.453125 0.7578125 98 113 205
0.234375 0.45421305298805237 0.375 99 114 205
0.234375 0.4554206132888794 0.4609375 237 183 136
0.2309279590845108 0.4609375 0.6328125 6 67 251
0.2280663549900055 0.46875 0.265625 6 67 251
0.234375 0.46875 0.438935786485672 255 192 127
0.234375 0.46875 0.6293715834617615 0 64 255
0.234375 0.4762949049472809 0.2734375 0 64 254
0.23271140456199646 0.4765625 0.4140625 1 64 254
0.234375 0.47584742307662964 0.59375 0 64 254
0.234375 0.47285234928131104 0.75 157 142 176
0.234375 0.4765625 0.8352422714233398 83 106 213
0.234375 0.484375 0.39082425832748413 4 66 252
0.2335004061460495 0.484375 0.6015625 0 64 254
0.234375 0.484375 0.7877997159957886 255 192 127
0.234375 0.4851434826850891 0.265625 174 151 167
0.23095069825649261 0.4921875 0.390625 0 64 254
0.234375 0.4852920472621918 0.609375 0 64 254
0.234375 0.4921875 0.831314206123352 39 83 235
0.23238356411457062 0.5 0.40625 0 64 254
0.22728906571865082 0.5 0.65625 1 64 254
0.234375 0.4963306784629822 0.828125 224 176 142
0.23063869774341583 0.5078125 0.40625 0 64 254
0.22757956385612488 0.5078125 0.609375 3 65 253
0.234375 0.5078125 0.7310474514961243 5 66 252
0.234375 0.5141006708145142 0.3359375 0 64 255
0.23187780380249023 0.515625 0.4609375 70 99 219
0.234375 0.515625 0.5972015857696533 2 65 253
0.234375 0.515625 0.6980640292167664 162 145 173
0.234375 0.5151054263114929 0.8046875 15 71 247
0.234375 0.5189709663391113 0.484375 110 119 199
0.234375 0.5234375 0.6565365195274353 1 64 254
0.234375 0.515654981136322 0.796875 3 65 253
0.22874221205711365 0.53125 0.5703125 255 192 127
0.23357678949832916 0.53125 0.7109375 0 64 254
0.234375 0.5390625 0.35789740085601807 2 65 253
0.23396560549736023 0.5390625 0.578125 207 168 151
0.234375 0.5382440090179443 0.734375 84 106 212
0.234375 0.546875 0.37510591745376587 0 64 254
0.234375 0.5395039916038513 0.5703125 25 76 242
0.234375 0.546875 0.7143415808677673 9 68 250
0.22967122495174408 0.5546875 0.3046875 0 64 255
0.22759754955768585 0.5546875 0.4296875 1 64 254
0.234375 0.5546875 0.6087182760238647 181 155 164
0.234375 0.5546875 0.7538179159164429 133 130 188
0.23368342220783234 0.5625 0.4140625 0 64 254
0.234375 0.5566830635070801 0.4921875 230 179 139
0.234375 0.5554352402687073 0.625 255 192 127
0.234375 0.5703125 0.30532875657081604 0 64 254
0.234375 0.5703125 0.41395288705825806 11 69 249
0.22944676876068115 0.5703125 0.5390625 1 64 254
0.234375 0.5680546760559082 0.7421875 8 68 250
0.22919003665447235 0.578125 0.3671875 0 64 254
0.23173688352108002 0.578125 0.5234375 1 64 254
0.22851359844207764 0.578125 0.6484375 220 174 144
0.23100189864635468 0.578125 0.7265625 0 64 254
0.234375 0.5794385671615601 0.2890625 149 138 180
0.2338697612285614 0.5859375 0.40625 36 82 236
0.23370972275733948 0.5859375 0.546875 0 64 254
0.23379342257976532 0.5859375 0.671875 1 64 254
0.22700341045856476 0.59375 0.2734375 0 64 254
0.23410673439502716 0.59375 0.3984375 9 68 250
0.23073004186153412 0.59375 0.5234375 0 64 254
0.234375 0.5864518880844116 0.640625 5 66 252
0.234375 0.6015625 0.2559557259082794 0 64 254
0.229695126414299 0.6015625 0.390625 4 66 252
0.2330813705921173 0.6015625 0.5390625 1 64 254
0.234375 0.6015625 0.6110984683036804 8 68 250
0.22732225060462952 0.609375 0.2890625 0 64 254
0.234375 0.609375 0.415505588054657 255 192 127
0.2318914234638214 0.609375 0.5625 23 75 243
0.22894351184368134 0.6171875 0.265625 0 64 254
0.234375 0.6171875 0.527221143245697 255 192 127
0.234375 0.6171875 0.5873522162437439 34 81 237
0.22890605032444 0.625 0.2734375 2 65 253
0.234375 0.617495596408844 0.5859375 63 95 223
0.23063145577907562 0.6328125 0.28125 4 66 252
0.234375 0.6328125 0.5267402529716492 255 192 127
0.234375 0.640625 0.2946227192878723 1 64 254
0.234375 0.6367452144622803 0.5703125 1 64 254
0.2306060642004013 0.640625 0.6796875 0 64 254
0.234375 0.6440626978874207 0.546875 0 64 254
0.234375 0.6446153521537781 0.6953125 0 64 254
0.234375 0.6624566316604614 0.3125 5 66 252
0.234375 0.6640625 0.6320401430130005 10 69 249
0.23062799870967865 0.671875 0.4296875 0 64 254
0.22932448983192444 0.671875 0.6640625 4 66 252
0.234375 0.6753214001655579 0.421875 0 64 254
0.234375 0.6792853474617004 0.5390625 59 93 225
0.234375 0.6796875 0.6482327580451965 3 65 253
0.22666023671627045 0.6875 0.4375 0 64 254
0.234375 0.681783139705658 0.5546875 86 107 211
0.234375 0.6797996759414673 0.6484375 2 65 253
0.234375 0.6953125 0.5205503702163696 37 82 236
0.2270321249961853 0.6953125 0.6171875 9 68 250
0.2269120216369629 0.703125 0.453125 9 68 250
0.2313338667154312 0.703125 0.546875 27 77 241
0.22693423926830292 0.703125 0.6328125 5 66 252
0.234375 0.7109375 0.47013941407203674 255 192 127
0.23264481127262115 0.7109375 0.5703125 0 64 254
0.234375 0.7118960022926331 0.46875 1 64 254
0.234375 0.71875 0.6152399778366089 13 70 248
0.234375 0.7239624857902527 0.6328125 2 65 253
0.2421875 0.2802260220050812 0.3828125 4 66 252
0.2421875 0.2890625 0.3544013202190399 3 65 253
0.2421875 0.2890625 0.5911874175071716 0 64 254
0.2345537692308426 0.2890625 0.734375 51 89 229
0.23793961107730865 0.296875 0.578125 0 64 254
0.2421875 0.2920611798763275 0.7109375 18 73 245
0.2371993362903595 0.3046875 0.40625 0 64 254
0.23561106622219086 0.3046875 0.4375 0 64 254
0.23702314496040344 0.3046875 0.5703125 9 68 250
0.2421875 0.2983351945877075 0.6484375 0 64 254
0.24170780181884766 0.3125 0.3515625 1 64 254
0.2421875 0.3049672544002533 0.5 11 69 249
0.2421875 0.3125 0.5597551465034485 34 81 237
0.2421875 0.3094678521156311 0.6875 0 64 254
0.2421875 0.3125 0.7744640707969666 255 192 127
0.2421875 0.3203125 0.3353762924671173 0 64 254
0.2421875 0.3134884834289551 0.4765625 15 71 247
0.2421875 0.3127994239330292 0.5859375 0 64 254
0.2421875 0.3192897140979767 0.765625 28 78 240
0.23453651368618011 0.328125 0.53125 0 64 254
0.2421875 0.32589802145957947 0.640625 225 177 142
0.23664650321006775 0.3359375 0.28125 0 64 254
0.2421875 0.3328384459018707 0.609375 9 68 250
0.2421875 0.3306513726711273 0.8125 2 65 253
0.2421875 0.34375 0.5835095643997192 2 65 253
0.24126680195331573 0.3515625 0.4140625 1 64 254
0.2421875 0.3476402163505554 0.828125 22 75 243
0.2421875 0.3542225658893585 0.4296875 8 68 250
0.2421875 0.35748064517974854 0.53125 74 101 217
0.2421875 0.359375 0.782383382320404 148 138 180
0.2387867569923401 0.3671875 0.484375 2 65 253
0.237411767244339 0.3671875 0.78125 255 192 127
0.2421875 0.3734804391860962 0.34375 77 102 216
0.23572079837322235 0.375 0.78125 1 64 254
0.2421875 0.3828125 0.40456056594848633 0 64 254
0.2421875 0.390625 0.24617472290992737 0 64 254
0.2421875 0.390625 0.4042150378227234 0 64 255
0.23981007933616638 0.390625 0.515625 118 123 195
0.24073253571987152 0.3984375 0.3359375 1 64 254
0.2418150007724762 0.3984375 0.3984375 0 64 255
0.23866146802902222 0.3984375 0.53125 198 163 155
0.2421875 0.40625 0.29179075360298157 5 66 252
0.2362574338912964 0.40625 0.4296875 18 73 245
0.23733794689178467 0.40625 0.84375 4 66 252
0.2421875 0.4140625 0.34017008543014526 1 64 254
0.2421875 0.41300228238105774 0.5078125 0 64 254
0.23449282348155975 0.4140625 0.8359375 14 71 247
0.2421875 0.421875 0.3430821895599365 6 67 251
0.23801009356975555 0.421875 0.8046875 10 69 249
0.2421875 0.4231915771961212 0.34375 6 67 251
0.2421875 0.4296875 0.8065199851989746 3 65 253
0.2421875 0.43426352739334106 0.4296875 7 67 251
0.2421875 0.4453125 0.246848925948143 14 71 247
0.2421875 0.4453125 0.8329189419746399 0 64 254
0.2421875 0.453125 0.8060324788093567 0 64 255
0.2418537139892578 0.4609375 0.4609375 200 164 154
0.2391865849494934 0.4609375 0.609375 4 66 252
0.2417023777961731 0.46875 0.375 2 65 253
0.23916535079479218 0.46875 0.59375 0 64 254
0.23579959571361542 0.4765625 0.2734375 0 64 254
0.2367366999387741 0.4765625 0.4375 15 71 247
0.24016526341438293 0.4765625 0.7578125 255 192 127
0.2421875 0.4830881655216217 0.2421875 2 65 253
0.2421875 0.484375 0.3436243236064911 0 64 254
0.2421875 0.484375 0.5207733511924744 21 74 244
0.23744143545627594 0.484375 0.8046875 2 65 253
0.23740790784358978 0.4921875 0.4375 1 64 254
0.2421875 0.48689794540405273 0.78125 255 192 127
0.2421875 0.4933386743068695 0.3359375 0 64 254
0.2421875 0.4958610534667969 0.8359375 21 74 244
0.2421875 0.5060079097747803 0.4609375 255 192 127
0.2421875 0.5064451098442078 0.828125 187 158 161
0.2421875 0.514159083366394 0.4765625 9 68 250
0.24095509946346283 0.515625 0.671875 56 92 226
0.2396932989358902 0.515625 0.7734375 231 180 139
0.2421875 0.5166481733322144 0.3203125 0 64 255
0.2421875 0.5234375 0.7392606735229492 0 64 254
0.23936234414577484 0.5234375 0.8203125 65 96 222
0.24186764657497406 0.53125 0.6953125 27 77 241
0.24189844727516174 0.53125 0.796875 26 77 241
0.2421875 0.5390625 0.3394968509674072 37 82 236
0.23699180781841278 0.5390625 0.7734375 97 113 206
0.2408422976732254 0.546875 0.359375 0 64 255
0.2421875 0.546875 0.5909759402275085 52 90 228
0.23854854702949524 0.546875 0.7734375 255 192 127
0.23459696769714355 0.5546875 0.4140625 4 66 252
0.24159011244773865 0.5546875 0.6015625 153 140 178
0.2393275797367096 0.5546875 0.7578125 44 86 232
0.2421875 0.5625 0.3486167788505554 1 64 254
0.2421875 0.5573866963386536 0.453125 21 74 244
0.2421875 0.5557449460029602 0.5625 0 64 254
0.24177098274230957 0.5625 0.65625 95 111 207
0.2421875 0.5625 0.7531800866127014 11 69 249
0.2421875 0.5703125 0.3314732313156128 2 65 253
0.2421875 0.5639644861221313 0.4453125 2 65 253
0.2421875 0.5650110244750977 0.6015625 3 65 253
0.2421875 0.5672653317451477 0.671875 23 75 243
0.23654700815677643 0.5703125 0.7421875 1 64 254
0.23448918759822845 0.578125 0.3828125 7 68 251
0.2410014420747757 0.578125 0.5546875 0 64 254
0.23652923107147217 0.578125 0.6640625 21 74 244
0.2421875 0.5783293843269348 0.265625 44 86 232
0.24131238460540771 0.5859375 0.4375 99 113 205
0.2421875 0.5859375 0.5770378708839417 168 148 170
0.2421875 0.5859375 0.6978104710578918 0 64 254
0.2421875 0.59375 0.32641127705574036 0 64 255
0.23844031989574432 0.59375 0.5625 29 78 240
0.2344273179769516 0.59375 0.6875 0 64 254
0.2421875 0.6015625 0.3504444360733032 0 64 254
0.23974905908107758 0.6015625 0.5703125 10 69 249
0.2421875 0.6015625 0.6725984811782837 1 64 254
0.24165290594100952 0.609375 0.375 14 71 247
0.2421875 0.609375 0.4465040862560272 255 192 127
0.23820851743221283 0.609375 0.625 175 151 167
0.2421875 0.6171875 0.2508162260055542 4 66 252
0.2421875 0.613499104976654 0.4453125 255 192 127
0.2421875 0.6243869066238403 0.2578125 26 77 241
0.2421875 0.6328125 0.26850035786628723 1 64 254
0.24145767092704773 0.640625 0.2890625 0 64 254
0.23484671115875244 0.640625 0.703125 0 64 254
0.2421875 0.6484375 0.4609740674495697 182 155 163
0.23741191625595093 0.6484375 0.59375 4 66 252
0.2421875 0.6468933820724487 0.703125 1 64 254
0.2421875 0.6547374725341797 0.609375 28 78 240
0.23538090288639069 0.6640625 0.3359375 1 64 254
0.2421875 0.6709445118904114 0.34375 1 64 254
0.2421875 0.6796875 0.355557918548584 0 64 254
0.2421875 0.6780478954315186 0.5078125 0 64 254
0.2421875 0.6780565977096558 0.671875 4 66 252
0.24087604880332947 0.6875 0.4921875 1 64 254
0.2421875 0.6875 0.556287407875061 60 94 224
0.2421875 0.6935933828353882 0.40625 5 66 252
0.23888152837753296 0.6953125 0.5546875 55 91 227
0.237774059176445 0.703125 0.4375 0 64 254
0.2421875 0.6988181471824646 0.6015625 147 138 181
0.2421875 0.7109375 0.4814556837081909 209 169 150
0.2421875 0.7109375 0.6542795300483704 0 64 254
0.23577933013439178 0.71875 0.5390625 34 81 237
0.2421875 0.7259961366653442 0.5390625 0 64 254
0.23534925282001495 0.7265625 0.625 2 65 253
0.2421875 0.732170581817627 0.6328125 1 64 254
0.25 0.26847270131111145 0.546875 3 65 253
0.25 0.27096498012542725 0.703125 23 75 243
0.25 0.28125 0.3601783514022827 0 64 254
0.24421758949756622 0.28125 0.5546875 1 64 254
0.24735824763774872 0.28125 0.59375 2 65 253
0.2487155944108963 0.28125 0.703125 20 74 244
0.25 0.2890625 0.4030989408493042 1 64 254
0.25 0.2890625 0.6073456406593323 3 65 253
0.24318456649780273 0.2890625 0.7578125 115 121 197
0.25 0.296875 0.5125049352645874 29 78 240
0.25 0.296875 0.761492908000946 111 119 199
0.24413993954658508 0.3046875 0.4453125 0 64 254
0.2438686490058899 0.3046875 0.5234375 10 69 249
0.25 0.3046875 0.6094499826431274 2 65 253
0.25 0.303364098072052 0.7109375 0 64 254
0.25 0.30120089650154114 0.7890625 5 66 252
0.25 0.30549779534339905 0.328125 1 64 254
0.25 0.3066920340061188 0.46875 1 64 254
0.25 0.30727440118789673 0.6171875 36 82 236
0.24589601159095764 0.3125 0.734375 106 117 201
0.25 0.30475521087646484 0.796875 30 79 239
0.24227409064769745 0.3203125 0.5390625 1 64 254
0.2474803477525711 0.3203125 0.75 19 73 245
0.25 0.32196083664894104 0.5546875 0 64 254
0.24730424582958221 0.3359375 0.265625 0 64 254
0.25 0.3340248167514801 0.4140625 65 96 222
0.25 0.33021411299705505 0.625 27 77 241
0.24808229506015778 0.34375 0.3984375 2 65 253
0.24971869587898254 0.34375 0.4921875 10 69 249
0.25 0.344872385263443 0.265625 7 67 251
0.25 0.3515625 0.4388464689254761 23 75 243
0.25 0.35120680928230286 0.5234375 32 80 238
0.24363522231578827 0.359375 0.28125 4 66 252
0.24434985220432281 0.359375 0.5 0 64 254
0.25 0.35278117656707764 0.5625 4 66 252
0.24800090491771698 0.3671875 0.328125 0 64 254
0.25 0.3665410280227661 0.390625 0 64 254
0.24380989372730255 0.3671875 0.8359375 5 66 252
0.24680711328983307 0.375 0.3984375 0 64 254
0.25 0.37633079290390015 0.2578125 7 67 251
0.25 0.3828125 0.39094361662864685 0 64 255
0.25 0.3828125 0.7984230518341064 91 109 209
0.25 0.3831772208213806 0.390625 0 64 255
0.24908685684204102 0.3984375 0.296875 0 64 254
0.2424529790878296 0.3984375 0.5234375 150 139 179
0.24828827381134033 0.40625 0.3046875 0 64 254
0.25 0.4140625 0.24228069186210632 0 64 254
0.2439158707857132 0.4140625 0.8125 8 68 250
0.25 0.4214009642601013 0.3125 0 64 254
0.24962298572063446 0.4296875 0.28125 0 64 255
0.24351418018341064 0.4296875 0.4453125 5 66 252
0.25 0.43492165207862854 0.3125 0 64 254
0.25 0.4453125 0.28822943568229675 15 71 247
0.25 0.44258415699005127 0.8046875 29 78 240
0.25 0.453125 0.8054645657539368 140 134 184
0.25 0.4609375 0.8072466850280762 0 64 254
0.2497226744890213 0.46875 0.4609375 6 67 251
0.25 0.46875 0.812589168548584 1 64 254
0.25 0.4765625 0.34175947308540344 2 65 253
0.25 0.484375 0.23240254819393158 6 67 251
0.24427111446857452 0.484375 0.7734375 91 110 209
0.25 0.4893019497394562 0.453125 67 98 221
0.24955306947231293 0.4921875 0.78125 104 116 202
0.24567489326000214 0.5 0.328125 1 64 254
0.24379347264766693 0.5 0.734375 1 64 254
0.24976012110710144 0.5078125 0.234375 2 65 253
0.25 0.5042004585266113 0.5078125 65 96 222
0.24986045062541962 0.515625 0.28125 0 64 254
0.25 0.5111278295516968 0.3125 3 65 253
0.24564476311206818 0.515625 0.828125 33 81 238
0.24272260069847107 0.5234375 0.6640625 255 192 127
0.247162327170372 0.53125 0.2421875 0 64 254
0.24864163994789124 0.53125 0.6875 3 65 253
0.24793344736099243 0.5390625 0.328125 0 64 254
0.25 0.5390625 0.7443288564682007 2 65 253
0.25 0.5426679253578186 0.25 21 74 244
0.24784350395202637 0.546875 0.65625 6 67 251
0.25 0.5429153442382812 0.8046875 65 96 222
0.24975742399692535 0.5546875 0.5859375 27 77 241
0.24506568908691406 0.5546875 0.7265625 11 69 249
0.25 0.5625 0.3277246057987213 31 79 239
0.25 0.5555036067962646 0.5859375 105 116 202
0.24678188562393188 0.5625 0.671875 17 72 246
0.25 0.5585397481918335 0.7734375 54 91 227
0.25 0.567814826965332 0.4765625 136 132 186
0.24951298534870148 0.5703125 0.625 1 64 254
0.25 0.5640977025032043 0.7578125 8 68 250
0.24336491525173187 0.578125 0.4375 0 64 254
0.24911506474018097 0.578125 0.578125 255 192 127
0.24793623387813568 0.578125 0.7109375 3 65 253
0.24806220829486847 0.5859375 0.3203125 1 64 254
0.24705351889133453 0.5859375 0.65625 62 95 223
0.24565184116363525 0.59375 0.3203125 0 64 254
0.25 0.59375 0.6562010645866394 1 64 254
0.24547342956066132 0.6015625 0.3203125 0 64 254
0.24824006855487823 0.6015625 0.6328125 144 136 182
0.25 0.6015625 0.7262943387031555 0 64 254
0.25 0.6085084080696106 0.359375 35 81 237
0.25 0.6041582226753235 0.6796875 3 65 253
0.24657127261161804 0.6171875 0.3828125 2 65 253
0.25 0.6171875 0.4479895234107971 0 64 254
0.25 0.625 0.381713330745697 47 87 231
0.24607355892658234 0.625 0.5078125 18 73 245
0.25 0.6328125 0.39797693490982056 122 125 193
0.24844986200332642 0.6328125 0.453125 1 64 254
0.25 0.640625 0.26423320174217224 2 65 253
0.25 0.6365907788276672 0.390625 159 143 175
0.25 0.640625 0.4876050353050232 25 76 242
0.25 0.6484375 0.2598735988140106 0 64 254
0.25 0.6484375 0.4502533972263336 36 82 236
0.25 0.6416978240013123 0.515625 2 65 253
0.25 0.6484375 0.5647714734077454 42 85 233
0.24429289996623993 0.65625 0.265625 3 65 253
0.25 0.6508729457855225 0.453125 32 80 238
0.25 0.65625 0.5766677260398865 255 192 127
0.25 0.6534459590911865 0.6953125 0 64 254
0.24504916369915009 0.6640625 0.4609375 44 86 232
0.24987412989139557 0.6640625 0.609375 0 64 254
0.25 0.671875 0.30061954259872437 0 64 255
0.25 0.671875 0.679617702960968 102 115 203
0.2427019476890564 0.6796875 0.421875 0 64 254
0.25 0.6868148446083069 0.3203125 3 65 253
0.24426358938217163 0.6875 0.5 0 64 254
0.25 0.6953125 0.3781636357307434 5 66 252
0.24933525919914246 0.6953125 0.5 255 192 127
0.2484867423772812 0.703125 0.4140625 24 76 242
0.25 0.6971029043197632 0.59375 2 65 253
0.25 0.7109375 0.40746116638183594 42 85 233
0.24328964948654175 0.7109375 0.6015625 162 145 173
0.25 0.71875 0.4514096975326538 17 72 246
0.25 0.7121850252151489 0.5859375 6 67 251
0.24875593185424805 0.7265625 0.53125 85 106 212
0.25 0.7265625 0.6470012664794922 14 71 247
0.25 0.7318019270896912 0.6015625 0 64 254
0.25 0.7384698390960693 0.5546875 31 79 239
0.2578125 0.2588166892528534 0.5234375 1 64 254
0.2578125 0.2631402611732483 0.6796875 84 106 212
0.2553361654281616 0.2734375 0.3359375 30 79 239
0.2578125 0.2734375 0.5243493318557739 16 72 246
0.2578125 0.2712712287902832 0.6640625 1 64 254
0.2543376088142395 0.28125 0.328125 0 64 254
0.2578125 0.27419885993003845 0.3671875 0 64 255
0.2578125 0.27688372135162354 0.6015625 0 64 254
0.2578125 0.2738393545150757 0.65625 0 64 254
0.25464534759521484 0.2890625 0.34375 2 65 253
0.2578125 0.28789153695106506 0.53125 7 67 251
0.2535254955291748 0.2890625 0.640625 5 66 252
0.2578125 0.2890625 0.7793625593185425 255 192 127
0.2535165250301361 0.296875 0.40625 1 64 254
0.2540747821331024 0.296875 0.484375 4 66 252
0.2578125 0.2956489026546478 0.5390625 12 70 248
0.2578125 0.296875 0.6997026801109314 106 117 201
0.2578125 0.2909150719642639 0.78125 255 192 127
0.2578125 0.3046875 0.29225656390190125 7 67 251
0.2578125 0.3046875 0.45752638578414917 16 72 246
0.2578125 0.3046875 0.5466395616531372 61 94 224
0.25149160623550415 0.3046875 0.6953125 0 64 254
0.25522130727767944 0.3046875 0.75 0 64 255
0.2578125 0.3125 0.2713070213794708 7 67 251
0.25099024176597595 0.3125 0.546875 3 65 253
0.2578125 0.3125 0.767288327217102 0 64 254
0.2578125 0.3203125 0.6468212008476257 74 101 217
0.2578125 0.3278273046016693 0.3984375 23 75 243
0.2578125 0.3274063169956207 0.609375 17 72 246
0.2517738938331604 0.3359375 0.2578125 6 67 251
0.2578125 0.3359375 0.4281783103942871 255 192 127
0.2578125 0.3359375 0.5098482370376587 3 65 253
0.2539392113685608 0.34375 0.2578125 2 65 253
0.2578125 0.3430361747741699 0.46875 0 64 254
0.2578125 0.34375 0.524966835975647 4 66 252
0.2578125 0.34827905893325806 0.2578125 70 99 219
0.2578125 0.3510962128639221 0.3515625 0 64 254
0.2578125 0.3515625 0.4499640166759491 255 192 127
0.2578125 0.34834182262420654 0.5390625 0 64 254
0.2578125 0.3515625 0.8344517350196838 42 85 233
0.2578125 0.3551015257835388 0.3359375 0 64 254
0.2561004161834717 0.359375 0.453125 3 65 253
0.2578125 0.3671875 0.3192717134952545 1 64 254
0.25521034002304077 0.3671875 0.46875 77 103 216
0.252138614654541 0.375 0.3671875 56 92 226
0.2578125 0.375 0.8077512383460999 7 67 251
0.25142088532447815 0.3828125 0.4609375 14 71 247
0.2503758370876312 0.390625 0.3203125 0 64 254
0.2578125 0.3984375 0.8137747049331665 0 64 255
0.2578125 0.40625 0.8519488573074341 8 68 250
0.2578125 0.421875 0.24064014852046967 0 64 255
0.2578125 0.42596369981765747 0.2421875 1 64 254
0.2578125 0.4296102821826935 0.84375 255 192 127
0.2578125 0.43484175205230713 0.8359375 255 192 127
0.2578125 0.4453125 0.829962968826294 12 70 248
0.2544775903224945 0.453125 0.8046875 0 64 254
0.2578125 0.4550406038761139 0.8046875 0 64 255
0.2540469765663147 0.46875 0.3359375 0 64 254
0.2578125 0.4765625 0.23089273273944855 0 64 254
0.2578125 0.4714101254940033 0.4921875 15 71 247
0.25684136152267456 0.484375 0.4609375 1 64 254
0.25696828961372375 0.4921875 0.46875 57 93 226
0.2578125 0.5 0.22733362019062042 1 64 254
0.2512266933917999 0.5 0.7421875 5 66 252
0.2578125 0.5 0.8019545674324036 255 192 127
0.2542036771774292 0.5078125 0.4921875 49 88 230
0.2506778836250305 0.515625 0.234375 0 64 254
0.2578125 0.5118051767349243 0.3125 8 68 250
0.2566353976726532 0.5234375 0.296875 152 140 178
0.2578125 0.5255499482154846 0.3046875 5 66 252
0.2578125 0.5309625267982483 0.828125 0 64 254
0.2557355761528015 0.5390625 0.75 0 64 254
0.25065216422080994 0.546875 0.2578125 2 65 253
0.2578125 0.546875 0.7879998683929443 8 68 250
0.2578125 0.5546875 0.2631632685661316 2 65 253
0.2578125 0.5494658350944519 0.8125 255 192 127
0.2578125 0.5573482513427734 0.734375 3 65 253
0.2578125 0.5703125 0.3182295858860016 2 65 253
0.2533895969390869 0.5703125 0.640625 63 95 223
0.2578125 0.5746857523918152 0.2421875 110 119 199
0.2578125 0.5748741626739502 0.484375 111 120 199
0.2549901306629181 0.578125 0.75 0 64 254
0.2578125 0.582074761390686 0.46875 21 74 244
0.2555195391178131 0.5859375 0.7109375 0 64 254
0.2578125 0.59375 0.3068085312843323 11 69 249
0.2541491687297821 0.59375 0.6484375 204 166 152
0.2578125 0.6013806462287903 0.296875 5 66 252
0.25084853172302246 0.6015625 0.5 104 116 202
0.2503475546836853 0.6015625 0.7265625 0 64 254
0.25411278009414673 0.609375 0.3125 0 64 254
0.2578125 0.609375 0.49462881684303284 242 185 133
0.2578125 0.609375 0.6963487267494202 66 97 221
0.2578125 0.6171875 0.3062564730644226 23 75 243
0.2578125 0.6171875 0.3646577000617981 1 64 254
0.2578125 0.6119908094406128 0.7265625 0 64 254
0.2578125 0.625 0.3690018951892853 32 80 238
0.2578125 0.625 0.7241435050964355 0 64 254
0.25320565700531006 0.6328125 0.4140625 3 65 253
0.2578125 0.6328125 0.6353422403335571 255 192 127
0.2578125 0.6346330642700195 0.359375 0 64 254
0.25401413440704346 0.640625 0.46875 178 153 165
0.2578125 0.6414218544960022 0.2578125 19 73 245
0.2578125 0.6408776640892029 0.4296875 95 111 207
0.25510990619659424 0.6484375 0.53125 12 70 248
0.2578125 0.65625 0.2518153190612793 0 64 254
0.2567785978317261 0.65625 0.453125 0 64 254
0.2578125 0.6538310050964355 0.5390625 103 115 203
0.2578125 0.6540601849555969 0.6328125 27 77 241
0.2578125 0.6640625 0.2956865727901459 0 64 255
0.2576834559440613 0.6640625 0.578125 92 110 208
0.25328919291496277 0.6640625 0.6953125 5 66 252
0.2578125 0.6718335151672363 0.2890625 0 64 254
0.25757288932800293 0.671875 0.609375 32 80 238
0.25727173686027527 0.6796875 0.265625 1 64 254
0.2578125 0.6768695712089539 0.6171875 28 78 240
0.2504497766494751 0.6875 0.3203125 2 65 253
0.25573378801345825 0.6953125 0.3046875 0 64 254
0.2508975863456726 0.6953125 0.375 5 66 252
0.2549377679824829 0.703125 0.3359375 0 64 254
0.25559577345848083 0.703125 0.5 255 192 127
0.2578125 0.703125 0.6868311166763306 5 66 252
0.25492534041404724 0.7109375 0.4140625 48 88 230
0.2534785866737366 0.7109375 0.65625 24 76 242
0.2578125 0.71875 0.3656749725341797 0 64 254
0.2578125 0.71875 0.4379006326198578 0 64 255
0.2503618597984314 0.71875 0.671875 5 66 252
0.2578125 0.7265625 0.40327200293540955 1 64 254
0.2578125 0.7265625 0.5251652598381042 115 121 197
0.2525152862071991 0.7265625 0.6796875 0 64 255
0.2578125 0.7310386300086975 0.59375 1 64 254
0.2578125 0.734375 0.6517748236656189 2 65 253
0.2578125 0.7347220182418823 0.5625 164 146 172
0.26340916752815247 0.21875 0.515625 0 64 254
0.265625 0.2265625 0.5291087031364441 42 85 233
0.25862857699394226 0.2421875 0.515625 107 117 201
0.26118189096450806 0.25 0.5390625 18 73 245
0.265625 0.25938209891319275 0.5546875 0 64 255
0.265625 0.26334765553474426 0.7421875 29 78 240
0.2589247524738312 0.2734375 0.34375 255 192 127
0.265625 0.2734375 0.395065575838089 0 64 254
0.265625 0.26834946870803833 0.578125 1 64 254
0.265625 0.27296555042266846 0.6484375 18 73 245
0.2623399794101715 0.2734375 0.765625 67 98 221
0.265625 0.2777452766895294 0.421875 5 66 252
0.265625 0.28125 0.5117890238761902 2 65 253
0.25793248414993286 0.28125 0.6328125 4 66 252
0.265625 0.2824157774448395 0.3203125 0 64 254
0.265625 0.2890625 0.4580686092376709 73 101 218
0.26022183895111084 0.2890625 0.515625 17 72 246
0.265625 0.2859780788421631 0.78125 255 192 127
0.2627761960029602 0.296875 0.453125 0 64 255
0.265625 0.2933104932308197 0.6875 0 64 254
0.265625 0.2938134968280792 0.75 6 67 251
0.2585597634315491 0.3046875 0.3125 1 64 254
0.265625 0.3046875 0.6479294896125793 200 164 154
0.265625 0.30283403396606445 0.7578125 6 67 251
0.265625 0.30708491802215576 0.765625 2 65 253
0.265625 0.3203125 0.4133670926094055 7 67 251
0.265625 0.3197520673274994 0.515625 7 67 251
0.265625 0.3195897340774536 0.6171875 1 64 254
0.2628020644187927 0.3203125 0.8125 73 100 218
0.2607477903366089 0.328125 0.3828125 0 64 255
0.26066306233406067 0.328125 0.4921875 0 64 254
0.265625 0.32087767124176025 0.5859375 6 67 251
0.2642078101634979 0.328125 0.828125 136 132 186
0.25951072573661804 0.3359375 0.4296875 247 188 131
0.2640020549297333 0.3359375 0.53125 1 64 254
0.265625 0.33042657375335693 0.828125 3 65 253
0.265625 0.34375 0.33100441098213196 14 71 247
0.2631036043167114 0.34375 0.4609375 0 64 254
0.265625 0.34375 0.5594671368598938 16 72 246
0.265625 0.3470313847064972 0.3359375 5 66 252
0.26546305418014526 0.359375 0.2578125 21 74 244
0.265625 0.36653414368629456 0.265625 4 66 252
0.265625 0.375 0.31417316198349 0 64 255
0.265625 0.3828125 0.30794212222099304 0 64 255
0.265625 0.390625 0.8134582042694092 3 65 253
0.265625 0.40625 0.2341717928647995 0 64 254
0.265625 0.4140625 0.8190193176269531 14 71 247
0.265625 0.421875 0.8514269590377808 3 65 253
0.265625 0.4375 0.2429131418466568 0 64 254
0.2590593099594116 0.4453125 0.28125 0 64 254
0.26178035140037537 0.453125 0.296875 76 102 216
0.265625 0.4596167802810669 0.3046875 26 77 241
0.265625 0.46706855297088623 0.8125 0 64 254
0.26313239336013794 0.4765625 0.484375 132 130 188
0.26311880350112915 0.484375 0.4765625 0 64 254
0.2589520215988159 0.4921875 0.328125 17 72 246
0.265625 0.4909304082393646 0.8125 255 192 127
0.265625 0.5 0.2737969160079956 5 66 252
0.2592898905277252 0.5 0.78125 4 66 252
0.265625 0.5078125 0.2627566158771515 0 64 254
0.264132559299469 0.5078125 0.78125 2 65 253
0.265625 0.5123620629310608 0.2890625 222 175 143
0.265625 0.5125396847724915 0.796875 0 64 255
0.26356521248817444 0.5234375 0.765625 0 64 254
0.26325246691703796 0.53125 0.3046875 70 99 219
0.265625 0.5390625 0.3103426992893219 32 80 238
0.265625 0.5415216088294983 0.3125 3 65 253
0.265625 0.5443755388259888 0.8203125 8 68 250
0.265625 0.5546875 0.7438977360725403 4 66 252
0.265625 0.5622503161430359 0.2578125 187 158 161
0.26185116171836853 0.5625 0.7890625 61 94 224
0.265625 0.5663211941719055 0.734375 1 64 254
0.265625 0.5703292489051819 0.25 5 66 252
0.265625 0.5767343044281006 0.78125 255 192 127
0.2636149525642395 0.5859375 0.484375 40 84 234
0.265625 0.59375 0.22440703213214874 1 64 254
0.265625 0.5893027782440186 0.71875 4 66 252
0.265625 0.6001129746437073 0.2890625 4 66 252
0.26552775502204895 0.6015625 0.7109375 1 64 254
0.265625 0.603718638420105 0.46875 62 95 223
0.265625 0.609375 0.6732050180435181 5 66 252
0.265625 0.6171875 0.2889125645160675 0 64 254
0.2603934407234192 0.6171875 0.4921875 70 99 219
0.265625 0.6125622987747192 0.703125 30 79 239
0.265625 0.6212092041969299 0.296875 1 64 254
0.25918975472450256 0.625 0.3671875 59 93 225
0.26322197914123535 0.625 0.7265625 0 64 254
0.265625 0.6328125 0.322710782289505 5 66 252
0.265625 0.6300155520439148 0.640625 4 66 252
0.2607452869415283 0.640625 0.3984375 16 72 246
0.265625 0.6484375 0.39251989126205444 255 192 127
0.265625 0.6484375 0.6440230011940002 50 89 229
0.265625 0.65625 0.3506067991256714 0 64 255
0.26522648334503174 0.65625 0.4453125 0 64 254
0.26021936535835266 0.65625 0.5390625 74 101 217
0.265625 0.6577550768852234 0.359375 0 64 254
0.265625 0.6589958667755127 0.4921875 0 64 254
0.2644508481025696 0.6640625 0.6328125 33 80 238
0.265625 0.6650287508964539 0.453125 42 85 233
0.265625 0.6661242246627808 0.578125 47 88 231
0.265625 0.671875 0.7098706960678101 2 65 253
0.2594182789325714 0.6796875 0.4609375 13 70 248
0.25848373770713806 0.6796875 0.6796875 10 69 249
0.265625 0.6856666207313538 0.2734375 0 64 254
0.25863760709762573 0.6875 0.6796875 0 64 254
0.265625 0.6953125 0.2898615300655365 0 64 255
0.2639194130897522 0.703125 0.2578125 0 64 254
0.25986045598983765 0.703125 0.5078125 0 64 254
0.2584318220615387 0.7109375 0.3359375 0 64 254
0.265625 0.7109375 0.5120622515678406 1 64 254
0.25844433903694153 0.71875 0.359375 0 64 255
0.2649464011192322 0.71875 0.578125 74 101 217
0.265625 0.726352334022522 0.3671875 9 68 250
0.25832605361938477 0.7265625 0.453125 2 65 253
0.265625 0.7253358960151672 0.5703125 23 75 243
0.265625 0.734375 0.3982046842575073 18 73 245
0.265625 0.734375 0.4835371673107147 20 74 244
0.2582695484161377 0.734375 0.6484375 1 64 254
0.258612722158432 0.7421875 0.5546875 59 93 225
0.265625 0.7411003112792969 0.6484375 5 66 252
0.2734375 0.21875 0.5052508115768433 13 70 248
0.2734375 0.234375 0.5001415610313416 50 89 229
0.2675969898700714 0.25 0.546875 10 69 249
0.27247634530067444 0.2578125 0.4296875 5 66 252
0.2670458257198334 0.2578125 0.5546875 0 64 254
0.269761323928833 0.265625 0.34375 0 64 254
0.2734375 0.265625 0.43600016832351685 57 92 226
0.26695480942726135 0.265625 0.5703125 0 64 254
0.2734375 0.2612726390361786 0.6875 30 79 239
0.2734375 0.2694970369338989 0.359375 0 64 254
0.2676171362400055 0.2734375 0.4296875 10 69 249
0.26613903045654297 0.2734375 0.4921875 47 88 231
0.26595908403396606 0.2734375 0.6171875 14 71 247
0.2734375 0.27265915274620056 0.703125 3 65 253
0.2679811120033264 0.28125 0.3046875 10 69 249
0.2734375 0.28125 0.44907253980636597 0 64 254
0.2734375 0.28125 0.5523947477340698 181 155 164
0.26927387714385986 0.2890625 0.296875 5 66 252
0.2681257426738739 0.2890625 0.5625 2 65 253
0.2734375 0.28684547543525696 0.6796875 0 64 254
0.2734375 0.2890625 0.7930789589881897 2 65 253
0.2708069980144501 0.296875 0.5859375 3 65 253
0.26997384428977966 0.296875 0.6640625 1 64 254
0.2734375 0.29073694348335266 0.796875 1 64 254
0.2734375 0.30252501368522644 0.5625 44 86 232
0.27076423168182373 0.3046875 0.640625 53 90 228
0.2734375 0.3018089234828949 0.8046875 20 74 244
0.2734375 0.3125 0.3722352385520935 0 64 255
0.2734375 0.3100903332233429 0.515625 6 67 251
0.2708379924297333 0.3125 0.609375 117 122 196
0.2734375 0.3125 0.7787754535675049 7 68 251
0.27140650153160095 0.3203125 0.3671875 0 64 254
0.2734375 0.31565019488334656 0.40625 2 65 253
0.2734375 0.31611841917037964 0.484375 0 64 254
0.2734375 0.3203125 0.5670263767242432 20 74 244
0.26599809527397156 0.328125 0.25 0 64 254
0.26764899492263794 0.328125 0.4765625 8 68 250
0.27033141255378723 0.328125 0.78125 255 192 127
0.2734375 0.3330588638782501 0.3359375 1 64 254
0.2734375 0.3359375 0.45941343903541565 0 64 254
0.2734375 0.3424689471721649 0.3046875 1 64 254
0.2734375 0.34375 0.8296545147895813 37 82 236
0.2677076458930969 0.359375 0.25 40 84 234
0.26584136486053467 0.3671875 0.265625 2 65 253
0.26786985993385315 0.375 0.3125 0 64 254
0.2734375 0.3828125 0.8483606576919556 15 71 247
0.2734375 0.39725765585899353 0.2265625 0 64 254
0.2734375 0.40625 0.817095935344696 20 74 244
0.2734375 0.4140625 0.8203682899475098 21 74 244
0.2661186754703522 0.421875 0.8515625 11 69 249
0.2734375 0.4296875 0.8493406176567078 95 112 207
0.2734375 0.4358031749725342 0.84375 0 64 254
0.2734375 0.453125 0.27576494216918945 0 64 254
0.2734375 0.4609375 0.8338862657546997 1 64 254
0.2734375 0.46875 0.30637702345848083 47 87 231
0.2695355713367462 0.4765625 0.8125 0 64 255
0.2734375 0.484375 0.8424499034881592 117 123 196
0.265822172164917 0.4921875 0.484375 255 192 127
0.2734375 0.5 0.28447240591049194 97 112 206
0.2734375 0.5048691034317017 0.2578125 1 64 254
0.2734375 0.5006439685821533 0.8359375 255 192 127
0.2734375 0.5102787613868713 0.8046875 50 89 229
0.27015554904937744 0.5234375 0.78125 14 71 247
0.2734375 0.53125 0.7808353900909424 16 72 246
0.2675003409385681 0.5390625 0.7734375 3 65 253
0.26620811223983765 0.546875 0.7578125 21 74 244
0.2710895538330078 0.5546875 0.75 23 75 243
0.2734375 0.5625 0.2390529066324234 3 65 253
0.2734375 0.5625 0.795774519443512 194 161 157
0.26775097846984863 0.578125 0.2265625 56 92 226
0.2656671106815338 0.578125 0.765625 19 73 245
0.2734375 0.5859375 0.7269097566604614 0 64 254
0.2734375 0.59375 0.21536196768283844 135 132 187
0.2734375 0.5902850031852722 0.7578125 91 110 209
0.2734375 0.5947848558425903 0.2890625 8 68 250
0.2734375 0.609375 0.27941617369651794 1 64 254
0.2734375 0.609375 0.7429609298706055 0 64 254
0.2734375 0.6160562038421631 0.6640625 255 192 127
0.2712748050689697 0.625 0.2265625 2 65 253
0.2734375 0.6191206574440002 0.65625 0 64 255
0.2734375 0.6264238357543945 0.2265625 1 64 254
0.27332717180252075 0.6328125 0.6484375 4 66 252
0.2734375 0.640625 0.2505417466163635 0 64 254
0.2734375 0.6484375 0.24747203290462494 0 64 254
0.2734375 0.65625 0.24527475237846375 1 64 254
0.2715463638305664 0.65625 0.4375 0 64 254
0.27244696021080017 0.6640625 0.34375 14 71 247
0.2734375 0.6626606583595276 0.4140625 0 64 254
0.27090778946876526 0.6640625 0.515625 107 117 201
0.2734375 0.664747953414917 0.3359375 1 64 254
0.2733611762523651 0.671875 0.3984375 38 83 235
0.2716468870639801 0.671875 0.515625 255 192 127
0.2734375 0.6699469685554504 0.5859375 14 71 247
0.26566967368125916 0.6796875 0.28125 0 64 254
0.272986501455307 0.6796875 0.484375 22 75 243
0.2730835974216461 0.6796875 0.546875 2 65 253
0.2734375 0.6796875 0.6388067603111267 30 79 239
0.2665858268737793 0.6875 0.2890625 0 64 255
0.2734375 0.6817213892936707 0.5234375 0 64 254
0.2734375 0.6875 0.7012186050415039 6 67 251
0.2734375 0.6953125 0.45598194003105164 0 64 254
0.2734375 0.6899032592773438 0.703125 61 94 224
0.2661922872066498 0.703125 0.296875 0 64 254
0.2705722749233246 0.703125 0.7109375 4 66 252
0.2700035274028778 0.7109375 0.296875 0 64 254
0.2707752585411072 0.7109375 0.7109375 1 64 254
0.2734375 0.71875 0.291027694940567 3 65 253
0.2677115797996521 0.71875 0.515625 49 88 230
0.2702038586139679 0.7265625 0.3125 0 64 255
0.2665571868419647 0.7265625 0.3671875 2 65 253
0.2672465145587921 0.7265625 0.5703125 255 192 127
0.2734375 0.7285042405128479 0.3515625 1 64 254
0.2734375 0.734375 0.42908114194869995 17 72 246
0.27288663387298584 0.734375 0.5234375 255 192 127
0.2734375 0.7363030910491943 0.40625 1 64 254
0.2734375 0.7421875 0.4901691675186157 0 64 254
0.2734375 0.7410416007041931 0.59375 15 71 247
0.2662312686443329 0.7421875 0.6640625 0 64 254
0.2734375 0.75 0.5157076120376587 42 85 233
0.2734375 0.7435868978500366 0.609375 1 64 254
0.2734375 0.7517387866973877 0.5 4 66 252
0.28125 0.2065695822238922 0.4453125 0 64 255
0.2773665487766266 0.21875 0.4609375 9 68 250
0.28125 0.2265625 0.42710092663764954 0 64 254
0.2764359712600708 0.2265625 0.5390625 55 91 227
0.28125 0.234375 0.48391032218933105 28 78 240
0.28125 0.2421875 0.4226495027542114 3 65 253
0.2750205993652344 0.2421875 0.5 26 77 241
0.2746007740497589 0.25 0.4453125 96 112 206
0.28125 0.2464209347963333 0.5703125 3 65 253
0.28125 0.2578125 0.3547173738479614 1 64 254
0.28125 0.2578125 0.463795006275177 255 192 127
0.28125 0.2578125 0.5915305614471436 1 64 254
0.28125 0.2623848021030426 0.3828125 0 64 254
0.28125 0.2610724866390228 0.4609375 99 114 205
0.27732837200164795 0.265625 0.6015625 10 69 249
0.2806665897369385 0.265625 0.7421875 46 87 231
0.28125 0.2681024670600891 0.3046875 11 69 249
0.2771405577659607 0.2734375 0.546875 13 70 248
0.28125 0.2671893537044525 0.640625 0 64 254
0.28125 0.2734375 0.7638292908668518 255 192 127
0.28125 0.28125 0.5737835764884949 1 64 254
0.28125 0.2890625 0.5462146997451782 21 75 244
0.28125 0.2890625 0.6246376633644104 9 68 250
0.28125 0.284211128950119 0.671875 1 64 254
0.28125 0.2846929728984833 0.7890625 2 65 253
0.2738785743713379 0.296875 0.6015625 20 74 244
0.27561309933662415 0.296875 0.703125 1 64 254
0.28125 0.28955700993537903 0.796875 1 64 254
0.27912336587905884 0.3046875 0.390625 102 115 203
0.28125 0.30364990234375 0.515625 10 69 249
0.2740229368209839 0.3046875 0.6328125 25 76 242
0.28125 0.3046875 0.8098464012145996 34 81 237
0.28125 0.3076404929161072 0.3671875 1 64 254
0.28125 0.3104518949985504 0.421875 22 75 243
0.28125 0.3051348924636841 0.5234375 3 65 253
0.28125 0.3063247799873352 0.8125 111 119 199
0.28125 0.319503515958786 0.4375 242 185 133
0.28125 0.3203125 0.7895875573158264 255 192 127
0.27832451462745667 0.328125 0.3359375 5 66 252
0.27953842282295227 0.328125 0.4609375 33 80 238
0.27359411120414734 0.3359375 0.2421875 0 64 254
0.2769443988800049 0.3359375 0.8359375 4 66 252
0.28125 0.34375 0.7935293316841125 10 69 249
0.28125 0.35838064551353455 0.2421875 1 64 254
0.2808022201061249 0.3671875 0.3046875 15 71 247
0.28125 0.3712027668952942 0.8125 33 80 238
0.2804754972457886 0.3828125 0.296875 1 64 254
0.28125 0.390625 0.8480268716812134 255 192 127
0.2792282998561859 0.40625 0.21875 0 64 254
0.28125 0.40625 0.8619958162307739 3 65 253
0.28125 0.421875 0.2746422588825226 1 64 254
0.28125 0.4296875 0.8188254833221436 127 128 191
0.28125 0.4375 0.8158374428749084 8 68 250
0.2784169018268585 0.4453125 0.8359375 8 68 250
0.28125 0.453125 0.8343648314476013 0 64 255
0.2812337279319763 0.46875 0.2734375 0 64 254
0.280674010515213 0.4765625 0.2734375 0 64 254
0.28125 0.4765625 0.8454840183258057 0 64 254
0.2793574631214142 0.484375 0.3125 0 64 254
0.28125 0.4865474998950958 0.296875 8 68 250
0.28125 0.49340635538101196 0.2265625 0 64 254
0.28125 0.5078125 0.21601100265979767 0 64 255
0.28125 0.5119598507881165 0.25 0 64 254
0.2762453556060791 0.5234375 0.2578125 3 65 253
0.28125 0.5247058272361755 0.2734375 242 185 133
0.28125 0.5390625 0.22349616885185242 0 64 255
0.28125 0.5452014803886414 0.296875 0 64 254
0.27641531825065613 0.5546875 0.765625 32 80 238
0.28125 0.5625 0.2220873087644577 0 64 254
0.27775269746780396 0.5625 0.8046875 95 112 207
0.27436715364456177 0.5703125 0.2421875 18 73 245
0.28125 0.5654768347740173 0.8125 255 192 127
0.28125 0.578125 0.8042790293693542 13 70 248
0.28125 0.5800650715827942 0.8046875 14 71 247
0.28125 0.5877190232276917 0.2890625 6 67 251
0.28125 0.59375 0.8067721724510193 29 79 240
0.28125 0.5991426706314087 0.7578125 0 64 254
0.28008952736854553 0.609375 0.2734375 0 64 254
0.2742635905742645 0.6171875 0.6640625 0 64 255
0.27738431096076965 0.625 0.6640625 255 192 127
0.2807290852069855 0.6328125 0.2890625 3 65 253
0.2783399224281311 0.6328125 0.6796875 12 70 248
0.28125 0.633557140827179 0.2890625 15 71 247
0.2787697911262512 0.640625 0.6875 48 88 230
0.28125 0.6467843651771545 0.65625 35 81 237
0.28125 0.6640625 0.24050593376159668 11 69 249
0.2769182026386261 0.6640625 0.71875 0 64 255
0.2769497036933899 0.671875 0.3671875 0 64 254
0.274629682302475 0.671875 0.578125 129 128 190
0.28125 0.6770492792129517 0.328125 0 64 254
0.28125 0.6796875 0.4086534082889557 141 134 184
0.2805353105068207 0.6796875 0.5703125 1 64 254
0.2797272205352783 0.6875 0.234375 21 74 244
0.27968740463256836 0.6875 0.4453125 31 79 239
0.27744007110595703 0.6875 0.53125 1 64 254
0.27932530641555786 0.6875 0.6015625 0 64 255
0.28125 0.6953125 0.23455025255680084 1 64 254
0.27629315853118896 0.6953125 0.4765625 83 105 213
0.28125 0.6926220655441284 0.6015625 185 157 162
0.28125 0.7017426490783691 0.390625 61 94 224
0.2788410186767578 0.703125 0.609375 64 96 222
0.28125 0.7048909664154053 0.46875 70 99 219
0.27746519446372986 0.71875 0.25 45 86 232
0.28125 0.7140607833862305 0.71875 0 64 254
0.27379047870635986 0.7265625 0.3046875 0 64 254
0.28125 0.7273679971694946 0.265625 17 72 246
0.28125 0.734375 0.33348676562309265 0 64 254
0.28125 0.734375 0.41475582122802734 95 111 207
0.28125 0.7358903288841248 0.3515625 0 64 254
0.2795768082141876 0.7421875 0.421875 1 64 254
0.28125 0.7421875 0.4710964262485504 24 76 242
0.28125 0.7457983493804932 0.3046875 0 64 255
0.28125 0.75 0.41036292910575867 104 116 202
0.2810947597026825 0.75 0.484375 2 65 253
0.28125 0.7487839460372925 0.609375 1 64 254
0.2755639851093292 0.75 0.6796875 0 64 254
0.28125 0.7534815073013306 0.40625 38 83 235
0.28125 0.7554068565368652 0.515625 186 157 161
0.28125 0.7560557723045349 0.671875 0 64 254
0.28125 0.7643914222717285 0.5546875 33 81 238
0.282519668340683 0.2109375 0.4609375 24 76 242
0.2890625 0.21875 0.4680863618850708 44 86 232
0.28665319085121155 0.2265625 0.4921875 22 75 243
0.2890625 0.23130345344543457 0.46875 19 73 245
0.2890625 0.2421875 0.4089498817920685 17 72 246
0.28889310359954834 0.2421875 0.578125 18 73 245
0.2835419178009033 0.25 0.359375 14 71 247
0.28132331371307373 0.25 0.578125 48 88 230
0.2857149541378021 0.2578125 0.375 1 64 254
0.2890625 0.25486889481544495 0.5390625 255 192 127
0.28744009137153625 0.2578125 0.609375 6 67 251
0.2890625 0.265625 0.5645684003829956 0 64 254
0.2841733694076538 0.265625 0.671875 0 64 254
0.2890625 0.2711693346500397 0.28125 0 64 254
0.2890625 0.2698049545288086 0.5703125 2 65 253
0.2890625 0.26836469769477844 0.7421875 25 76 242
0.2890625 0.2753341495990753 0.578125 1 64 254
0.2890625 0.276091605424881 0.65625 9 68 250
0.28760403394699097 0.28125 0.7734375 47 87 231
0.28811994194984436 0.2890625 0.3515625 9 68 250
0.2890625 0.28800642490386963 0.3828125 0 64 254
0.2840922772884369 0.2890625 0.6171875 0 64 254
0.2890625 0.2890625 0.7091905474662781 53 90 228
0.2890625 0.2890625 0.7984321117401123 85 106 212
0.28611961007118225 0.296875 0.3671875 6 67 251
0.2890625 0.296875 0.4839102327823639 34 81 237
0.2890625 0.296875 0.5277330875396729 13 70 248
0.2850800156593323 0.296875 0.7578125 0 64 254
0.2836148142814636 0.3046875 0.3671875 2 65 253
0.2890625 0.3046875 0.4304215610027313 105 117 202
0.28186386823654175 0.3046875 0.53125 1 64 254
0.2890625 0.30007171630859375 0.7734375 0 64 254
0.2858433425426483 0.3125 0.2734375 0 64 254
0.28634047508239746 0.3125 0.359375 0 64 255
0.2890625 0.3087056577205658 0.78125 9 68 250
0.2890625 0.31425249576568604 0.2734375 2 65 253
0.28752100467681885 0.3203125 0.453125 1 64 254
0.2827753722667694 0.328125 0.453125 0 64 254
0.2890625 0.3359375 0.7973562479019165 94 111 207
0.2890625 0.34375 0.8421491384506226 255 192 127
0.2890625 0.3515625 0.8409849405288696 255 192 127
0.2890625 0.3671875 0.24250780045986176 3 65 253
0.2890625 0.3675823509693146 0.2421875 0 64 254
0.2890625 0.37851396203041077 0.2890625 0 64 255
0.2890625 0.390625 0.8138893842697144 1 64 254
0.2890625 0.40625 0.21492059528827667 0 64 255
0.2890625 0.4123382270336151 0.828125 255 192 127
0.2890625 0.421875 0.8611092567443848 31 79 239
0.2890625 0.4375 0.21938687562942505 1 64 254
0.2890625 0.4453125 0.27250781655311584 0 64 254
0.2884327471256256 0.453125 0.8125 208 168 150
0.2890625 0.4609375 0.2279149740934372 0 64 255
0.2890625 0.46875 0.22747750580310822 1 64 254
0.2836179733276367 0.4765625 0.2265625 3 65 253
0.28726306557655334 0.484375 0.265625 0 64 254
0.28534266352653503 0.4921875 0.21875 0 64 254
0.28295743465423584 0.5 0.8125 24 76 242
0.2890625 0.5074955821037292 0.8125 20 74 244
0.2890625 0.5234375 0.24797560274600983 0 64 254
0.2882594168186188 0.53125 0.2734375 96 112 206
0.2890625 0.5318305492401123 0.2734375 45 86 232
0.2890625 0.5390625 0.829200267791748 255 192 127
0.2870158851146698 0.546875 0.828125 235 182 137
0.2890625 0.5625 0.21231244504451752 23 76 243
0.2890625 0.5703125 0.2940555214881897 0 64 254
0.2890625 0.578125 0.21145790815353394 1 64 254
0.2890625 0.578125 0.816524088382721 255 192 127
0.2865930199623108 0.5859375 0.8125 10 69 249
0.2890625 0.59375 0.8179247975349426 4 66 252
0.28208935260772705 0.6015625 0.765625 0 64 254
0.2890625 0.609375 0.22011500597000122 5 66 252
0.2890625 0.6083795428276062 0.765625 101 114 204
0.2890625 0.612320065498352 0.265625 1 64 254
0.2828584611415863 0.625 0.2265625 0 64 254
0.2890625 0.6328125 0.2778978645801544 0 64 255
0.2869518995285034 0.640625 0.28125 0 64 255
0.28585880994796753 0.640625 0.671875 255 192 127
0.2890625 0.6441479921340942 0.3203125 10 69 249
0.2858821749687195 0.6484375 0.6953125 10 69 249
0.2890625 0.65625 0.6687418818473816 19 73 245
0.28499698638916016 0.6640625 0.328125 33 81 238
0.2890625 0.6629510521888733 0.6953125 2 65 253
0.2870694696903229 0.671875 0.671875 255 192 127
0.2856783866882324 0.6796875 0.34375 104 116 202
0.2890625 0.6796875 0.6802929043769836 29 78 240
0.2890625 0.6874048709869385 0.3515625 5 66 252
0.28568723797798157 0.6875 0.4375 31 79 239
0.2890625 0.6875 0.57881098985672 41 84 234
0.2890625 0.6875 0.7285996675491333 0 64 255
0.2890625 0.6927569508552551 0.40625 210 169 149
0.2890625 0.6890518069267273 0.5234375 38 83 235
0.286742240190506 0.6953125 0.6484375 57 92 226
0.2890625 0.6980365514755249 0.3671875 0 64 254
0.2828245759010315 0.703125 0.453125 1 64 254
0.2890625 0.703125 0.5967776775360107 90 109 209
0.28507229685783386 0.7109375 0.234375 10 69 249
0.2890625 0.703740656375885 0.4765625 255 192 127
0.28889000415802 0.7109375 0.65625 207 168 151
0.2890625 0.7139294147491455 0.6328125 2 65 253
0.2890625 0.7256338000297546 0.6953125 9 68 250
0.2836434245109558 0.734375 0.296875 0 64 254
0.2890625 0.7421875 0.29121923446655273 0 64 254
0.2890625 0.7419734001159668 0.578125 163 145 173
0.2845918834209442 0.75 0.328125 162 145 173
0.2890625 0.7489807605743408 0.4765625 82 105 213
0.28419169783592224 0.75 0.6171875 24 76 242
0.2860738933086395 0.7578125 0.3125 0 64 254
0.2839554250240326 0.7578125 0.4140625 0 64 254
0.2890625 0.7578125 0.4971238672733307 6 67 251
0.2890625 0.7551551461219788 0.6015625 2 65 253
0.2890625 0.7578125 0.665413498878479 0 64 254
0.2820141017436981 0.765625 0.375 1 64 254
0.2816627025604248 0.765625 0.4375 8 68 250
0.2824297845363617 0.765625 0.5390625 134 131 187
0.2890625 0.7725032567977905 0.3828125 17 72 246
0.2890625 0.7713453769683838 0.4609375 2 65 253
0.2890625 0.7793946862220764 0.4453125 3 65 253
0.29625868797302246 0.1875 0.4296875 0 64 254
0.2941087782382965 0.1875 0.5234375 154 141 177
0.296875 0.1953125 0.48090678453445435 1 64 254
0.29027220606803894 0.203125 0.4296875 1 64 254
0.296875 0.19532331824302673 0.53125 0 64 254
0.296875 0.2034102827310562 0.453125 6 67 251
0.296875 0.21138642728328705 0.46875 255 192 127
0.2913707196712494 0.2265625 0.4140625 1 64 254
0.296875 0.22595557570457458 0.5546875 2 65 253
0.296875 0.234375 0.3550015091896057 14 71 247
0.296875 0.234375 0.5761511325836182 4 66 252
0.2919858396053314 0.2421875 0.3671875 0 64 254
0.296875 0.24186961352825165 0.53125 26 77 241
0.2909829318523407 0.25 0.3828125 2 65 253
0.296875 0.24932119250297546 0.5546875 6 67 251
0.2910902202129364 0.2578125 0.5546875 5 66 252
0.2958472967147827 0.2578125 0.6328125 1 64 254
0.296875 0.26173147559165955 0.5703125 4 66 252
0.296875 0.2643098533153534 0.6875 1 64 254
0.28945642709732056 0.2734375 0.3125 0 64 254
0.296875 0.2734375 0.49482619762420654 12 70 248
0.2941540479660034 0.2734375 0.65625 23 75 243
0.29225075244903564 0.2734375 0.78125 37 82 236
0.296875 0.28125 0.3494057059288025 5 66 252
0.296875 0.277946799993515 0.3984375 0 64 254
0.2954878509044647 0.28125 0.4921875 53 90 228
0.29259419441223145 0.28125 0.6171875 0 64 254
0.296875 0.2791967988014221 0.671875 0 64 254
0.296875 0.27402248978614807 0.7734375 56 92 226
0.29507628083229065 0.2890625 0.4140625 19 73 245
0.2894033193588257 0.2890625 0.5 3 65 253
0.296875 0.2888527810573578 0.6953125 0 64 254
0.296875 0.2840430438518524 0.796875 66 97 221
0.29196229577064514 0.296875 0.4140625 213 171 148
0.2900356948375702 0.296875 0.515625 0 64 254
0.29316526651382446 0.3046875 0.25 137 132 186
0.29004839062690735 0.3046875 0.359375 10 69 249
0.29287588596343994 0.3046875 0.71875 0 64 254
0.296875 0.30279311537742615 0.8125 0 64 255
0.296875 0.30469292402267456 0.2421875 7 67 251
0.296875 0.30582037568092346 0.71875 0 64 254
0.296875 0.3203125 0.8353242874145508 255 192 127
0.296875 0.3359375 0.22336891293525696 5 66 252
0.296875 0.34375 0.2912713289260864 3 65 253
0.29568609595298767 0.3515625 0.84375 6 67 251
0.29551178216934204 0.3671875 0.2265625 0 64 254
0.296875 0.3671875 0.8433679938316345 255 192 127
0.2951074540615082 0.3828125 0.28125 0 64 254
0.296875 0.3885685205459595 0.8515625 154 141 177
0.296875 0.40328067541122437 0.21875 1 64 254
0.296875 0.4140625 0.8349171280860901 32 80 238
0.296875 0.421875 0.8376756906509399 58 93 225
0.2917706072330475 0.4296875 0.828125 255 192 127
0.29083162546157837 0.4453125 0.2265625 0 64 254
0.2909994423389435 0.453125 0.2109375 2 65 253
0.296875 0.4522040784358978 0.8203125 111 120 199
0.296875 0.4609375 0.814283549785614 4 66 252
0.296875 0.46875 0.813284158706665 255 192 127
0.296875 0.4765625 0.8146297335624695 255 192 127
0.296875 0.4921875 0.1994675248861313 4 66 252
0.296875 0.4930694103240967 0.2578125 0 64 255
0.2893936038017273 0.5078125 0.8125 95 111 207
0.296875 0.515625 0.8363825678825378 255 192 127
0.2891964614391327 0.53125 0.25 0 64 254
0.2964105010032654 0.5390625 0.2734375 18 73 245
0.296875 0.5419347286224365 0.28125 9 68 250
0.296875 0.5544476509094238 0.2109375 0 64 254
0.29234039783477783 0.5625 0.78125 7 67 251
0.29084011912345886 0.5703125 0.765625 248 188 130
0.29636645317077637 0.578125 0.75 1 64 254
0.29412132501602173 0.5859375 0.2734375 198 163 155
0.296875 0.59375 0.2606027126312256 11 69 249
0.296875 0.5984878540039062 0.734375 0 64 254
0.2964150309562683 0.609375 0.7578125 154 141 177
0.296875 0.6171875 0.224378302693367 1 64 254
0.296875 0.6114756464958191 0.7734375 1 64 254
0.29573550820350647 0.625 0.265625 0 64 254
0.296875 0.6328125 0.7090916633605957 203 166 153
0.291654497385025 0.640625 0.3125 1 64 254
0.29577404260635376 0.6484375 0.2890625 8 68 250
0.296875 0.6484375 0.7339057326316833 5 66 252
0.296875 0.65625 0.7041717171669006 48 88 230
0.296875 0.6640625 0.733803391456604 2 65 253
0.2907771170139313 0.6796875 0.3203125 17 72 246
0.29009971022605896 0.6875 0.34375 255 192 127
0.296875 0.6875 0.7332475781440735 1 64 254
0.2947624623775482 0.6953125 0.421875 6 67 251
0.2957649827003479 0.6953125 0.5625 1 64 254
0.2936844825744629 0.703125 0.2265625 6 67 251
0.2957555651664734 0.703125 0.40625 0 64 254
0.296875 0.6958045363426208 0.53125 255 192 127
0.2965458929538727 0.703125 0.671875 1 64 254
0.29554516077041626 0.7109375 0.375 0 64 255
0.2954380214214325 0.7109375 0.4296875 100 114 204
0.2958003878593445 0.7109375 0.546875 49 89 230
0.296875 0.703220784664154 0.671875 1 64 254
0.29665395617485046 0.71875 0.390625 11 69 249
0.296875 0.7133769989013672 0.6015625 43 85 233
0.296875 0.7186581492424011 0.6640625 0 64 254
0.296875 0.719693660736084 0.4375 0 64 254
0.296875 0.7263386249542236 0.703125 2 65 253
0.29040732979774475 0.7421875 0.2734375 112 120 198
0.2933577597141266 0.75 0.28125 27 77 241
0.296875 0.7551608085632324 0.2734375 1 64 254
0.2913770377635956 0.7578125 0.3515625 63 95 223
0.29155731201171875 0.7578125 0.5234375 233 181 138
0.29234325885772705 0.7578125 0.625 0 64 254
0.2938784658908844 0.765625 0.3125 0 64 254
0.2913382053375244 0.765625 0.4140625 33 80 238
0.2921260595321655 0.765625 0.6015625 93 110 208
0.296875 0.7628101706504822 0.671875 1 64 254
0.29361727833747864 0.7734375 0.375 66 97 221
0.2908429801464081 0.7734375 0.46875 28 78 240
0.296875 0.7734375 0.5993093252182007 255 192 127
0.296875 0.78125 0.4209262728691101 0 64 254
0.296875 0.78125 0.5310962796211243 227 178 141
0.296875 0.7886127233505249 0.4453125 3 65 253
0.2978280782699585 0.171875 0.5234375 7 67 251
0.3046875 0.17910867929458618 0.484375 0 64 255
0.3046875 0.1875 0.39942023158073425 1 64 254
0.3046875 0.1875 0.4694291055202484 11 70 249
0.3046875 0.1953125 0.3900207579135895 0 64 254
0.3046875 0.1953125 0.4639628827571869 4 66 252
0.2993307411670685 0.1953125 0.546875 70 99 219
0.3046875 0.19943879544734955 0.4609375 27 78 241
0.30133891105651855 0.203125 0.5546875 16 72 246
0.3046875 0.2085018754005432 0.484375 36 82 236
0.3022964298725128 0.21875 0.3984375 36 82 236
0.3046875 0.22414472699165344 0.3515625 0 64 254
0.3046875 0.2220361977815628 0.5 0 64 254
0.3046875 0.2277417778968811 0.3359375 2 65 253
0.3046875 0.22826004028320312 0.390625 1 65 254
0.3046875 0.23479346930980682 0.3828125 0 64 254
0.30334925651550293 0.2421875 0.5546875 33 81 238
0.3043922781944275 0.25 0.4296875 86 107 211
0.3046875 0.24520346522331238 0.5625 11 69 249
0.3046875 0.2578125 0.41558247804641724 0 64 254
0.3000892102718353 0.2578125 0.5703125 84 106 212
0.3046875 0.265625 0.29141542315483093 12 70 248
0.30080822110176086 0.265625 0.4296875 39 84 235
0.3029818534851074 0.265625 0.5 15 71 247
0.3046875 0.260995477437973 0.6484375 0 64 254
0.3046875 0.2734375 0.2685343325138092 4 66 252
0.3040526807308197 0.2734375 0.3671875 3 65 253
0.29796725511550903 0.2734375 0.421875 14 71 247
0.30264270305633545 0.2734375 0.5078125 22 75 243
0.3044770658016205 0.2734375 0.625 14 71 247
0.3046875 0.2734375 0.7706931233406067 255 192 127
0.3046875 0.2803044617176056 0.3125 0 64 254
0.3046875 0.28110775351524353 0.4609375 1 64 254
0.3046875 0.27557724714279175 0.6640625 3 65 253
0.3046875 0.2890625 0.2613235116004944 16 72 246
0.3046875 0.2890625 0.4474659860134125 255 192 127
0.3046875 0.28295570611953735 0.734375 1 64 254
0.3046875 0.2963160276412964 0.3359375 3 65 253
0.3046875 0.28982439637184143 0.8046875 45 87 232
0.29931890964508057 0.3046875 0.2578125 8 68 250
0.3046875 0.3046875 0.7381769418716431 0 64 254
0.3046875 0.30190932750701904 0.8359375 255 192 127
0.3046875 0.31117212772369385 0.75 0 64 254
0.3046875 0.3203125 0.3152666985988617 0 64 255
0.3046875 0.328125 0.8017210960388184 25 76 242
0.3046875 0.34375 0.22701869904994965 2 65 253
0.2997628152370453 0.3515625 0.234375 0 64 254
0.3046875 0.3523328900337219 0.2265625 5 66 252
0.29770901799201965 0.3671875 0.21875 3 65 253
0.3046875 0.375 0.20468924939632416 204 166 152
0.29996296763420105 0.3828125 0.21875 0 64 254
0.3046875 0.3903515338897705 0.2734375 27 77 241
0.3046875 0.3984375 0.8629809021949768 110 119 199
0.3046875 0.40625 0.8300125002861023 255 192 127
0.30043670535087585 0.421875 0.21875 7 67 251
0.3013518154621124 0.4296875 0.8359375 255 192 127
0.3046875 0.4453125 0.21893733739852905 0 64 254
0.3046875 0.4453752934932709 0.21875 0 64 255
0.3046875 0.4609375 0.8225216269493103 11 69 249
0.304069846868515 0.46875 0.8203125 8 68 250
0.3046875 0.484375 0.19327004253864288 2 65 253
0.3046875 0.4921875 0.251781702041626 0 64 255
0.3046875 0.5 0.8307535648345947 6 67 251
0.3046875 0.5078125 0.8513844609260559 255 192 127
0.3046875 0.5234375 0.21180827915668488 0 64 254
0.3046875 0.53125 0.242391437292099 0 64 255
0.3007794916629791 0.5390625 0.8046875 123 126 193
0.3040284514427185 0.546875 0.265625 0 64 254
0.3046875 0.5485962629318237 0.2734375 100 114 204
0.3046875 0.5625 0.20497052371501923 7 67 251
0.3046875 0.5703125 0.8264788389205933 0 64 254
0.3026275932788849 0.578125 0.7890625 14 71 247
0.3046875 0.5833559632301331 0.7421875 2 65 253
0.3046875 0.59375 0.7353703379631042 0 64 254
0.3046875 0.6015625 0.8293172121047974 255 192 127
0.3046875 0.6039972305297852 0.828125 235 182 137
0.30157729983329773 0.6171875 0.78125 1 64 254
0.30195072293281555 0.625 0.2578125 0 64 254
0.30320003628730774 0.6328125 0.2265625 0 64 254
0.3046875 0.6366755962371826 0.2265625 0 64 254
0.3046875 0.6484375 0.2165527492761612 71 99 219
0.30081015825271606 0.6484375 0.3046875 3 65 253
0.3046875 0.6541969776153564 0.2890625 0 64 254
0.30400991439819336 0.6640625 0.2265625 1 64 254
0.3014002740383148 0.671875 0.3125 1 64 254
0.3046875 0.678729236125946 0.2734375 0 64 255
0.30028367042541504 0.6875 0.2265625 5 66 252
0.30294138193130493 0.6875 0.3203125 1 64 254
0.3046875 0.6953125 0.26398786902427673 0 64 254
0.2979777455329895 0.6953125 0.5703125 255 192 127
0.30401167273521423 0.703125 0.28125 15 71 247
0.3046875 0.703125 0.5205408930778503 0 64 254
0.3046875 0.6958041191101074 0.6953125 26 77 241
0.3034627437591553 0.7109375 0.359375 0 64 254
0.3046875 0.7106902599334717 0.4921875 3 65 253
0.3046875 0.705802321434021 0.5703125 0 64 254
0.3046875 0.7113268375396729 0.3359375 0 64 255
0.30380314588546753 0.71875 0.4140625 0 64 254
0.3046875 0.71875 0.5558072328567505 0 64 254
0.3046875 0.725271999835968 0.234375 27 77 241
0.3046875 0.7265625 0.400132954120636 153 140 178
0.3046875 0.7265625 0.5465704798698425 1 64 254
0.3021089732646942 0.7265625 0.6484375 1 64 254
0.3046875 0.734375 0.24397219717502594 0 64 254
0.3046875 0.7273977994918823 0.609375 11 69 249
0.3046875 0.7298330664634705 0.7109375 0 64 254
0.3046875 0.75 0.2557588517665863 121 125 194
0.2992822527885437 0.7578125 0.484375 3 65 253
0.3046875 0.7567407488822937 0.578125 2 65 253
0.3034901022911072 0.765625 0.296875 116 122 196
0.29766276478767395 0.765625 0.625 44 86 232
0.3014078736305237 0.7734375 0.2734375 21 74 244
0.297816663980484 0.7734375 0.328125 0 64 255
0.3046875 0.7734375 0.40800735354423523 105 117 202
0.3010518550872803 0.7734375 0.625 0 64 254
0.3046875 0.778483510017395 0.296875 18 73 245
0.3046875 0.78125 0.4138905704021454 16 72 246
0.3009916841983795 0.78125 0.59375 5 66 252
0.30289703607559204 0.7890625 0.421875 6 67 251
0.3046875 0.7886377573013306 0.53125 0 64 254
0.3046875 0.7911743521690369 0.421875 2 65 253
0.30767107009887695 0.171875 0.5078125 13 70 248
0.3125 0.1740233600139618 0.40625 0 64 254
0.3125 0.17435389757156372 0.5390625 5 66 252
0.3125 0.1803247183561325 0.390625 0 64 254
0.3125 0.1864762008190155 0.46875 2 65 253
0.30544254183769226 0.1953125 0.453125 4 66 252
0.3125 0.2109375 0.36754661798477173 4 66 252
0.30559787154197693 0.21875 0.3828125 12 70 248
0.312198668718338 0.21875 0.5 255 192 127
0.3125 0.2201317995786667 0.359375 18 73 245
0.3097396194934845 0.2265625 0.4453125 120 124 194
0.3117806017398834 0.234375 0.421875 255 192 127
0.3125 0.234375 0.5216307044029236 34 81 237
0.3125 0.23408763110637665 0.59375 12 70 248
0.30835169553756714 0.2421875 0.4453125 255 192 127
0.3125 0.2421875 0.5674834847450256 30 79 239
0.3086431622505188 0.25 0.421875 255 192 127
0.30873560905456543 0.25 0.578125 15 71 247
0.3125 0.25598427653312683 0.3984375 0 64 254
0.3061503469944 0.2578125 0.484375 6 67 251
0.3125 0.2578125 0.5965213179588318 7 67 251
0.30851471424102783 0.265625 0.3203125 0 64 254
0.3125 0.2632156312465668 0.3828125 1 64 254
0.30590203404426575 0.265625 0.6015625 2 65 253
0.3125 0.26523682475090027 0.6640625 2 65 253
0.30758705735206604 0.265625 0.78125 150 139 179
0.31114453077316284 0.2734375 0.3125 0 64 254
0.3125 0.2734375 0.44617992639541626 1 64 254
0.3071807324886322 0.2734375 0.7109375 0 64 254
0.30802109837532043 0.28125 0.4375 223 176 143
0.3125 0.28125 0.711943507194519 0 64 254
0.30550646781921387 0.2890625 0.4453125 3 65 253
0.3125 0.2890625 0.7597366571426392 101 114 204
0.3103775680065155 0.296875 0.2578125 0 64 254
0.3084704577922821 0.296875 0.8125 42 85 233
0.3125 0.3046875 0.3102310299873352 3 65 253
0.3125 0.3017868101596832 0.8359375 52 90 228
0.30877432227134705 0.3125 0.7421875 0 64 254
0.3125 0.3203125 0.22437365353107452 6 67 251
0.3125 0.3203125 0.8410766124725342 1 64 254
0.31183531880378723 0.3359375 0.2890625 2 65 253
0.3125 0.3389429748058319 0.2734375 9 68 250
0.3125 0.35121625661849976 0.8125 139 134 185
0.3125 0.3517577350139618 0.21875 5 66 252
0.3125 0.3671875 0.8181203603744507 6 67 251
0.31236395239830017 0.3828125 0.2734375 8 68 250
0.3052581548690796 0.390625 0.2109375 89 108 210
0.3110273778438568 0.3984375 0.21875 0 64 254
0.3125 0.40625 0.19104410707950592 2 65 253
0.3125 0.40625 0.8348339796066284 255 192 127
0.3125 0.40751662850379944 0.8359375 95 111 207
0.30617135763168335 0.421875 0.2578125 28 78 240
0.30815964937210083 0.4296875 0.21875 0 64 255
0.3125 0.4362722933292389 0.8359375 0 64 254
0.3125 0.453125 0.20301589369773865 255 192 127
0.3125 0.45784538984298706 0.8515625 0 64 254
0.3125 0.47298166155815125 0.2578125 0 64 255
0.3125 0.484375 0.8375053405761719 14 71 247
0.3125 0.5 0.1972610503435135 7 67 251
0.3125 0.5078125 0.24250690639019012 0 64 255
0.3125 0.5121898055076599 0.8203125 31 79 239
0.3062589168548584 0.53125 0.2109375 0 64 254
0.3125 0.5326457619667053 0.2421875 0 64 254
0.3125 0.546875 0.24074767529964447 0 64 255
0.31234753131866455 0.5546875 0.2421875 0 64 254
0.3100472390651703 0.5625 0.203125 19 73 245
0.31063133478164673 0.5625 0.796875 6 67 251
0.3125 0.5703125 0.8259109258651733 0 64 255
0.3125 0.578125 0.8258605599403381 12 70 248
0.3125 0.579908013343811 0.7734375 25 76 242
0.3125 0.59375 0.2578333020210266 3 65 253
0.3125 0.5938171744346619 0.2578125 4 66 252
0.3125 0.609375 0.833572268486023 255 192 127
0.3125 0.6171875 0.7578453421592712 23 75 243
0.31205642223358154 0.625 0.7421875 19 73 245
0.3125 0.625 0.819767415523529 29 78 240
0.3123472332954407 0.6328125 0.78125 3 65 253
0.3125 0.6336061358451843 0.21875 42 85 233
0.3125 0.6366589665412903 0.796875 8 68 250
0.3125 0.6495672464370728 0.28125 0 64 254
0.3125 0.6640625 0.20822222530841827 4 66 252
0.3125 0.6678438186645508 0.2109375 10 69 249
0.30880847573280334 0.671875 0.7109375 255 192 127
0.3097580075263977 0.6796875 0.296875 6 67 251
0.3125 0.6875 0.2544306814670563 0 64 254
0.3072541654109955 0.6953125 0.21875 18 73 245
0.30709055066108704 0.6953125 0.328125 21 75 244
0.3125 0.703125 0.2695751488208771 0 64 254
0.3125 0.6980796456336975 0.6875 41 84 234
0.3125 0.7058970928192139 0.2890625 0 64 254
0.3060919940471649 0.7109375 0.5 1 64 254
0.3091176450252533 0.7109375 0.734375 0 64 254
0.3073333501815796 0.71875 0.359375 0 64 255
0.3125 0.7155439853668213 0.515625 0 64 254
0.3123791515827179 0.71875 0.5859375 84 106 212
0.31157833337783813 0.7265625 0.328125 124 126 192
0.3061557114124298 0.7265625 0.4453125 166 147 171
0.3125 0.7195022106170654 0.5625 2 65 253
0.3125 0.7265625 0.726122260093689 0 64 254
0.3092498183250427 0.734375 0.375 0 64 255
0.31073299050331116 0.734375 0.4453125 26 77 241
0.3104148805141449 0.734375 0.6171875 17 72 246
0.3125 0.7421875 0.24300967156887054 17 72 246
0.3125 0.7370452880859375 0.4375 0 64 254
0.30794039368629456 0.75 0.25 0 64 255
0.3064027726650238 0.7578125 0.2578125 0 64 254
0.3048345744609833 0.7578125 0.578125 80 104 214
0.3125 0.765625 0.4949203431606293 1 64 254
0.3125 0.765625 0.6538566946983337 4 66 252
0.3125 0.77266526222229 0.3671875 76 102 216
0.3125 0.7709726095199585 0.4921875 1 64 254
0.3125 0.7674772143363953 0.6484375 3 65 253
0.30879688262939453 0.78125 0.3359375 0 64 254
0.3125 0.78125 0.5212326645851135 0 64 254
0.3097692131996155 0.7890625 0.28125 206 167 151
0.3071942925453186 0.7890625 0.4765625 0 64 254
0.3125 0.7890625 0.5875661373138428 0 64 254
0.3125 0.796875 0.41256046295166016 3 65 253
0.3125 0.7948103547096252 0.53125 5 66 252
0.3125 0.7898149490356445 0.6171875 0 64 255
0.3125 0.8038976192474365 0.46875 3 65 253
0.3125 0.8098809123039246 0.4609375 0 64 255
0.3203125 0.16621604561805725 0.3828125 24 76 242
0.3203125 0.16623440384864807 0.515625 4 66 252
0.31514108180999756 0.1796875 0.3671875 1 64 254
0.3203125 0.1722985804080963 0.5 2 65 253
0.31498944759368896 0.1875 0.46875 16 72 246
0.3203125 0.19220136106014252 0.4609375 21 74 244
0.3191026449203491 0.2109375 0.421875 255 192 127
0.3203125 0.21875 0.3597792387008667 0 64 254
0.3203125 0.21654178202152252 0.4609375 1 64 254
0.31743308901786804 0.2265625 0.4140625 179 154 165
0.3203125 0.22221852838993073 0.5390625 17 72 246
0.3190786838531494 0.234375 0.40625 255 192 127
0.3154497742652893 0.234375 0.5546875 10 69 249
0.3147619068622589 0.2421875 0.3125 4 66 252
0.31874704360961914 0.2421875 0.4609375 17 72 246
0.3173729181289673 0.2421875 0.578125 1 64 254
0.314072847366333 0.25 0.3125 3 65 253
0.3173128366470337 0.25 0.390625 131 130 189
0.3203125 0.25 0.49336519837379456 4 66 252
0.3174688220024109 0.2578125 0.3046875 212 170 148
0.3134911358356476 0.2578125 0.390625 1 64 254
0.3203125 0.257602721452713 0.609375 7 67 251
0.3203125 0.2578125 0.7158457040786743 0 64 254
0.3203125 0.265625 0.6244949102401733 0 64 254
0.31464073061943054 0.265625 0.7734375 222 175 143
0.3203125 0.2734375 0.2788088917732239 43 85 233
0.31759780645370483 0.2734375 0.6484375 0 64 254
0.3203125 0.28125 0.2586752474308014 5 66 252
0.3203125 0.28036269545555115 0.6796875 18 73 245
0.31477272510528564 0.28125 0.8046875 85 106 212
0.31811580061912537 0.2890625 0.7265625 225 177 142
0.3203125 0.29606708884239197 0.3125 0 64 254
0.31948038935661316 0.296875 0.7421875 0 64 254
0.3203125 0.3046875 0.224910706281662 16 72 246
0.3203125 0.3046875 0.7164314985275269 0 64 254
0.3203125 0.3125 0.2856137156486511 3 65 253
0.3203125 0.3125 0.7848360538482666 0 64 254
0.31854790449142456 0.3203125 0.7421875 4 66 252
0.31693434715270996 0.328125 0.265625 0 64 255
0.3171200156211853 0.328125 0.8046875 47 87 231
0.3203125 0.3359375 0.8408142924308777 0 64 254
0.3203125 0.34893935918807983 0.21875 3 65 253
0.3203125 0.3515625 0.8155033588409424 30 79 239
0.3203125 0.35716718435287476 0.8515625 10 69 249
0.3203125 0.375 0.19146203994750977 19 73 245
0.3203125 0.3828125 0.18905571103096008 4 66 252
0.3203125 0.390625 0.8232743144035339 29 78 240
0.3203125 0.40625 0.18776950240135193 21 74 244
0.3203125 0.4140625 0.1878984123468399 2 65 253
0.3203125 0.421875 0.8387090563774109 20 74 244
0.3148333430290222 0.4375 0.203125 2 65 253
0.3203125 0.4453125 0.20318903028964996 62 95 223
0.3137623071670532 0.453125 0.8359375 255 192 127
0.31777364015579224 0.46875 0.1953125 50 89 229
0.3128810226917267 0.4765625 0.8359375 28 78 240
0.3203125 0.484375 0.8395915031433105 90 109 209
0.3203125 0.5 0.19659031927585602 255 192 127
0.3203125 0.5078125 0.830897331237793 2 65 253
0.3203125 0.5234375 0.20958088338375092 0 64 254
0.3203125 0.53125 0.8546946048736572 255 192 127
0.3203125 0.5416491031646729 0.203125 3 65 253
0.3203125 0.5546875 0.232407808303833 0 64 254
0.3150477707386017 0.5625 0.25 0 64 255
0.31815919280052185 0.5703125 0.2421875 4 66 252
0.3187243342399597 0.578125 0.25 2 65 253
0.3203125 0.5834679007530212 0.7578125 2 65 253
0.3203125 0.59375 0.25649309158325195 0 64 255
0.3203125 0.5885829925537109 0.828125 255 192 127
0.3203125 0.609375 0.22073093056678772 0 64 254
0.3203125 0.6171875 0.7274148464202881 250 189 129
0.31363484263420105 0.625 0.75 1 64 254
0.3203125 0.6328125 0.2647469937801361 7 67 251
0.3203125 0.6328125 0.8223239183425903 119 123 195
0.3153318166732788 0.640625 0.7578125 127 128 191
0.3193728029727936 0.6484375 0.203125 33 80 238
0.31496986746788025 0.6484375 0.765625 0 64 254
0.3183262348175049 0.65625 0.71875 0 64 254
0.3203125 0.6564444899559021 0.28125 0 64 254
0.317902535200119 0.671875 0.2734375 0 64 254
0.31309443712234497 0.6796875 0.265625 0 64 255
0.3203125 0.6868775486946106 0.25 1 64 254
0.3153761923313141 0.6953125 0.2109375 0 64 255
0.31768515706062317 0.6953125 0.7578125 0 64 255
0.3191703259944916 0.703125 0.3125 1 64 254
0.3203125 0.7001945972442627 0.7578125 0 64 255
0.3203125 0.7109375 0.31418919563293457 2 65 253
0.3203125 0.7109375 0.7491505742073059 0 64 254
0.3203125 0.7153615951538086 0.3125 4 66 252
0.3155558705329895 0.71875 0.515625 2 65 253
0.3203125 0.7235150337219238 0.2265625 16 72 246
0.3203125 0.7265625 0.3002650737762451 0 64 254
0.3196161389350891 0.7265625 0.5078125 6 67 251
0.3203125 0.725098192691803 0.578125 224 176 142
0.3203125 0.7224271893501282 0.734375 1 64 254
0.31565189361572266 0.734375 0.3359375 0 64 254
0.3203125 0.7272253036499023 0.5078125 1 64 254
0.3197401463985443 0.734375 0.59375 255 192 127
0.3199613392353058 0.7421875 0.2421875 0 64 254
0.31922677159309387 0.7421875 0.359375 12 70 248
0.31735965609550476 0.7421875 0.4375 0 64 254
0.3203125 0.7356843948364258 0.59375 118 123 195
0.3203125 0.7418603301048279 0.6953125 0 64 254
0.3203125 0.7433134317398071 0.3515625 2 65 253
0.31970682740211487 0.75 0.4375 140 134 184
0.3203125 0.7487244606018066 0.6875 0 64 254
0.3202056586742401 0.7578125 0.4609375 3 65 253
0.3203125 0.765625 0.43732112646102905 136 132 186
0.315517783164978 0.765625 0.5703125 108 118 200
0.3203125 0.7709245085716248 0.375 3 65 253
0.3203125 0.7710098028182983 0.515625 160 144 174
0.31420543789863586 0.78125 0.3125 7 67 251
0.3203125 0.78125 0.5208982825279236 5 66 252
0.31878939270973206 0.7890625 0.3125 21 74 244
0.31504470109939575 0.7890625 0.40625 4 66 252
0.3203125 0.7862139344215393 0.625 7 67 251
0.3179963231086731 0.796875 0.3359375 1 64 254
0.3203125 0.7899374961853027 0.484375 100 114 204
0.3203125 0.796875 0.6030306220054626 1 64 254
0.3131091892719269 0.8046875 0.46875 2 65 253
0.3183939754962921 0.8125 0.453125 0 64 254
0.3203125 0.8149061799049377 0.4609375 0 64 254
0.3273555338382721 0.171875 0.3671875 0 64 254
0.328125 0.1673882007598877 0.5390625 0 64 255
0.328125 0.17397327721118927 0.5 1 64 254
0.328125 0.18135970830917358 0.4765625 0 64 254
0.328125 0.18774527311325073 0.46875 80 104 214
0.328125 0.2007853090763092 0.421875 1 64 254
0.328125 0.203125 0.4922742247581482 18 73 245
0.32735657691955566 0.2109375 0.53125 3 65 253
0.328125 0.21338920295238495 0.40625 22 75 243
0.328125 0.21875 0.47760817408561707 59 93 225
0.3255785405635834 0.2265625 0.3203125 4 66 252
0.328125 0.2265625 0.3969898819923401 255 192 127
0.328125 0.2255975306034088 0.5546875 0 64 254
0.32055985927581787 0.234375 0.3203125 2 65 253
0.328125 0.234375 0.4761752784252167 65 97 222
0.32734400033950806 0.234375 0.578125 8 68 250
0.32442575693130493 0.2421875 0.375 1 64 254
0.328125 0.23739230632781982 0.5859375 84 106 212
0.3227739632129669 0.25 0.484375 2 65 253
0.328125 0.24756953120231628 0.6328125 0 64 254
0.328125 0.2509728670120239 0.640625 3 65 253
0.32662978768348694 0.2578125 0.6796875 0 64 254
0.328125 0.25300052762031555 0.7890625 0 64 254
0.328125 0.265625 0.34062686562538147 2 65 253
0.328125 0.263260155916214 0.7265625 0 64 254
0.328125 0.2709658443927765 0.2734375 1 64 254
0.3236408829689026 0.2734375 0.765625 16 72 246
0.328125 0.28125 0.33315926790237427 0 64 254
0.328125 0.28125 0.7329923510551453 0 64 254
0.328125 0.2890625 0.7079452872276306 0 64 254
0.328125 0.2966069281101227 0.296875 7 67 251
0.3258119225502014 0.296875 0.7578125 1 64 254
0.328125 0.3046875 0.717449426651001 0 64 254
0.328125 0.3125 0.21890896558761597 11 69 249
0.328125 0.30855077505111694 0.7734375 0 64 254
0.3225345015525818 0.3203125 0.2734375 0 64 255
0.328125 0.328125 0.21926677227020264 14 71 247
0.328125 0.3251930773258209 0.84375 50 89 229
0.328125 0.34375 0.23090483248233795 3 65 253
0.328125 0.3515625 0.22609341144561768 2 65 253
0.328125 0.3546102046966553 0.203125 18 73 245
0.328125 0.35374578833580017 0.8203125 15 71 247
0.328125 0.3671875 0.8239831328392029 66 97 221
0.3270680010318756 0.3828125 0.2578125 2 65 253
0.328125 0.390625 0.2531962990760803 14 71 247
0.32456064224243164 0.3984375 0.859375 46 87 231
0.3226093649864197 0.4140625 0.1875 5 66 252
0.328125 0.427498996257782 0.1875 7 67 251
0.328125 0.4375 0.25543758273124695 3 65 253
0.328125 0.4453125 0.85174959897995 1 64 254
0.328125 0.4545329213142395 0.265625 40 84 234
0.328125 0.46875 0.838961124420166 11 69 249
0.32340171933174133 0.484375 0.25 1 64 254
0.328125 0.4921875 0.8394058346748352 4 66 252
0.328125 0.5027894377708435 0.2421875 14 71 247
0.328125 0.5234375 0.20351842045783997 0 64 254
0.328125 0.5299186706542969 0.2421875 1 64 254
0.328125 0.5344572067260742 0.8046875 42 85 233
0.32760879397392273 0.546875 0.8203125 62 95 223
0.328125 0.5546875 0.8184725046157837 255 192 127
0.328125 0.5645419359207153 0.234375 1 64 254
0.328125 0.578125 0.825409471988678 0 64 255
0.326429545879364 0.59375 0.2109375 0 64 254
0.328125 0.59375 0.770395815372467 186 157 161
0.328125 0.5990594029426575 0.7421875 0 64 254
0.328125 0.5967878699302673 0.8359375 158 143 175
0.328125 0.6024304628372192 0.8046875 255 192 127
0.328125 0.625 0.2572164833545685 0 64 254
0.32548725605010986 0.6328125 0.7265625 84 106 212
0.3238919675350189 0.640625 0.8125 255 192 127
0.328125 0.6484375 0.7870572805404663 3 65 253
0.3262787163257599 0.65625 0.7734375 0 64 254
0.328125 0.6578668355941772 0.7734375 0 64 255
0.3247867226600647 0.671875 0.765625 0 64 255
0.328125 0.6796875 0.7692669034004211 0 64 255
0.328125 0.6953125 0.7121421694755554 56 92 226
0.3217708468437195 0.703125 0.7578125 0 64 254
0.3252407908439636 0.7109375 0.6875 4 66 252
0.328125 0.7125902771949768 0.265625 0 64 254
0.328125 0.7163953185081482 0.75 0 64 254
0.32648974657058716 0.7265625 0.484375 0 64 254
0.328125 0.7223480939865112 0.7421875 0 64 254
0.328125 0.7324397563934326 0.4765625 255 192 127
0.3221518099308014 0.734375 0.53125 255 192 127
0.3241884708404541 0.734375 0.7265625 1 64 254
0.328125 0.7421875 0.2991728186607361 0 64 255
0.328125 0.7358828783035278 0.5234375 8 68 250
0.32556527853012085 0.7421875 0.59375 83 105 213
0.328125 0.7395520806312561 0.71875 6 67 251
0.32551684975624084 0.75 0.3359375 8 68 250
0.3241511583328247 0.75 0.4296875 55 92 227
0.32730409502983093 0.75 0.609375 22 75 243
0.328125 0.7504178881645203 0.3125 0 64 255
0.328125 0.751559317111969 0.390625 12 70 248
0.32697656750679016 0.7578125 0.6875 0 64 254
0.328125 0.7580752968788147 0.4609375 3 65 253
0.32749485969543457 0.7734375 0.375 20 74 244
0.328125 0.7729249000549316 0.515625 16 72 246
0.328125 0.78125 0.2672281265258789 0 64 254
0.3257334530353546 0.78125 0.5234375 250 189 129
0.3255753815174103 0.7890625 0.2734375 9 68 250
0.328125 0.7890625 0.5263566374778748 2 65 253
0.3205339014530182 0.796875 0.2890625 162 145 173
0.322936087846756 0.796875 0.375 87 107 211
0.3219470977783203 0.796875 0.5546875 0 64 254
0.328125 0.800146222114563 0.2890625 74 101 217
0.32631590962409973 0.8046875 0.375 1 64 254
0.328125 0.8070247173309326 0.34375 13 70 248
0.32562750577926636 0.8125 0.4609375 0 64 254
0.3359375 0.1640625 0.3306969702243805 2 65 253
0.3359375 0.1625298410654068 0.40625 3 65 253
0.3359375 0.171875 0.3638607859611511 7 67 251
0.3359375 0.17010538280010223 0.546875 0 64 255
0.3359375 0.1796875 0.36505603790283203 0 64 254
0.3350156843662262 0.1875 0.3359375 2 65 253
0.3316923975944519 0.1875 0.4375 187 157 161
0.3359375 0.18649432063102722 0.5703125 0 64 254
0.3339814841747284 0.1953125 0.40625 2 65 253
0.3310197591781616 0.1953125 0.4609375 0 64 254
0.3295027017593384 0.203125 0.3515625 2 65 253
0.3359375 0.19706137478351593 0.484375 1 64 254
0.33375459909439087 0.203125 0.5390625 3 65 253
0.3359375 0.2109375 0.43894273042678833 255 192 127
0.3328762352466583 0.2109375 0.546875 8 68 250
0.3327527344226837 0.21875 0.3984375 122 125 193
0.33432912826538086 0.21875 0.5546875 1 64 254
0.32821813225746155 0.2265625 0.3125 16 72 246
0.3321602940559387 0.2265625 0.390625 35 81 237
0.3359375 0.2265625 0.5628421306610107 255 192 127
0.3359375 0.23135064542293549 0.375 2 65 253
0.3359375 0.234375 0.5842153429985046 22 75 243
0.3359375 0.235113263130188 0.3671875 12 70 248
0.3359375 0.2421875 0.5975050926208496 28 78 240
0.3359375 0.2468262016773224 0.28125 21 74 244
0.3359375 0.24413025379180908 0.65625 3 65 253
0.32930082082748413 0.2578125 0.28125 4 66 252
0.3359375 0.2576881945133209 0.703125 57 92 226
0.330585777759552 0.265625 0.2734375 11 69 249
0.3359375 0.265625 0.6420845985412598 5 66 252
0.3359375 0.26789867877960205 0.328125 3 65 253
0.3359375 0.27304592728614807 0.6796875 24 76 242
0.3359375 0.27355822920799255 0.265625 4 66 252
0.3359375 0.28125 0.7378338575363159 0 64 254
0.33195924758911133 0.2890625 0.7109375 0 64 255
0.3359375 0.296875 0.24084225296974182 0 64 254
0.3359375 0.296875 0.740731954574585 0 64 254
0.3359375 0.3046875 0.7173019647598267 103 116 203
0.3359375 0.29884985089302063 0.8203125 2 65 253
0.3359375 0.3048933744430542 0.7734375 0 64 254
0.3359375 0.3203125 0.7336609959602356 0 64 255
0.3359375 0.328125 0.25653553009033203 3 65 253
0.3359375 0.33107197284698486 0.2578125 9 68 250
0.32937124371528625 0.34375 0.8125 8 68 250
0.3359375 0.35080716013908386 0.8203125 25 76 242
0.3359375 0.359375 0.2704228460788727 2 65 253
0.3359375 0.359375 0.8229337334632874 0 64 255
0.3331688940525055 0.3671875 0.421875 5 66 252
0.3359375 0.3693748116493225 0.4140625 48 88 230
0.3359375 0.3828125 0.8551397919654846 16 72 246
0.3359375 0.3984375 0.24934443831443787 14 71 247
0.3359375 0.40625 0.8349798321723938 9 68 250
0.3359375 0.421875 0.1849953681230545 8 68 250
0.3359375 0.4296875 0.8362758755683899 88 108 210
0.3359375 0.4375 0.8567235469818115 54 91 227
0.3359375 0.453125 0.1880301833152771 43 86 233
0.33548399806022644 0.4609375 0.265625 1 64 254
0.3307640850543976 0.46875 0.8359375 95 112 207
0.3359375 0.4765625 0.2575962543487549 2 65 253
0.3359375 0.4921875 0.19961996376514435 19 73 245
0.3359375 0.5 0.8382118344306946 14 71 247
0.3359375 0.5078125 0.8573365807533264 22 75 243
0.3359375 0.5234375 0.8287997245788574 255 192 127
0.3359375 0.53125 0.8496840000152588 2 65 253
0.3359375 0.5466951727867126 0.203125 46 87 231
0.3359375 0.546875 0.842387318611145 63 95 223
0.3359375 0.5508884787559509 0.8359375 1 64 254
0.3359375 0.5703125 0.23986439406871796 0 64 254
0.33486953377723694 0.5859375 0.2109375 4 66 252
0.3359375 0.588054895401001 0.2109375 5 66 252
0.3359375 0.6015625 0.19407907128334045 102 115 203
0.33448851108551025 0.6015625 0.765625 60 94 224
0.329453706741333 0.609375 0.203125 255 192 127
0.33580583333969116 0.609375 0.765625 102 115 203
0.3359375 0.6171875 0.19450035691261292 0 64 254
0.3359375 0.613000750541687 0.78125 255 192 127
0.3359375 0.6220166087150574 0.25 0 64 254
0.3359375 0.6328125 0.7325419187545776 0 64 254
0.3359375 0.640625 0.8232113718986511 59 93 225
0.3359375 0.6484184861183167 0.8046875 0 64 254
0.3359375 0.6538342237472534 0.78125 3 65 253
0.33567413687705994 0.6640625 0.734375 3 65 253
0.3359375 0.671875 0.7286930680274963 13 70 248
0.3359375 0.6796875 0.7730080485343933 0 64 254
0.33097097277641296 0.6953125 0.765625 0 64 255
0.3359375 0.703125 0.7641145586967468 0 64 255
0.3359375 0.71875 0.21266302466392517 106 117 201
0.3283003270626068 0.7265625 0.2265625 10 69 249
0.33129554986953735 0.734375 0.2421875 69 98 220
0.3289601802825928 0.734375 0.65625 66 97 221
0.3284735381603241 0.7421875 0.2890625 1 64 254
0.3359375 0.7421875 0.51326584815979 0 64 254
0.3359375 0.7421875 0.6518911123275757 55 92 227
0.3359375 0.75 0.2790830433368683 4 66 252
0.3359375 0.75 0.47179919481277466 2 65 253
0.3359375 0.7443051338195801 0.578125 18 73 245
0.3329713046550751 0.75 0.703125 0 64 254
0.3350334167480469 0.7578125 0.3125 0 64 254
0.3359375 0.7550614476203918 0.375 119 123 195
0.3359375 0.7564463019371033 0.4609375 2 65 253
0.3359375 0.7514095306396484 0.6171875 0 64 254
0.3359375 0.75871342420578 0.34375 27 77 241
0.3282073736190796 0.765625 0.671875 0 64 255
0.32923564314842224 0.7734375 0.5 6 67 251
0.3359375 0.7790318727493286 0.265625 13 70 248
0.3359375 0.7802514433860779 0.5234375 255 192 127
0.3359375 0.78125 0.6663472056388855 0 64 254
0.3359375 0.7886298894882202 0.53125 175 151 167
0.3359375 0.7888298630714417 0.6484375 0 64 254
0.3359375 0.7921477556228638 0.3984375 0 64 254
0.3359375 0.7960511445999146 0.5390625 5 66 252
0.3359375 0.7920860648155212 0.609375 86 107 211
0.3359375 0.8046875 0.3379911780357361 0 64 254
0.3359375 0.7991915345191956 0.484375 9 68 250
0.3353118598461151 0.8125 0.3671875 0 64 254
0.3359375 0.8121276497840881 0.421875 93 111 208
0.3359375 0.8155218958854675 0.375 0 64 254
0.34375 0.161639004945755 0.3515625 195 162 157
0.34375 0.1640625 0.41149619221687317 1 64 254
0.34375 0.1700596958398819 0.359375 6 67 251
0.34375 0.1648993194103241 0.5546875 4 66 252
0.34375 0.17254894971847534 0.390625 1 64 254
0.34375 0.17497625946998596 0.46875 7 67 251
0.3435966968536377 0.1796875 0.5625 0 64 254
0.34375 0.1842263787984848 0.4296875 13 70 248
0.34375 0.19347406923770905 0.328125 13 70 248
0.34352266788482666 0.1953125 0.4765625 7 67 251
0.34375 0.19162806868553162 0.53125 0 64 254
0.34375 0.1958007663488388 0.3828125 63 95 223
0.34375 0.1991390734910965 0.5 0 64 255
0.34375 0.20428916811943054 0.3359375 0 64 254
0.34375 0.20902512967586517 0.46875 71 99 219
0.33990156650543213 0.21875 0.3203125 43 85 233
0.342499315738678 0.21875 0.4609375 6 67 251
0.34375 0.21875 0.5848457217216492 116 122 196
0.3411450684070587 0.2265625 0.375 7 67 251
0.33778202533721924 0.2265625 0.59375 5 67 252
0.34375 0.2307898849248886 0.34375 221 175 144
0.34375 0.234375 0.5901792645454407 9 68 250
0.34375 0.23938043415546417 0.2890625 0 64 254
0.34375 0.24216699600219727 0.6640625 0 64 254
0.34375 0.242292582988739 0.6015625 0 64 255
0.34375 0.2562841773033142 0.34375 1 64 254
0.3408415913581848 0.2578125 0.71875 1 64 254
0.34375 0.25775402784347534 0.8046875 34 81 237
0.34375 0.2626461386680603 0.640625 0 64 255
0.34375 0.26493385434150696 0.765625 4 66 252
0.34375 0.27323463559150696 0.671875 118 123 195
0.34375 0.28125 0.2589925527572632 44 86 232
0.3416612148284912 0.28125 0.75 1 64 254
0.34375 0.2850402593612671 0.3046875 0 64 254
0.34375 0.2947646975517273 0.2890625 1 64 254
0.34375 0.3046875 0.22212566435337067 1 64 254
0.34375 0.3046875 0.767084002494812 0 64 254
0.34375 0.3125 0.26972755789756775 0 64 255
0.34375 0.3125 0.832949697971344 121 125 194
0.34375 0.3203125 0.742821216583252 13 70 248
0.34375 0.3238067924976349 0.796875 0 64 254
0.34375 0.3359375 0.8131763935089111 2 65 253
0.34375 0.3515625 0.26684483885765076 5 66 252
0.3375966548919678 0.359375 0.4140625 47 87 231
0.3371244966983795 0.3671875 0.265625 1 64 254
0.34375 0.3671875 0.36894431710243225 16 72 246
0.34375 0.369484543800354 0.3515625 30 79 239
0.34375 0.3806644678115845 0.8515625 3 65 253
0.34375 0.390625 0.8593023419380188 14 71 247
0.338773638010025 0.40625 0.25 255 192 127
0.34375 0.4140625 0.8349844813346863 255 192 127
0.3404679596424103 0.421875 0.8359375 96 112 206
0.3367847502231598 0.4296875 0.8359375 1 64 254
0.3431951403617859 0.4375 0.2421875 1 64 254
0.34375 0.4453125 0.8291266560554504 255 192 127
0.34375 0.453125 0.8572588562965393 255 192 127
0.33769655227661133 0.46875 0.1796875 77 102 216
0.34375 0.46875 0.858363687992096 144 136 182
0.34375 0.4713623821735382 0.859375 255 192 127
0.3405854403972626 0.484375 0.8359375 1 64 254
0.34375 0.4921875 0.2045506089925766 0 64 254
0.34375 0.5 0.24223925173282623 21 74 244
0.33785882592201233 0.515625 0.2109375 0 64 254
0.3386927545070648 0.5234375 0.2421875 3 65 253
0.34375 0.53125 0.8231475353240967 242 185 133
0.34375 0.539584755897522 0.203125 196 162 156
0.34375 0.553195595741272 0.2109375 0 64 255
0.33953261375427246 0.5546875 0.84375 222 175 143
0.34375 0.5624507665634155 0.8359375 1 64 254
0.34375 0.578125 0.7987599968910217 0 64 255
0.3380061388015747 0.59375 0.1953125 4 66 252
0.3384869694709778 0.6015625 0.1875 156 142 176
0.3384455740451813 0.609375 0.1875 17 72 246
0.3428548574447632 0.6171875 0.2421875 0 64 255
0.3431132435798645 0.6171875 0.8046875 0 64 254
0.3366387188434601 0.625 0.734375 45 86 232
0.34375 0.6179140210151672 0.8046875 6 67 251
0.3408876657485962 0.6328125 0.7578125 7 67 251
0.3403826951980591 0.640625 0.25 0 64 255
0.34375 0.6484375 0.1891452521085739 70 99 219
0.34375 0.6484375 0.7588629126548767 2 65 253
0.34251534938812256 0.65625 0.2578125 0 64 255
0.34375 0.6522241234779358 0.8046875 90 109 209
0.34375 0.6697282195091248 0.203125 185 156 162
0.34375 0.6796875 0.2044544368982315 0 64 254
0.3430260717868805 0.6875 0.734375 50 89 229
0.34375 0.6953125 0.735001266002655 10 69 249
0.34375 0.6959866881370544 0.734375 15 71 247
0.3430515229701996 0.7109375 0.71875 5 66 252
0.34375 0.71875 0.690646767616272 50 89 229
0.34375 0.7265625 0.21523159742355347 204 166 152
0.34375 0.7322477698326111 0.2265625 144 136 182
0.34375 0.734375 0.7412904500961304 0 64 254
0.3378797471523285 0.7421875 0.5078125 16 72 246
0.34375 0.75 0.2783312499523163 188 158 160
0.34301498532295227 0.75 0.53125 7 67 251
0.3407047688961029 0.75 0.6328125 2 65 253
0.34227874875068665 0.7578125 0.2421875 0 64 254
0.34375 0.7577545642852783 0.375 255 192 127
0.341122031211853 0.7578125 0.46875 0 64 254
0.34375 0.7578125 0.5952253937721252 77 102 216
0.34375 0.7510011196136475 0.71875 2 65 253
0.3426882028579712 0.765625 0.3203125 0 64 255
0.34375 0.765625 0.43226057291030884 229 179 140
0.34375 0.7734375 0.29641100764274597 7 67 251
0.336191326379776 0.7734375 0.6796875 1 64 254
0.34240323305130005 0.78125 0.4609375 33 80 238
0.34375 0.7788400053977966 0.625 2 65 253
0.34375 0.7788456678390503 0.6953125 2 65 253
0.34375 0.7890625 0.469348669052124 1 64 254
0.34375 0.7888063192367554 0.609375 3 65 253
0.34375 0.7821972370147705 0.6796875 0 64 254
0.34375 0.796875 0.4409113824367523 3 65 253
0.34375 0.796875 0.5675703287124634 2 65 253
0.3414245843887329 0.8046875 0.3203125 31 79 239
0.3420851528644562 0.8046875 0.4140625 0 64 254
0.33595073223114014 0.8046875 0.4765625 4 66 252
0.34311428666114807 0.8125 0.3125 79 104 215
0.3369987905025482 0.8125 0.359375 0 64 254
0.34129598736763 0.8203125 0.34375 0 64 254
0.3397347033023834 0.828125 0.3359375 17 72 246
0.34375 0.8341647386550903 0.3359375 1 64 254
0.3511383831501007 0.15625 0.4609375 4 66 252
0.3515625 0.1625581979751587 0.3125 51 90 229
0.3515625 0.16148631274700165 0.40625 8 68 250
0.3515625 0.1640625 0.48148560523986816 0 64 254
0.3515625 0.15823042392730713 0.5546875 17 72 246
0.3515625 0.171875 0.4224940538406372 3 65 253
0.3515625 0.171875 0.5050252079963684 2 65 253
0.3515625 0.1796875 0.3793550729751587 16 72 246
0.3515625 0.1796875 0.49105387926101685 14 71 247
0.3515625 0.1844029575586319 0.40625 2 65 253
0.3515625 0.1875 0.4925957918167114 0 64 254
0.3446108400821686 0.1953125 0.328125 9 68 250
0.3515625 0.1919252723455429 0.46875 11 69 249
0.34958070516586304 0.1953125 0.5546875 3 65 253
0.3515625 0.19604429602622986 0.4453125 37 82 236
0.3515625 0.203125 0.5846412777900696 11 69 249
0.35122916102409363 0.2109375 0.453125 202 165 153
0.34807470440864563 0.21875 0.3359375 0 64 254
0.3515625 0.21542108058929443 0.59375 1 64 254
0.3515625 0.2197738140821457 0.328125 10 69 249
0.3515625 0.22559024393558502 0.625 0 64 254
0.3515625 0.23332637548446655 0.59375 17 72 246
0.3515625 0.2351839244365692 0.2890625 3 65 253
0.3515625 0.23790696263313293 0.6640625 0 64 254
0.3515625 0.24965718388557434 0.625 2 65 253
0.3515625 0.2498239278793335 0.734375 0 64 254
0.3515625 0.25023898482322693 0.3203125 4 66 252
0.34903591871261597 0.2578125 0.6875 245 187 132
0.3515625 0.25583863258361816 0.796875 0 64 254
0.3515625 0.265625 0.6525763273239136 2 65 253
0.3515625 0.25932788848876953 0.7734375 36 82 236
0.3446583151817322 0.2734375 0.671875 189 158 160
0.3515625 0.28069230914115906 0.2578125 6 67 251
0.350502610206604 0.28125 0.7109375 0 64 254
0.3515625 0.2890625 0.2905271351337433 0 64 254
0.3515625 0.296875 0.7195481061935425 18 73 245
0.3515625 0.29688289761543274 0.25 0 64 254
0.34655264019966125 0.3046875 0.8203125 170 149 169
0.3515625 0.3125 0.7375653982162476 11 69 249
0.3515625 0.3125 0.8270928859710693 28 78 240
0.3515625 0.31410646438598633 0.828125 63 95 223
0.3515625 0.3226844072341919 0.8359375 10 69 249
0.3515625 0.33040615916252136 0.84375 255 192 127
0.3515625 0.3515625 0.26492413878440857 255 192 127
0.34882211685180664 0.3671875 0.21875 0 64 254
0.3508324921131134 0.375 0.2109375 0 64 255
0.3515625 0.3766634464263916 0.1953125 13 70 248
0.3515625 0.3853391706943512 0.1875 0 64 254
0.3493673503398895 0.3984375 0.2578125 5 66 252
0.3515625 0.40625 0.836626410484314 12 70 248
0.3515625 0.4095204770565033 0.2421875 146 137 181
0.34826675057411194 0.421875 0.234375 0 64 254
0.34672895073890686 0.4375 0.1796875 230 179 139
0.3515625 0.4453125 0.17234160006046295 17 72 246
0.3515625 0.453125 0.24951007962226868 117 123 196
0.3515625 0.4609375 0.8265966176986694 0 64 254
0.3479284942150116 0.4765625 0.25 10 69 249
0.3515625 0.477186918258667 0.859375 1 64 254
0.3515625 0.49478238821029663 0.1796875 5 66 252
0.3515625 0.5078125 0.8371129035949707 6 67 251
0.3515625 0.515625 0.8563886880874634 26 77 241
0.3515625 0.53125 0.8292766809463501 32 80 238
0.3515625 0.5390625 0.8536873459815979 42 85 233
0.3491364121437073 0.5546875 0.1875 177 153 166
0.34826961159706116 0.5546875 0.8515625 51 89 229
0.34379586577415466 0.5625 0.8359375 0 64 254
0.34524860978126526 0.5703125 0.828125 44 86 232
0.3515625 0.5844379663467407 0.203125 45 86 232
0.3515625 0.5905657410621643 0.1875 45 86 232
0.3515625 0.6015625 0.24007803201675415 1 64 254
0.34419772028923035 0.609375 0.84375 3 65 253
0.3515625 0.6171875 0.8340265154838562 105 117 202
0.3515625 0.6225312352180481 0.828125 202 165 153
0.3515625 0.6268953680992126 0.796875 2 65 253
0.3515625 0.6357685327529907 0.7734375 0 64 254
0.3515625 0.6434910297393799 0.8125 0 64 254
0.3515625 0.6496516466140747 0.765625 1 64 254
0.3497397005558014 0.6640625 0.2421875 0 64 254
0.347120463848114 0.671875 0.203125 80 104 214
0.3515625 0.6796875 0.2098252922296524 0 64 254
0.34860339760780334 0.6875 0.7421875 2 65 253
0.3515625 0.6953125 0.7693553566932678 0 64 254
0.3515625 0.7088267207145691 0.2578125 1 64 254
0.3480032682418823 0.71875 0.7109375 3 65 253
0.3501434326171875 0.7265625 0.6875 3 65 253
0.3515625 0.734375 0.21634936332702637 200 164 154
0.3515625 0.734375 0.7475000023841858 0 64 254
0.34637707471847534 0.7421875 0.734375 0 64 254
0.34869685769081116 0.75 0.5078125 4 66 252
0.3515625 0.75 0.7310543656349182 0 64 254
0.3515625 0.7555288076400757 0.390625 5 66 252
0.3515625 0.753131091594696 0.4921875 7 67 251
0.3515625 0.7578125 0.5571839809417725 39 83 235
0.3515625 0.7522420287132263 0.625 22 75 243
0.3515625 0.7623493671417236 0.234375 38 83 235
0.3515625 0.7608098983764648 0.375 139 134 185
0.3515625 0.7590731382369995 0.4765625 5 66 252
0.3515625 0.7611963748931885 0.71875 0 64 254
0.3496951758861542 0.7734375 0.34375 31 79 239
0.3515625 0.78125 0.2606266140937805 18 73 245
0.3515625 0.78125 0.3525402843952179 2 65 253
0.3515625 0.7811358571052551 0.6953125 0 64 254
0.3515625 0.7823076844215393 0.3203125 0 64 254
0.3515625 0.7879447340965271 0.46875 0 64 254
0.3515625 0.7890625 0.5831171870231628 38 83 235
0.3515625 0.7852415442466736 0.6875 0 64 254
0.35013341903686523 0.796875 0.359375 9 68 250
0.34624534845352173 0.796875 0.4375 45 86 232
0.35095587372779846 0.796875 0.5546875 7 67 251
0.34680211544036865 0.796875 0.640625 0 64 254
0.34829092025756836 0.8046875 0.3359375 0 64 254
0.34479543566703796 0.8046875 0.53125 1 64 254
0.3515625 0.8068316578865051 0.3515625 4 66 252
0.3513176143169403 0.8203125 0.3125 59 93 225
0.3515625 0.828125 0.35931068658828735 22 75 243
0.3515625 0.8359375 0.3268820345401764 44 86 232
0.3515625 0.8375982046127319 0.34375 13 70 248
0.35457322001457214 0.15625 0.453125 6 67 251
0.359375 0.15616735816001892 0.515625 61 95 224
0.35461899638175964 0.15625 0.5546875 201 165 154
0.359375 0.1580943465232849 0.375 7 67 251
0.3550335168838501 0.1640625 0.4921875 2 65 253
0.359375 0.17026478052139282 0.375 9 68 250
0.359375 0.171875 0.4774046838283539 0 64 254
0.359375 0.1796875 0.39157572388648987 15 71 247
0.35288363695144653 0.1753903031349182 0.49055585265159607 0 64 254
0.359375 0.1796875 0.5828341245651245 1 64 254
0.359375 0.1848672777414322 0.4375 88 108 210
0.357196182012558 0.1875 0.53125 1 64 254
0.359375 0.19392944872379303 0.3125 26 77 241
0.359375 0.1913071870803833 0.4453125 150 139 179
0.359375 0.19237060844898224 0.515625 7 67 251
0.359375 0.203125 0.3644166588783264 51 89 229
0.359375 0.203125 0.5678049325942993 212 170 148
0.359375 0.2070864588022232 0.5703125 218 173 145
0.359375 0.21875 0.580254077911377 241 185 134
0.3558812439441681 0.2265625 0.359375 0 64 254
0.3552870452404022 0.2265625 0.640625 0 64 254
0.3577289581298828 0.234375 0.3515625 0 64 254
0.359375 0.234375 0.6178105473518372 1 64 254
0.35407933592796326 0.2421875 0.34375 7 67 251
0.359375 0.24575988948345184 0.265625 135 131 187
0.359375 0.24401018023490906 0.671875 0 64 254
0.359375 0.24344155192375183 0.71875 7 67 251
0.359375 0.2578125 0.6431502103805542 7 67 251
0.35758352279663086 0.265625 0.2578125 99 114 205
0.359375 0.265625 0.6879279613494873 0 64 254
0.359375 0.265625 0.799394428730011 255 192 127
0.359375 0.2734375 0.6911015510559082 0 64 254
0.3587307929992676 0.28125 0.2890625 1 64 254
0.359375 0.28125 0.716396689414978 0 64 255
0.359375 0.2890625 0.7243406176567078 3 65 253
0.359375 0.296875 0.7602274417877197 219 174 145
0.359375 0.3046875 0.7338953018188477 63 96 223
0.359375 0.3046875 0.8082791566848755 11 69 249
0.359375 0.30731508135795593 0.8125 47 87 231
0.359375 0.3169535994529724 0.8203125 255 192 127
0.359375 0.3237907588481903 0.828125 46 87 231
0.359375 0.33591023087501526 0.84375 5 66 252
0.359375 0.3478505313396454 0.8125 1 64 254
0.359375 0.35401538014411926 0.8203125 8 68 250
0.359375 0.35946452617645264 0.8515625 255 192 127
0.359375 0.3828125 0.1934947669506073 32 80 238
0.3525499105453491 0.3828125 0.828125 89 108 210
0.359375 0.3885374963283539 0.8359375 255 192 127
0.35876473784446716 0.3984375 0.8671875 255 192 127
0.359375 0.4027479290962219 0.8671875 255 192 127
0.359375 0.4145916998386383 0.1875 160 144 174
0.359375 0.4296875 0.23211030662059784 4 66 252
0.3547026216983795 0.4375 0.8359375 31 80 239
0.359375 0.453125 0.24013204872608185 11 69 249
0.359375 0.4609375 0.24455657601356506 0 64 254
0.359375 0.46875 0.8466516733169556 1 64 254
0.359375 0.484375 0.8303582072257996 0 64 254
0.3553397059440613 0.5 0.1796875 48 88 230
0.359375 0.5078125 0.18205931782722473 62 95 223
0.359375 0.5002979636192322 0.859375 167 148 171
0.359375 0.5234375 0.19339241087436676 0 64 254
0.359375 0.53125 0.8577882051467896 63 95 223
0.359375 0.546875 0.18022839725017548 120 124 194
0.359375 0.5476956367492676 0.1796875 67 97 221
0.359375 0.5549536943435669 0.234375 0 64 254
0.359375 0.5703125 0.18769901990890503 3 65 253
0.359375 0.578125 0.19385920464992523 3 65 253
0.359375 0.5859375 0.2406506985425949 2 65 253
0.35392922163009644 0.59375 0.8359375 222 175 143
0.35205113887786865 0.609375 0.234375 0 64 254
0.359375 0.6171875 0.22580085694789886 0 64 255
0.35895171761512756 0.625 0.8203125 204 166 152
0.359375 0.6328125 0.8135262131690979 109 119 200
0.359375 0.640625 0.8110268115997314 13 70 248
0.359375 0.6547136902809143 0.765625 0 64 254
0.359375 0.6640625 0.7968267798423767 5 66 252
0.359375 0.671875 0.7788692712783813 0 64 254
0.359375 0.672625720500946 0.7578125 0 64 255
0.35898134112358093 0.6953125 0.2421875 77 103 216
0.359375 0.703125 0.2449457049369812 80 104 214
0.359375 0.7109375 0.728974461555481 1 64 254
0.359375 0.71875 0.7567244172096252 0 64 254
0.359375 0.7265625 0.7559239268302917 0 64 254
0.359375 0.7277345061302185 0.71875 22 75 243
0.35347405076026917 0.7421875 0.7421875 0 64 254
0.35531386733055115 0.75 0.734375 0 64 254
0.3560166656970978 0.7578125 0.4921875 4 66 252
0.3570476770401001 0.7578125 0.578125 3 65 253
0.3565196990966797 0.7578125 0.7265625 0 64 254
0.3567846417427063 0.765625 0.375 0 64 254
0.359375 0.7614511847496033 0.4453125 15 71 247
0.3560771644115448 0.765625 0.546875 1 64 254
0.359375 0.7595098614692688 0.609375 1 64 254
0.3558003604412079 0.7734375 0.359375 1 64 254
0.359375 0.7734375 0.7073977589607239 0 64 254
0.359375 0.78125 0.6171483397483826 172 150 168
0.359375 0.7876015901565552 0.2578125 57 92 226
0.359375 0.7890625 0.36932802200317383 12 70 248
0.359375 0.7881259918212891 0.609375 19 73 245
0.359375 0.796875 0.2606343924999237 255 192 127
0.3540482521057129 0.796875 0.3671875 13 71 248
0.35391461849212646 0.796875 0.4453125 4 66 252
0.359375 0.796875 0.5040807127952576 10 69 249
0.359375 0.796875 0.6294566988945007 1 64 254
0.35287120938301086 0.8046875 0.359375 2 65 253
0.359375 0.8020464181900024 0.4609375 17 72 246
0.359375 0.7982509732246399 0.6484375 0 64 254
0.359375 0.8125 0.37966665625572205 10 69 249
0.359375 0.8122217059135437 0.5390625 1 65 254
0.359375 0.8202323317527771 0.515625 0 64 254
0.3518007695674896 0.828125 0.359375 1 64 254
0.359375 0.8208155035972595 0.5234375 0 64 254
0.3671875 0.1484375 0.45354509353637695 10 69 249
0.3671875 0.14435280859470367 0.5390625 8 68 250
0.3645451068878174 0.15625 0.3515625 21 75 244
0.3671875 0.15625 0.44726407527923584 39 83 235
0.3622540235519409 0.15625 0.5078125 18 73 245
0.3642846345901489 0.1640625 0.3984375 39 83 235
0.3671875 0.171875 0.3530374765396118 0 64 254
0.36310452222824097 0.171875 0.4296875 3 65 253
0.3671875 0.1681777536869049 0.4765625 0 64 254
0.3671875 0.1796875 0.3438623249530792 255 192 127
0.3671875 0.17225110530853271 0.4921875 0 64 254
0.3671875 0.1796875 0.5557901859283447 13 70 248
0.3619680404663086 0.1875 0.3671875 248 188 130
0.3621140122413635 0.1875 0.4609375 61 94 224
0.3671875 0.1875 0.5649235844612122 12 70 248
0.36331212520599365 0.1953125 0.4296875 215 172 147
0.3671875 0.19295437633991241 0.59375 1 64 254
0.3671875 0.19600306451320648 0.4453125 12 70 248
0.36444026231765747 0.2109375 0.359375 133 130 188
0.3613765239715576 0.21875 0.3125 6 67 251
0.3671875 0.21763655543327332 0.6328125 0 64 254
0.3671875 0.2251920998096466 0.296875 237 183 136
0.3671875 0.22379769384860992 0.6484375 4 66 252
0.3671875 0.22908160090446472 0.34375 15 71 247
0.35979586839675903 0.2421875 0.328125 0 64 254
0.3671875 0.2433508187532425 0.3203125 0 64 254
0.3671875 0.24320200085639954 0.7109375 2 65 253
0.3671875 0.2563483417034149 0.640625 7 67 251
0.3671875 0.265625 0.6467909812927246 7 67 251
0.3661630153656006 0.2734375 0.2421875 14 71 247
0.3671875 0.27305030822753906 0.6875 0 64 254
0.36331066489219666 0.2734375 0.796875 67 97 221
0.3671875 0.28125 0.6756806373596191 25 77 242
0.3671875 0.28125 0.7904816269874573 40 84 234
0.3671875 0.28298306465148926 0.7421875 10 69 249
0.36714354157447815 0.296875 0.7421875 27 77 241
0.3627966344356537 0.3046875 0.2421875 0 64 254
0.36286550760269165 0.3046875 0.8046875 0 64 254
0.3657678961753845 0.3203125 0.2421875 0 64 254
0.3671875 0.328125 0.23887722194194794 0 64 254
0.36321982741355896 0.328125 0.828125 23 75 243
0.3666302561759949 0.3359375 0.8359375 11 69 249
0.3671875 0.34375 0.8499897718429565 0 64 254
0.3671875 0.3538960814476013 0.265625 51 89 229
0.3671875 0.3671875 0.27777349948883057 4 66 252
0.3671875 0.375 0.28301480412483215 49 88 230
0.3671875 0.3754015266895294 0.2265625 121 125 194
0.3671875 0.38395288586616516 0.1953125 254 191 127
0.3671875 0.3984375 0.27120959758758545 44 86 232
0.3671875 0.40252527594566345 0.8359375 255 192 127
0.3671875 0.4140625 0.8290327191352844 20 74 244
0.3671875 0.4296875 0.18035443127155304 90 109 209
0.3671875 0.4375 0.22980903089046478 0 64 254
0.3671875 0.4453125 0.22494027018547058 0 64 254
0.3637685775756836 0.453125 0.234375 2 65 253
0.3671875 0.4609375 0.8246908783912659 0 64 254
0.3671875 0.4725143015384674 0.234375 1 64 254
0.3650878667831421 0.484375 0.8515625 203 166 153
0.3671875 0.5 0.17272864282131195 158 143 175
0.3671875 0.5078125 0.23914116621017456 0 64 254
0.3671875 0.515625 0.8304213881492615 0 64 255
0.3671875 0.530511736869812 0.1875 1 64 254
0.3643551170825958 0.5390625 0.234375 0 64 254
0.3671875 0.546875 0.8554561138153076 149 138 180
0.3671875 0.5625 0.22621497511863708 0 64 255
0.3671875 0.5703125 0.8095053434371948 0 64 254
0.3671875 0.5766186714172363 0.8359375 190 159 159
0.3671875 0.59375 0.1858288198709488 7 67 251
0.3671875 0.5966454744338989 0.234375 1 64 254
0.3603419363498688 0.609375 0.828125 128 128 190
0.3671875 0.6171875 0.8318416476249695 255 192 127
0.3671875 0.6328125 0.18023645877838135 6 67 251
0.3671875 0.6379730105400085 0.234375 0 64 254
0.3671875 0.6484375 0.18057824671268463 24 76 242
0.3671875 0.65625 0.23928749561309814 0 64 254
0.36528894305229187 0.6640625 0.8046875 3 65 253
0.3671875 0.6694240570068359 0.796875 1 64 254
0.3671875 0.6729564666748047 0.7578125 0 64 255
0.3671875 0.6875 0.7470750212669373 0 64 255
0.3671875 0.6910287141799927 0.2421875 8 68 250
0.3671875 0.703125 0.19930721819400787 3 65 253
0.3671875 0.7109375 0.7293294072151184 18 73 245
0.3671875 0.71875 0.7558537125587463 0 64 254
0.3649544417858124 0.734375 0.265625 139 133 185
0.36523914337158203 0.7421875 0.265625 24 76 242
0.3671875 0.75 0.2658604383468628 0 64 255
0.3625170886516571 0.75 0.7421875 0 64 254
0.36587706208229065 0.7578125 0.609375 58 93 225
0.3671875 0.7562679648399353 0.734375 0 64 254
0.36193665862083435 0.765625 0.390625 29 78 240
0.3671875 0.7642781138420105 0.484375 1 64 254
0.3671875 0.765625 0.5325380563735962 4 66 252
0.3671875 0.7597491145133972 0.7265625 0 64 255
0.3671875 0.7683287262916565 0.3984375 0 64 254
0.3671875 0.7679840922355652 0.5390625 4 66 252
0.3652889132499695 0.78125 0.375 23 75 243
0.3671875 0.78125 0.7038312554359436 0 64 254
0.36063799262046814 0.7890625 0.609375 0 64 254
0.3671875 0.78789883852005 0.6953125 0 64 254
0.3671875 0.796875 0.33453819155693054 86 107 211
0.3671875 0.796875 0.5525742173194885 245 187 132
0.3661678731441498 0.796875 0.625 3 65 253
0.36005669832229614 0.8046875 0.265625 1 64 254
0.3671875 0.8046875 0.4269067645072937 21 74 244
0.3637731671333313 0.8046875 0.5 4 66 252
0.3671875 0.8125 0.3452911078929901 0 64 254
0.3634504973888397 0.8125 0.4609375 1 64 254
0.3671875 0.8197324872016907 0.28125 55 92 227
0.3671875 0.8203125 0.3242034316062927 255 192 127
0.3671875 0.8184215426445007 0.3984375 201 165 154
0.366921991109848 0.8203125 0.5078125 3 65 253
0.3671875 0.828125 0.35841506719589233 7 67 251
0.3671875 0.8359375 0.35800132155418396 3 65 253
0.375 0.14617496728897095 0.3515625 6 67 251
0.37099719047546387 0.1484375 0.484375 34 81 237
0.36995407938957214 0.1484375 0.546875 61 94 224
0.375 0.15625 0.43560683727264404 3 65 253
0.3677159249782562 0.1640625 0.3125 17 72 246
0.375 0.1640625 0.39073628187179565 0 64 254
0.375 0.15920107066631317 0.4609375 0 64 254
0.36825165152549744 0.171875 0.3515625 0 64 254
0.37377429008483887 0.171875 0.421875 3 65 253
0.375 0.171875 0.5057790875434875 0 64 255
0.375 0.1784355193376541 0.3828125 99 114 205
0.3681469261646271 0.1796875 0.5078125 1 64 254
0.37179145216941833 0.1796875 0.5546875 1 64 254
0.375 0.18080781400203705 0.2890625 212 170 148
0.375 0.1839132308959961 0.453125 255 192 127
0.3714219331741333 0.1875 0.609375 19 73 245
0.375 0.19106096029281616 0.5703125 5 67 252
0.375 0.203125 0.3428983986377716 160 144 174
0.37450191378593445 0.2109375 0.34375 23 75 243
0.375 0.21875 0.2805834114551544 0 64 254
0.375 0.21808725595474243 0.6328125 0 64 254
0.375 0.22141799330711365 0.3359375 1 64 254
0.375 0.2265625 0.6474447250366211 30 79 239
0.375 0.234375 0.6555504202842712 169 149 170
0.3732714056968689 0.2421875 0.6796875 0 64 254
0.375 0.24341773986816406 0.703125 0 64 254
0.375 0.25365790724754333 0.6328125 242 185 133
0.375 0.265625 0.7408670783042908 153 141 178
0.375 0.2720068097114563 0.6875 3 65 253
0.375 0.26755401492118835 0.7578125 0 64 254
0.375 0.2805382311344147 0.6640625 186 157 161
0.375 0.28125 0.7858795523643494 39 83 235
0.3689544200897217 0.296875 0.28125 1 64 254
0.36911216378211975 0.296875 0.7578125 28 78 240
0.36814722418785095 0.3046875 0.7734375 0 64 254
0.375 0.3203125 0.24285675585269928 0 64 254
0.375 0.32218387722969055 0.78125 0 64 255
0.375 0.3359375 0.7931926250457764 0 64 254
0.375 0.3409542441368103 0.8359375 51 89 229
0.375 0.3515625 0.8503981232643127 3 65 253
0.375 0.359375 0.8505883812904358 72 100 218
0.375 0.3689512610435486 0.2421875 1 64 254
0.375 0.3828125 0.20555275678634644 16 72 246
0.375 0.37566235661506653 0.8515625 64 96 222
0.375 0.390625 0.8657756447792053 255 192 127
0.375 0.40191102027893066 0.265625 82 105 213
0.375 0.4095595180988312 0.25 0 64 255
0.375 0.421875 0.8297877907752991 1 64 254
0.375 0.4225941300392151 0.859375 3 65 253
0.375 0.4375 0.850603461265564 61 94 224
0.3740518391132355 0.453125 0.2109375 0 64 255
0.37343141436576843 0.4609375 0.21875 0 64 254
0.37464991211891174 0.46875 0.21875 0 64 254
0.3690287172794342 0.4765625 0.234375 1 64 254
0.375 0.482203871011734 0.8515625 29 78 240
0.375 0.5 0.23744741082191467 4 66 252
0.375 0.5078125 0.8471113443374634 255 192 127
0.375 0.5234375 0.8562336564064026 48 88 230
0.375 0.5390625 0.8299605846405029 228 178 140
0.375 0.5546875 0.2193998247385025 0 64 255
0.375 0.5625 0.8579500317573547 1 64 254
0.369174063205719 0.578125 0.1875 0 64 254
0.375 0.5740330815315247 0.8515625 0 64 254
0.375 0.5892400741577148 0.1875 5 66 252
0.375 0.6015625 0.18524985015392303 3 65 253
0.375 0.609375 0.18196870386600494 91 109 209
0.375 0.6171875 0.8071714639663696 0 64 254
0.375 0.6328125 0.179522305727005 1 64 254
0.37153249979019165 0.640625 0.1796875 6 67 251
0.375 0.6484375 0.18038204312324524 4 66 252
0.375 0.6562048196792603 0.1875 2 65 253
0.375 0.6640625 0.19020132720470428 159 143 175
0.375 0.670474648475647 0.7578125 6 67 251
0.375 0.6796875 0.7529566287994385 0 64 254
0.3742903470993042 0.6875 0.765625 229 179 140
0.375 0.703125 0.18586251139640808 109 118 200
0.375 0.7091487050056458 0.1953125 3 65 253
0.375 0.7109375 0.7592722773551941 44 86 232
0.375 0.7265625 0.2540423572063446 38 83 235
0.375 0.734375 0.695816695690155 21 74 244
0.375 0.7421875 0.6836356520652771 0 64 255
0.36723336577415466 0.75 0.625 21 74 244
0.375 0.75 0.6801985502243042 26 77 241
0.375 0.7508285045623779 0.6171875 3 65 253
0.3715898096561432 0.765625 0.234375 22 75 243
0.375 0.7644652724266052 0.515625 135 132 187
0.3744807839393616 0.765625 0.7109375 0 64 254
0.37293896079063416 0.7734375 0.3984375 10 69 249
0.375 0.7714267373085022 0.46875 37 82 236
0.375 0.7734375 0.549469530582428 15 71 247
0.375 0.7751480340957642 0.3984375 0 64 254
0.375 0.7741597294807434 0.546875 41 84 234
0.3708218038082123 0.7890625 0.2890625 255 192 127
0.3723577558994293 0.7890625 0.3828125 25 76 242
0.375 0.7862276434898376 0.6484375 10 69 249
0.375 0.7942531704902649 0.296875 0 64 254
0.375 0.796400249004364 0.5703125 2 65 253
0.36775293946266174 0.8046875 0.2578125 84 106 212
0.3735088109970093 0.8046875 0.4921875 49 88 230
0.375 0.8046875 0.6296840310096741 3 65 253
0.375 0.8107282519340515 0.3125 0 64 254
0.375 0.8056528568267822 0.390625 212 170 148
0.375 0.8125 0.5005630254745483 0 64 254
0.375 0.8203125 0.33340370655059814 7 67 251
0.375 0.8203125 0.4304324984550476 127 128 191
0.375 0.828125 0.3304795026779175 19 73 245
0.375 0.8223605155944824 0.484375 1 64 254
0.375 0.8299349546432495 0.453125 3 65 253
0.3828125 0.1433737426996231 0.359375 23 75 243
0.3828125 0.1462298035621643 0.5 2 65 253
0.3828125 0.15037080645561218 0.34375 8 68 250
0.3828125 0.1484537273645401 0.5234375 153 140 178
0.3828125 0.1621513068675995 0.359375 2 65 253
0.3828125 0.1603713184595108 0.46875 1 64 254
0.3789481222629547 0.171875 0.3125 1 64 254
0.3828125 0.171875 0.42410480976104736 1 64 254
0.37521111965179443 0.171875 0.578125 74 101 217
0.3828125 0.171896830201149 0.3671875 3 65 253
0.3824630379676819 0.1796875 0.4375 10 69 249
0.37684518098831177 0.1796875 0.5546875 1 64 254
0.3828125 0.1796875 0.614585280418396 28 78 240
0.3828125 0.1875 0.5695227384567261 0 64 254
0.3814930319786072 0.1953125 0.578125 144 136 182
0.37801864743232727 0.203125 0.6171875 1 64 254
0.3828125 0.21875 0.27533257007598877 79 103 215
0.377027690410614 0.21875 0.6328125 0 64 254
0.3816436231136322 0.2265625 0.640625 1 64 254
0.3828125 0.22873720526695251 0.640625 54 91 227
0.3828125 0.2421875 0.6252374053001404 1 64 254
0.37635454535484314 0.25 0.3046875 0 64 255
0.3828125 0.25 0.7376182675361633 0 64 254
0.3828125 0.2580198049545288 0.2578125 17 72 246
0.3828125 0.2734375 0.24373285472393036 7 67 251
0.3828125 0.2734375 0.6677403450012207 6 67 251
0.3828125 0.2716871201992035 0.7578125 0 64 254
0.3828125 0.28125 0.7133659720420837 41 84 234
0.3828125 0.2876003086566925 0.7421875 0 64 254
0.3751859664916992 0.296875 0.7265625 22 75 243
0.3828125 0.3046875 0.27471861243247986 3 65 253
0.3828125 0.3046875 0.806934118270874 2 65 253
0.3828125 0.3125 0.8109807968139648 255 192 127
0.3828125 0.3164655566215515 0.765625 1 64 254
0.3769184648990631 0.328125 0.2265625 3 65 253
0.3828125 0.3359375 0.25741955637931824 7 67 251
0.3828125 0.34375 0.7976570725440979 0 64 254
0.3828125 0.3515625 0.7994022965431213 0 64 255
0.3828125 0.35802099108695984 0.8046875 0 64 254
0.3828125 0.364653080701828 0.8125 6 67 251
0.3828125 0.375 0.27910149097442627 22 75 243
0.3828125 0.3828125 0.2793702185153961 0 64 254
0.3828125 0.390625 0.8251858949661255 1 64 254
0.3828125 0.39247599244117737 0.8671875 20 74 244
0.3825155794620514 0.4140625 0.1875 128 128 190
0.3828125 0.4140625 0.8251678347587585 43 86 233
0.3828125 0.42010629177093506 0.859375 202 165 153
0.3828125 0.4375 0.17695362865924835 32 80 238
0.3828125 0.43758875131607056 0.21875 0 64 255
0.3828125 0.453125 0.859333336353302 62 95 223
0.37675949931144714 0.46875 0.859375 51 89 229
0.3828125 0.484375 0.17292088270187378 0 64 254
0.38266265392303467 0.4921875 0.2265625 0 64 254
0.3828125 0.5 0.22566543519496918 1 64 254
0.3828125 0.5078125 0.8440758585929871 0 64 254
0.38277363777160645 0.5234375 0.21875 1 64 254
0.3828125 0.5250726938247681 0.21875 0 64 254
0.3828125 0.5348079800605774 0.21875 0 64 255
0.3828125 0.546875 0.826860249042511 1 64 254
0.3828125 0.5625 0.1725025773048401 255 192 127
0.3828125 0.5703125 0.20985214412212372 0 64 255
0.3828125 0.5729258060455322 0.2109375 0 64 255
0.3828125 0.5859375 0.17982858419418335 0 64 254
0.3828125 0.59375 0.2151750922203064 0 64 254
0.3828125 0.6015625 0.8122825026512146 0 64 254
0.37841498851776123 0.609375 0.8359375 237 183 136
0.3828125 0.625 0.1811097115278244 67 97 221
0.3828125 0.6328125 0.23908016085624695 0 64 254
0.3757007122039795 0.640625 0.8203125 17 72 246
0.3828125 0.6484375 0.8155163526535034 10 69 249
0.3828125 0.6495770812034607 0.796875 1 64 254
0.3828125 0.6640625 0.8098683953285217 1 64 254
0.3828125 0.6796875 0.17792785167694092 0 64 254
0.3828125 0.6756120324134827 0.796875 2 65 253
0.3828125 0.6953125 0.1798044890165329 255 192 127
0.3828125 0.703125 0.24844875931739807 1 64 254
0.3828125 0.7099616527557373 0.2109375 0 64 254
0.3828125 0.71875 0.25661876797676086 0 64 254
0.37954181432724 0.7265625 0.765625 0 64 254
0.3828125 0.7276914119720459 0.7109375 21 74 244
0.3828125 0.7421875 0.7550288438796997 0 64 255
0.3828125 0.7468246817588806 0.65625 49 88 230
0.3828125 0.7578125 0.2667483389377594 23 75 243
0.3828125 0.7516998052597046 0.7265625 6 67 251
0.3828125 0.765625 0.5777208805084229 94 111 207
0.3828125 0.7688143253326416 0.234375 32 80 238
0.3828125 0.7711675763130188 0.5 0 64 254
0.3828125 0.7656611800193787 0.5859375 1 64 254
0.3760370910167694 0.78125 0.390625 246 187 131
0.3828125 0.7807021141052246 0.4609375 2 65 253
0.380377858877182 0.78125 0.6484375 1 64 254
0.3828125 0.7890625 0.2879926264286041 0 64 254
0.3828125 0.7890625 0.34159234166145325 0 64 254
0.3828125 0.7824552059173584 0.453125 0 64 254
0.3828125 0.7906104922294617 0.2890625 1 64 254
0.3828125 0.7946887612342834 0.5859375 3 65 253
0.3828125 0.8046875 0.35077574849128723 44 86 232
0.3828125 0.7978180646896362 0.59375 9 68 250
0.3784528970718384 0.8125 0.28125 0 64 254
0.3788643181324005 0.8125 0.3359375 1 64 254
0.3828125 0.8125 0.49640655517578125 0 64 254
0.3828125 0.8097984790802002 0.5703125 22 75 243
0.3828125 0.817480206489563 0.3515625 0 64 254
0.3828125 0.8167152404785156 0.4921875 30 79 239
0.38276806473731995 0.8203125 0.5625 0 64 254
0.3828125 0.828125 0.3723887503147125 6 67 251
0.37960779666900635 0.828125 0.4765625 1 64 254
0.3828125 0.8345897197723389 0.390625 2 65 253
0.3828125 0.8445064425468445 0.34375 7 67 251
0.390625 0.14381250739097595 0.4765625 27 77 241
0.390625 0.15625 0.34251469373703003 122 125 193
0.390625 0.15301476418972015 0.4453125 1 64 254
0.390625 0.14858455955982208 0.546875 255 192 127
0.390625 0.15893492102622986 0.3359375 0 64 254
0.38360023498535156 0.1640625 0.4453125 0 64 254
0.3895956575870514 0.1640625 0.5859375 117 122 196
0.3877706229686737 0.171875 0.421875 5 66 252
0.3867952227592468 0.171875 0.5 207 168 151
0.3897774815559387 0.1796875 0.34375 71 99 219
0.390625 0.1796875 0.4063626527786255 3 65 253
0.390625 0.17817477881908417 0.546875 12 70 248
0.390625 0.1731170415878296 0.6015625 45 86 232
0.3900778889656067 0.1875 0.3828125 16 72 246
0.390625 0.1875 0.622664213180542 129 129 190
0.390625 0.203125 0.6233670711517334 249 188 130
0.390625 0.2109375 0.5968142747879028 0 64 254
0.390625 0.21636496484279633 0.6015625 0 64 254
0.390625 0.2265625 0.6334366202354431 0 64 254
0.390625 0.22998687624931335 0.6484375 0 64 254
0.390625 0.2411956638097763 0.296875 4 66 252
0.38554659485816956 0.2421875 0.703125 0 64 254
0.390625 0.2424219250679016 0.71875 0 64 254
0.390625 0.2564321756362915 0.6328125 0 64 254
0.390625 0.26238173246383667 0.640625 1 64 254
0.390625 0.26406529545783997 0.6796875 0 64 254
0.3861745297908783 0.2734375 0.65625 9 68 250
0.390625 0.28125 0.23967187106609344 1 64 254
0.390625 0.28125 0.7693360447883606 0 64 254
0.390625 0.28518983721733093 0.75 8 68 250
0.390625 0.296875 0.26518088579177856 0 64 254
0.390625 0.2994109094142914 0.71875 0 64 254
0.390625 0.30582374334335327 0.21875 77 102 216
0.3882882595062256 0.3203125 0.2109375 2 65 253
0.3839210867881775 0.3203125 0.7734375 0 64 254
0.390625 0.3267161548137665 0.7734375 2 65 253
0.390625 0.3359375 0.251964271068573 4 66 252
0.38490426540374756 0.3515625 0.2578125 63 95 223
0.390625 0.359375 0.2611461579799652 8 68 250
0.390625 0.36449387669563293 0.265625 75 101 217
0.390625 0.375 0.2213098257780075 65 96 222
0.3872242867946625 0.3828125 0.21875 160 144 174
0.3876688480377197 0.390625 0.2109375 109 118 200
0.390625 0.3984375 0.19754701852798462 1 64 254
0.390625 0.40580055117607117 0.1796875 0 64 254
0.390625 0.40625 0.8669124245643616 56 92 226
0.390625 0.4136546552181244 0.859375 255 192 127
0.390625 0.421875 0.8259334564208984 224 176 142
0.390625 0.4296875 0.21949148178100586 0 64 254
0.390625 0.4351627230644226 0.8515625 189 158 160
0.3846129775047302 0.453125 0.2109375 0 64 255
0.390625 0.4609375 0.22175467014312744 0 64 254
0.390625 0.46875 0.8406512141227722 226 177 141
0.390625 0.484375 0.2220211774110794 0 64 254
0.3849645256996155 0.4921875 0.859375 25 76 242
0.3899460732936859 0.5 0.859375 0 64 254
0.390625 0.5019915699958801 0.8515625 0 64 254
0.390625 0.5172308683395386 0.2109375 2 65 253
0.390625 0.5309341549873352 0.8203125 2 65 253
0.3894386291503906 0.5390625 0.8515625 2 65 253
0.390625 0.5546875 0.17145472764968872 64 96 222
0.390625 0.5600137114524841 0.2109375 14 71 247
0.387186199426651 0.5703125 0.8359375 2 65 253
0.390625 0.578125 0.8374229669570923 50 89 229
0.390625 0.59375 0.1809166520833969 69 98 220
0.38297879695892334 0.6015625 0.8125 0 64 254
0.38851597905158997 0.6171875 0.1875 70 99 219
0.390625 0.625 0.22684775292873383 1 64 254
0.390625 0.6328125 0.23680178821086884 0 64 255
0.390625 0.640625 0.8199390172958374 10 69 249
0.390625 0.6484375 0.8152607679367065 11 69 249
0.390625 0.65625 0.8118356466293335 0 64 255
0.390625 0.6640625 0.8083093166351318 2 65 253
0.390625 0.6796875 0.17723791301250458 212 170 148
0.3853291869163513 0.6796875 0.78125 59 93 225
0.3864665627479553 0.6875 0.765625 2 65 253
0.390625 0.6953125 0.23771247267723083 2 65 253
0.390625 0.703125 0.24559761583805084 1 64 254
0.390625 0.7109375 0.20440378785133362 107 117 201
0.390625 0.71875 0.7265639901161194 0 64 255
0.3889387845993042 0.7265625 0.7734375 14 71 247
0.3836915194988251 0.734375 0.7578125 0 64 255
0.390625 0.7357252836227417 0.6953125 58 93 225
0.390625 0.7464214563369751 0.6484375 156 142 176
0.390625 0.7486857175827026 0.7421875 0 64 254
0.390625 0.7555191516876221 0.6171875 14 71 247
0.390625 0.7641628980636597 0.2265625 193 161 158
0.390625 0.7587175965309143 0.6796875 130 129 189
0.39024391770362854 0.7734375 0.4921875 33 80 238
0.390625 0.7711676955223083 0.6015625 11 69 249
0.3836688995361328 0.78125 0.4609375 11 70 249
0.390625 0.7752558588981628 0.53125 6 67 251
0.390625 0.7786665558815002 0.703125 0 64 254
0.38410818576812744 0.7890625 0.40625 10 69 249
0.3868963122367859 0.7890625 0.6484375 15 71 247
0.390625 0.7907290458679199 0.34375 0 64 254
0.390625 0.7962760329246521 0.6484375 1 64 254
0.39028874039649963 0.8046875 0.3984375 16 72 246
0.390625 0.8112586736679077 0.2578125 106 117 201
0.390625 0.8125 0.3314115107059479 27 77 241
0.38705724477767944 0.8125 0.53125 1 64 254
0.3876165747642517 0.8125 0.6328125 2 65 253
0.390625 0.8137007355690002 0.390625 3 65 253
0.390625 0.8170138001441956 0.5078125 0 64 254
0.390625 0.8139267563819885 0.6328125 0 64 255
0.38909661769866943 0.828125 0.4453125 159 143 175
0.390625 0.820539116859436 0.5625 0 64 254
0.3895098865032196 0.8359375 0.3984375 0 64 254
0.390625 0.84375 0.366222620010376 19 73 245
0.3984375 0.1484375 0.42864757776260376 1 64 254
0.3956976532936096 0.1484375 0.484375 36 82 236
0.3984375 0.14370600879192352 0.5703125 137 133 186
0.39634689688682556 0.15625 0.3671875 13 71 248
0.3984375 0.15625 0.48568862676620483 84 106 212
0.3984375 0.1640625 0.3403679430484772 45 86 232
0.39777621626853943 0.1640625 0.4140625 188 158 160
0.3984375 0.16161209344863892 0.5 10 69 249
0.3952012062072754 0.171875 0.3515625 12 70 248
0.3984375 0.16837719082832336 0.46875 45 86 232
0.3982878029346466 0.1796875 0.296875 2 65 253
0.3981766402721405 0.1796875 0.3671875 3 65 253
0.3984375 0.17806139588356018 0.5234375 4 66 252
0.3984375 0.1742187738418579 0.6015625 10 69 249
0.3984375 0.17975756525993347 0.3671875 1 64 254
0.3984375 0.1852320283651352 0.578125 27 77 241
0.3984375 0.1953125 0.5865883827209473 2 65 253
0.3914225995540619 0.203125 0.5859375 0 64 254
0.3984375 0.20990192890167236 0.3203125 1 64 254
0.3984375 0.21875 0.6318944692611694 9 68 250
0.3984375 0.22263506054878235 0.6484375 0 64 254
0.3984375 0.23076599836349487 0.6171875 1 64 254
0.3984375 0.2421875 0.261373907327652 45 87 232
0.39447909593582153 0.2421875 0.71875 0 64 254
0.3984375 0.25 0.6346511244773865 4 66 252
0.3984375 0.2551405429840088 0.6484375 50 89 229
0.3984375 0.265625 0.2762141525745392 0 64 255
0.3984375 0.2687756419181824 0.2734375 0 64 254
0.3984375 0.28125 0.24284200370311737 2 65 253
0.3984375 0.2890625 0.26955968141555786 4 66 252
0.3984375 0.2855580151081085 0.7890625 9 68 250
0.3984375 0.2893504202365875 0.7578125 2 65 253
0.3984375 0.3046875 0.7282348275184631 14 71 247
0.3935549855232239 0.3125 0.7421875 11 69 249
0.3984375 0.3165662884712219 0.7421875 103 115 203
0.3984375 0.3247983455657959 0.7578125 11 69 249
0.3927249014377594 0.3359375 0.25 4 66 252
0.3934336304664612 0.34375 0.25 4 66 252
0.3984375 0.3515625 0.8259095549583435 1 64 254
0.3984375 0.359375 0.831186830997467 0 64 254
0.3984375 0.37376686930656433 0.2109375 5 66 252
0.3984375 0.3767354488372803 0.265625 11 69 249
0.3984375 0.390625 0.2709788680076599 5 66 252
0.3984375 0.3942655026912689 0.1875 32 80 238
0.3965100646018982 0.3984375 0.84375 173 150 168
0.3984375 0.40625 0.8327188491821289 255 192 127
0.3984375 0.4140625 0.8125184774398804 16 72 246
0.3984375 0.41462570428848267 0.234375 5 66 252
0.39820998907089233 0.4296875 0.828125 1 64 254
0.3984375 0.43009141087532043 0.828125 1 64 254
0.3984375 0.4453125 0.23219117522239685 2 65 253
0.3984375 0.453125 0.8368366956710815 14 71 247
0.3984375 0.4609375 0.8454601764678955 42 85 233
0.3943784832954407 0.4765625 0.2265625 214 171 147
0.3984375 0.484375 0.8661126494407654 255 192 127
0.39490973949432373 0.4921875 0.8671875 218 173 145
0.3978897035121918 0.5 0.8671875 111 119 199
0.3959316313266754 0.5078125 0.859375 0 64 254
0.3984375 0.512614905834198 0.84375 0 64 254
0.3984375 0.5234375 0.8390360474586487 0 64 255
0.3984375 0.5390625 0.180413156747818 14 71 247
0.3984375 0.546875 0.22749920189380646 224 176 142
0.3984375 0.5529671311378479 0.8203125 0 64 254
0.3984375 0.5613312125205994 0.828125 12 70 248
0.3984375 0.5703125 0.845954179763794 51 89 229
0.39701974391937256 0.5859375 0.828125 1 64 254
0.3984375 0.59375 0.8279648423194885 8 68 250
0.3984375 0.6015625 0.8292297124862671 130 129 189
0.3984375 0.6171875 0.19841520488262177 7 67 251
0.3914623558521271 0.625 0.2265625 15 71 247
0.3946591317653656 0.6328125 0.234375 0 64 255
0.3984375 0.640625 0.794549822807312 0 64 254
0.3984375 0.6545367240905762 0.1953125 13 70 248
0.395209401845932 0.6640625 0.7734375 0 64 255
0.3984375 0.6645773649215698 0.78125 4 66 252
0.3984375 0.6823139190673828 0.2265625 2 65 253
0.3984375 0.6953125 0.1772424280643463 3 65 253
0.3984375 0.6956983804702759 0.234375 18 73 245
0.3984375 0.7077535390853882 0.2421875 0 64 254
0.3933355510234833 0.71875 0.203125 0 64 254
0.3919360041618347 0.7265625 0.25 238 183 135
0.3984375 0.734375 0.7031879425048828 8 68 250
0.3984375 0.7389816641807556 0.6953125 21 74 244
0.3936331272125244 0.75 0.6328125 14 71 247
0.3984375 0.7430905103683472 0.7421875 0 64 254
0.3984375 0.7506989240646362 0.6484375 95 111 207
0.3984375 0.765625 0.23503775894641876 27 77 241
0.3984375 0.765625 0.7104570269584656 0 64 254
0.3984375 0.772590160369873 0.6015625 0 64 254
0.3958445191383362 0.78125 0.4296875 94 111 207
0.3984375 0.7791287899017334 0.4765625 17 72 246
0.3984375 0.7760623097419739 0.5390625 6 67 251
0.3984375 0.7778688073158264 0.703125 0 64 254
0.3984375 0.7871696352958679 0.3359375 0 64 254
0.3984375 0.7818886637687683 0.5546875 1 64 254
0.3984375 0.796875 0.34762075543403625 0 64 254
0.3984375 0.80194091796875 0.3125 255 192 127
0.3984375 0.8029176592826843 0.578125 1 64 254
0.3984375 0.8005966544151306 0.6640625 0 64 254
0.397869348526001 0.8125 0.328125 22 75 243
0.3984375 0.8125 0.5177179574966431 2 65 253
0.3984375 0.8121694326400757 0.6171875 8 68 250
0.3984375 0.8200283646583557 0.296875 255 192 127
0.3984375 0.8155872225761414 0.390625 16 72 246
0.3984375 0.8203125 0.454692542552948 2 65 253
0.3984375 0.8225248456001282 0.28125 76 102 216
0.3984375 0.8207683563232422 0.3828125 175 152 167
0.3984375 0.8224835395812988 0.4921875 255 192 127
0.3984375 0.84375 0.37148788571357727 98 113 205
0.40625 0.1482129991054535 0.421875 0 64 254
0.40625 0.14272162318229675 0.5703125 255 192 127
0.4035942852497101 0.15625 0.4140625 3 65 253
0.40625 0.1524634063243866 0.5234375 43 85 233
0.4024147391319275 0.1640625 0.3984375 3 65 253
0.40625 0.1592484563589096 0.46875 67 98 221
0.40625 0.1640625 0.5992658138275146 28 78 240
0.4021574556827545 0.171875 0.3671875 2 65 253
0.40625 0.16626159846782684 0.4453125 232 180 138
0.398746520280838 0.1796875 0.296875 14 71 247
0.40625 0.1796875 0.349443644285202 6 67 251
0.40625 0.1796875 0.4916866421699524 28 78 240
0.40625 0.1796875 0.600495457649231 31 79 239
0.40625 0.18162095546722412 0.2890625 37 82 236
0.40625 0.18135610222816467 0.4765625 82 105 213
0.40051722526550293 0.1875 0.578125 4 66 252
0.40625 0.1953125 0.2783547341823578 89 108 210
0.39944273233413696 0.1953125 0.6328125 252 190 128
0.39913108944892883 0.203125 0.6328125 40 84 234
0.40625 0.2054469883441925 0.6015625 2 65 253
0.40625 0.21784457564353943 0.3046875 7 67 251
0.4009590148925781 0.2265625 0.265625 223 176 143
0.40625 0.2265625 0.6686595678329468 1 64 254
0.40625 0.2285468727350235 0.6875 1 64 254
0.4032639265060425 0.2421875 0.6328125 9 68 250
0.40625 0.2442113310098648 0.640625 2 65 253
0.40625 0.2519413232803345 0.28125 9 68 250
0.40625 0.265625 0.27593955397605896 0 64 254
0.40625 0.2734375 0.66909259557724 7 67 251
0.40625 0.2790510058403015 0.6875 3 65 253
0.40625 0.2890625 0.711539626121521 255 192 127
0.40625 0.296875 0.7141189575195312 0 64 255
0.4053906500339508 0.296875 0.796875 79 103 215
0.40625 0.3046875 0.7221659421920776 0 64 254
0.40625 0.31051909923553467 0.25 0 64 255
0.40625 0.3125 0.8165436387062073 0 64 254
0.40625 0.3171583116054535 0.8203125 0 64 254
0.40625 0.3359375 0.20353524386882782 64 96 222
0.40625 0.3346039354801178 0.796875 0 64 254
0.40625 0.3515625 0.2024805247783661 107 117 201
0.4032600522041321 0.359375 0.25 16 72 246
0.4003099799156189 0.3671875 0.8046875 1 64 254
0.40625 0.38187113404273987 0.21875 0 64 254
0.40625 0.3833438456058502 0.1953125 3 65 253
0.40625 0.390625 0.8332221508026123 237 183 136
0.40625 0.40073227882385254 0.1796875 17 72 246
0.40625 0.4122568666934967 0.2421875 95 112 207
0.40625 0.4208633303642273 0.21875 1 64 254
0.40625 0.4254269301891327 0.2265625 30 79 239
0.40625 0.4374629557132721 0.1875 0 64 255
0.4000193178653717 0.4453125 0.1875 86 107 211
0.40178239345550537 0.453125 0.1796875 22 75 243
0.40607723593711853 0.4609375 0.1796875 167 147 171
0.40625 0.46875 0.23852714896202087 71 99 219
0.40625 0.4765625 0.23576173186302185 16 72 246
0.40625 0.4921875 0.1834334433078766 38 83 235
0.40625 0.5 0.8307953476905823 37 82 236
0.40625 0.5078125 0.8665717244148254 187 158 161
0.4039660096168518 0.515625 0.859375 0 64 254
0.40625 0.5234375 0.8400254845619202 14 71 247
0.40625 0.5390625 0.18881696462631226 11 69 249
0.40625 0.546875 0.8435462117195129 10 69 249
0.3991944193840027 0.5625 0.21875 1 64 254
0.40625 0.5703125 0.2200884073972702 2 65 253
0.40625 0.5859375 0.205391988158226 0 64 255
0.40625 0.59375 0.8428673148155212 59 94 225
0.40562570095062256 0.6015625 0.84375 120 124 194
0.40625 0.6074941754341125 0.84375 255 192 127
0.40625 0.618925929069519 0.1953125 0 64 255
0.40625 0.625 0.841779351234436 149 139 180
0.40625 0.6360332369804382 0.1953125 2 65 253
0.40625 0.6354078650474548 0.8359375 6 67 251
0.4026091694831848 0.65625 0.234375 0 64 255
0.40625 0.6577939987182617 0.7890625 0 64 254
0.40625 0.6796875 0.17896997928619385 6 67 251
0.40625 0.6796875 0.8017169833183289 0 64 254
0.40625 0.6953125 0.23392291367053986 19 73 245
0.40625 0.6980907320976257 0.75 0 64 255
0.40625 0.7047764658927917 0.7421875 2 65 253
0.40625 0.71875 0.7777481079101562 1 64 254
0.4008532166481018 0.734375 0.25 6 67 251
0.40625 0.7405788898468018 0.2578125 9 68 250
0.40625 0.7498329281806946 0.2109375 51 89 229
0.40625 0.7453888654708862 0.7421875 0 64 255
0.40625 0.7578125 0.6377785801887512 6 67 251
0.40625 0.765625 0.23757553100585938 0 64 254
0.40625 0.7643742561340332 0.671875 0 64 254
0.40625 0.7734375 0.7073066830635071 1 64 254
0.40625 0.7764793634414673 0.453125 56 92 226
0.40625 0.7785274386405945 0.515625 110 119 199
0.40625 0.7762203216552734 0.5859375 197 162 156
0.40625 0.7872437238693237 0.3046875 9 68 250
0.40625 0.782145619392395 0.5078125 5 66 252
0.40625 0.7915201783180237 0.296875 1 64 254
0.40625 0.8023078441619873 0.2578125 32 80 238
0.40625 0.8046875 0.577373206615448 63 95 223
0.4040725529193878 0.8046875 0.6328125 6 67 251
0.40596166253089905 0.8125 0.265625 39 84 235
0.40625 0.8125 0.4213341474533081 1 64 254
0.40625 0.8067577481269836 0.5234375 6 67 251
0.40625 0.8203125 0.2705387771129608 0 64 254
0.40625 0.8159229755401611 0.359375 14 71 247
0.40625 0.8140971064567566 0.5 2 65 253
0.40625 0.828125 0.3465287685394287 45 86 232
0.40625 0.8246942758560181 0.484375 0 64 254
0.40625 0.84375 0.3477993607521057 160 144 174
0.4140625 0.1484375 0.38405194878578186 1 64 254
0.4102262854576111 0.1484375 0.4453125 28 78 240
0.4098721742630005 0.1484375 0.5859375 135 132 187
0.4140625 0.15115801990032196 0.3828125 21 74 244
0.4140625 0.15458455681800842 0.5234375 255 192 127
0.4140625 0.16182973980903625 0.34375 1 64 254
0.4140625 0.1640625 0.4375606179237366 2 65 253
0.4140625 0.1640625 0.593170166015625 4 66 252
0.4140625 0.171875 0.34853971004486084 0 64 254
0.4129272997379303 0.171875 0.4453125 41 85 234
0.4108399450778961 0.1796875 0.28125 29 78 240
0.4140625 0.17499297857284546 0.390625 1 64 254
0.40735626220703125 0.1796875 0.53125 255 192 127
0.41033414006233215 0.1875 0.2734375 7 67 251
0.4140625 0.18610142171382904 0.4765625 0 64 254
0.4065206050872803 0.1875 0.546875 21 74 244
0.4140625 0.1953125 0.3300530016422272 0 64 254
0.4140625 0.1953125 0.5794202089309692 2 65 253
0.4140625 0.19826167821884155 0.5859375 0 64 254
0.4140625 0.20563749969005585 0.3125 0 64 255
0.4140625 0.21875 0.2965112030506134 0 64 254
0.4075887203216553 0.2265625 0.296875 0 64 254
0.4140625 0.2265625 0.683070719242096 1 64 254
0.4140625 0.234375 0.6411809325218201 0 64 254
0.4140625 0.2421875 0.7080862522125244 0 64 254
0.4078759253025055 0.25 0.71875 12 70 248
0.4140625 0.253555029630661 0.671875 1 64 254
0.40910887718200684 0.2578125 0.71875 4 66 252
0.40642720460891724 0.265625 0.671875 219 174 145
0.4140625 0.2734375 0.24523787200450897 5 66 252
0.4140625 0.2734375 0.74700927734375 1 64 254
0.40747520327568054 0.28125 0.7421875 7 67 251
0.4140625 0.28599491715431213 0.703125 46 87 231
0.4140625 0.296875 0.7482990622520447 2 65 253
0.413301944732666 0.3046875 0.75 2 65 253
0.4140625 0.3046875 0.7994059324264526 50 89 229
0.4087563753128052 0.3125 0.7734375 24 76 242
0.4140625 0.3203125 0.23887191712856293 0 64 254
0.4140625 0.3203125 0.8217893838882446 0 64 254
0.4140625 0.3359375 0.23431457579135895 0 64 254
0.4140625 0.33684107661247253 0.765625 8 68 250
0.4140625 0.3515625 0.23586280643939972 138 133 185
0.4140625 0.3671875 0.20708288252353668 0 64 254
0.41021206974983215 0.375 0.2578125 41 84 234
0.4140625 0.37852445244789124 0.2109375 0 64 255
0.4140625 0.38399770855903625 0.2578125 145 137 182
0.4140625 0.3958421051502228 0.2578125 11 69 249
0.4140625 0.40625 0.2470657229423523 40 84 234
0.4140625 0.4140625 0.7984892129898071 0 64 254
0.4140625 0.4296875 0.17831867933273315 63 95 223
0.4140625 0.43120551109313965 0.1796875 208 168 150
0.4140625 0.4375 0.8181700110435486 0 64 254
0.4140625 0.4453125 0.24337944388389587 31 79 239
0.40652620792388916 0.453125 0.21875 161 145 174
0.4140625 0.4609375 0.19082887470722198 0 64 255
0.4140625 0.4609375 0.8387174010276794 255 192 127
0.4140625 0.46875 0.22210711240768433 0 64 254
0.41369837522506714 0.4765625 0.21875 84 106 212
0.4140625 0.47751477360725403 0.21875 16 72 246
0.4140625 0.4921875 0.2364213764667511 1 64 254
0.4140625 0.5 0.8690757751464844 255 192 127
0.4140625 0.515625 0.18390433490276337 12 70 248
0.4137943387031555 0.5234375 0.84375 3 65 253
0.4140625 0.5246174335479736 0.8515625 113 120 198
0.41114193201065063 0.546875 0.234375 0 64 254
0.4140625 0.5497205853462219 0.84375 34 81 237
0.4140625 0.5703125 0.17214882373809814 2 65 253
0.4140625 0.578125 0.21429044008255005 14 71 247
0.4140625 0.59375 0.20700262486934662 0 64 254
0.4140625 0.6015625 0.8436280488967896 66 97 221
0.4140625 0.6117960214614868 0.1796875 8 68 250
0.4115961492061615 0.625 0.21875 0 64 255
0.4084380865097046 0.6328125 0.1875 18 73 245
0.4139172434806824 0.640625 0.1796875 0 64 254
0.4140625 0.6410229206085205 0.1796875 0 64 255
0.40691766142845154 0.65625 0.1875 1 64 254
0.4091739058494568 0.65625 0.8203125 0 64 255
0.4140625 0.6569340229034424 0.78125 0 64 254
0.4097920060157776 0.671875 0.765625 3 65 253
0.4140625 0.6796875 0.7544218897819519 30 79 239
0.4140625 0.6870261430740356 0.796875 0 64 254
0.4140625 0.6875060200691223 0.75 1 64 254
0.4066164195537567 0.7109375 0.1953125 29 78 240
0.4105812609195709 0.71875 0.234375 1 64 254
0.4140625 0.7265625 0.7124935984611511 24 76 242
0.41049110889434814 0.734375 0.765625 4 66 252
0.4140625 0.7436723709106445 0.203125 86 107 211
0.4140625 0.7494800090789795 0.7265625 0 64 255
0.4140625 0.7578125 0.23752835392951965 251 190 129
0.4140625 0.7541431784629822 0.75 0 64 254
0.4128973186016083 0.765625 0.6484375 3 65 253
0.4140625 0.7670071125030518 0.2734375 1 64 254
0.41075649857521057 0.7734375 0.515625 74 101 217
0.4140625 0.7697210311889648 0.59375 75 102 217
0.4140625 0.7734375 0.7083672285079956 0 64 254
0.4140625 0.7765207886695862 0.4921875 29 78 240
0.4140625 0.776121973991394 0.5859375 0 64 254
0.4139564037322998 0.7890625 0.3203125 0 64 254
0.4140625 0.7818880081176758 0.5703125 255 192 127
0.4140625 0.7890969514846802 0.3203125 0 64 254
0.4140625 0.7966793179512024 0.609375 1 64 254
0.41138070821762085 0.796875 0.6875 0 64 254
0.4140625 0.8017506003379822 0.3984375 0 64 254
0.4140625 0.8046875 0.668722927570343 0 64 254
0.40785884857177734 0.8125 0.359375 174 151 167
0.4140625 0.8125 0.4585326313972473 46 87 231
0.4140625 0.8110790848731995 0.53125 0 64 254
0.4140625 0.8203125 0.26343587040901184 255 192 127
0.4140625 0.8200969099998474 0.390625 4 66 252
0.4140625 0.8203125 0.4784127175807953 26 77 241
0.4140625 0.828125 0.3463781774044037 145 137 182
0.4140625 0.835493803024292 0.296875 76 102 216
0.4140625 0.8412725925445557 0.390625 3 65 253
0.41816234588623047 0.1484375 0.328125 237 183 136
0.421875 0.14768283069133759 0.40625 10 69 249
0.41474032402038574 0.1484375 0.578125 255 192 127
0.41620689630508423 0.15625 0.5234375 244 186 132
0.421875 0.1640625 0.32318735122680664 65 96 222
0.41560471057891846 0.1640625 0.4765625 4 66 252
0.4205256402492523 0.1640625 0.5625 255 192 127
0.421875 0.171875 0.32899209856987 15 71 247
0.421875 0.16565705835819244 0.40625 1 64 254
0.421875 0.171875 0.492880642414093 4 66 252
0.4151111841201782 0.171875 0.59375 2 65 253
0.421875 0.17694325745105743 0.3125 2 65 253
0.421875 0.1722213327884674 0.4921875 95 111 207
0.421875 0.1735939383506775 0.6484375 17 72 246
0.4174196124076843 0.1875 0.3359375 0 64 254
0.41931086778640747 0.1875 0.5 10 69 249
0.421875 0.18142884969711304 0.6171875 9 68 250
0.421875 0.1882348358631134 0.4921875 26 77 241
0.421875 0.1953125 0.6572099924087524 240 184 134
0.421875 0.19958148896694183 0.5390625 2 65 253
0.4217318892478943 0.203125 0.6015625 2 65 253
0.421875 0.20543988049030304 0.5625 2 65 253
0.421875 0.21875 0.6227753758430481 0 64 254
0.421875 0.22139999270439148 0.6640625 0 64 254
0.4203929007053375 0.234375 0.6953125 6 67 251
0.418292373418808 0.2421875 0.703125 0 64 254
0.421875 0.25 0.6486308574676514 22 75 243
0.42053428292274475 0.25 0.6953125 1 64 254
0.4170900285243988 0.2578125 0.6953125 79 103 215
0.421875 0.25925135612487793 0.6875 0 64 254
0.421875 0.2734375 0.24383173882961273 14 71 247
0.421875 0.2691950798034668 0.671875 1 64 254
0.421875 0.27523094415664673 0.75 0 64 254
0.421875 0.2875528931617737 0.7109375 56 92 226
0.4153563976287842 0.296875 0.75 1 64 254
0.421875 0.3125 0.21460406482219696 4 66 252
0.421875 0.3065773844718933 0.796875 0 64 255
0.421875 0.3203125 0.7339746356010437 0 64 254
0.421875 0.328125 0.23401443660259247 0 64 255
0.421875 0.3359375 0.7617915868759155 0 64 254
0.4158964157104492 0.34375 0.7890625 215 172 147
0.421875 0.3515625 0.826424241065979 0 64 254
0.421875 0.3671875 0.8272500038146973 5 66 252
0.421875 0.37765324115753174 0.203125 65 96 222
0.421875 0.390625 0.24873608350753784 246 187 131
0.421875 0.3924369513988495 0.8046875 55 92 227
0.42146769165992737 0.40625 0.8203125 24 76 242
0.421875 0.4069151282310486 0.234375 3 65 253
0.421875 0.421875 0.23131759464740753 0 64 254
0.421875 0.4296875 0.24006862938404083 46 87 231
0.421875 0.4375 0.2064976990222931 2 65 253
0.421875 0.4396113157272339 0.2109375 79 103 215
0.421875 0.453125 0.21343350410461426 0 64 254
0.421875 0.4609375 0.206602081656456 0 64 254
0.421875 0.46403709053993225 0.1953125 40 84 234
0.421875 0.46875 0.8513901829719543 0 64 255
0.421875 0.4765625 0.8529965281486511 70 99 219
0.421875 0.484375 0.8637619614601135 10 69 249
0.421875 0.5 0.18828244507312775 0 64 254
0.421875 0.5078125 0.8426055312156677 0 64 254
0.41698551177978516 0.515625 0.8671875 41 84 234
0.421875 0.5234375 0.868640661239624 255 192 127
0.421875 0.53125 0.857941746711731 140 134 184
0.421875 0.546875 0.17985191941261292 1 64 254
0.421875 0.5546875 0.844254195690155 0 64 255
0.421875 0.5686355829238892 0.1796875 11 69 249
0.421875 0.5756378173828125 0.21875 126 127 191
0.41970404982566833 0.5859375 0.828125 0 64 254
0.421875 0.6015625 0.20986352860927582 0 64 255
0.4194088578224182 0.6171875 0.1796875 1 64 254
0.421875 0.625 0.8192299008369446 5 66 252
0.421875 0.6328125 0.8444227576255798 46 87 231
0.41845861077308655 0.6484375 0.1796875 14 71 247
0.421875 0.6484375 0.8067193627357483 23 76 243
0.421875 0.6511147022247314 0.765625 20 74 244
0.421875 0.65625 0.8269519209861755 26 77 241
0.41461077332496643 0.6640625 0.8203125 38 83 235
0.421875 0.6739223599433899 0.2421875 0 64 254
0.4140695035457611 0.6875 0.75 1 64 254
0.421875 0.6953125 0.7438101768493652 54 91 227
0.4197401702404022 0.703125 0.2421875 12 70 248
0.421875 0.7109375 0.743646502494812 3 65 253
0.421875 0.7265625 0.19603727757930756 7 67 251
0.421875 0.734375 0.19858217239379883 3 65 253
0.421875 0.7394112944602966 0.203125 17 72 246
0.421875 0.7421875 0.7680760622024536 0 64 255
0.421875 0.75 0.7626674771308899 0 64 254
0.421875 0.7571631669998169 0.71875 0 64 254
0.421875 0.765625 0.24248868227005005 67 98 221
0.421875 0.765625 0.6349383592605591 3 65 253
0.421875 0.767744779586792 0.2734375 0 64 255
0.421875 0.7734375 0.5027484893798828 67 97 221
0.421875 0.7734375 0.6434472799301147 51 89 229
0.421875 0.7769878506660461 0.453125 255 192 127
0.421875 0.78125 0.6483262777328491 19 73 245
0.41872522234916687 0.7890625 0.4140625 2 65 253
0.42106300592422485 0.7890625 0.6171875 1 64 254
0.421875 0.7890625 0.7006645798683167 0 64 254
0.421875 0.7952738404273987 0.34375 4 66 252
0.421875 0.796875 0.6348947286605835 47 87 231
0.4175856411457062 0.8046875 0.3984375 1 64 254
0.4203813076019287 0.8046875 0.4921875 5 66 252
0.421875 0.8018824458122253 0.6015625 0 64 254
0.421875 0.8080875277519226 0.328125 2 65 253
0.41862162947654724 0.8125 0.453125 1 64 254
0.421875 0.8101223707199097 0.53125 19 73 245
0.42159268260002136 0.8203125 0.2578125 24 76 242
0.421875 0.8203125 0.3930121660232544 9 68 250
0.421875 0.8203125 0.5443596839904785 2 65 253
0.421875 0.8252049684524536 0.296875 211 170 149
0.421875 0.828125 0.42775315046310425 0 64 254
0.421875 0.8339442014694214 0.2734375 0 64 254
0.4144771695137024 0.84375 0.3828125 1 64 254
0.421875 0.8451718688011169 0.390625 122 125 193
0.4296875 0.1449536681175232 0.40625 6 67 251
0.4296875 0.15625 0.3565453886985779 5 66 252
0.4296875 0.1620568037033081 0.359375 11 69 249
0.4245854914188385 0.1640625 0.53125 2 65 253
0.4296875 0.16941958665847778 0.375 0 64 254
0.4296875 0.16695654392242432 0.4453125 1 64 254
0.4265615940093994 0.171875 0.53125 0 64 254
0.4296875 0.1730273962020874 0.2890625 8 68 250
0.4296875 0.17320507764816284 0.421875 13 70 248
0.4296875 0.17442066967487335 0.5078125 0 64 254
0.4296875 0.1796875 0.5564373135566711 0 64 255
0.4234403967857361 0.1796875 0.609375 194 161 157
0.4296875 0.18168020248413086 0.3203125 0 64 254
0.428215891122818 0.1875 0.484375 6 67 251
0.4296875 0.1953125 0.25978368520736694 212 170 148
0.4296875 0.18970181047916412 0.515625 10 69 249
0.4296875 0.20163092017173767 0.3046875 0 64 254
0.4296875 0.20003372430801392 0.5859375 0 64 254
0.4296875 0.2073165625333786 0.546875 2 65 253
0.4296875 0.21609416604042053 0.2890625 1 64 254
0.42439261078834534 0.2265625 0.6328125 0 64 254
0.4296875 0.23375646770000458 0.640625 0 64 254
0.4296875 0.24209077656269073 0.625 255 192 127
0.4264686107635498 0.2421875 0.6796875 18 73 245
0.42229413986206055 0.25 0.6875 0 64 254
0.4260154068470001 0.2578125 0.671875 171 150 169
0.4296875 0.26297542452812195 0.25 18 73 245
0.4296875 0.2611417770385742 0.734375 0 64 255
0.42317238450050354 0.2734375 0.65625 25 76 242
0.4296875 0.2767767608165741 0.6640625 2 65 253
0.4296875 0.2858494818210602 0.6953125 90 109 209
0.4296875 0.296875 0.2569889426231384 3 65 253
0.4296875 0.3125 0.2129080444574356 10 69 249
0.4279597997665405 0.3125 0.765625 0 64 254
0.4296875 0.3199642598628998 0.234375 0 64 254
0.4296875 0.3203125 0.8179709911346436 1 64 254
0.4296875 0.3359375 0.20421868562698364 6 67 251
0.4254479706287384 0.34375 0.8203125 0 64 254
0.4296875 0.3515625 0.8242340087890625 0 64 254
0.42224249243736267 0.3671875 0.2109375 0 64 254
0.4296875 0.375 0.8272582292556763 2 65 253
0.4296875 0.390625 0.18171007931232452 32 80 238
0.4277432858943939 0.3984375 0.234375 3 65 253
0.422002375125885 0.40625 0.1796875 172 150 168
0.4296875 0.4139333963394165 0.1875 5 66 252
0.4239613711833954 0.421875 0.234375 0 64 254
0.4244203269481659 0.4296875 0.2421875 57 92 226
0.4296875 0.4346221089363098 0.25 255 192 127
0.4219365417957306 0.4453125 0.21875 5 66 252
0.4296875 0.453125 0.24533677101135254 0 64 254
0.4296875 0.45713022351264954 0.2421875 42 85 233
0.4296875 0.4617290496826172 0.1875 9 68 250
0.4296875 0.4694065451622009 0.1796875 5 66 252
0.4296875 0.4835062325000763 0.8203125 0 64 254
0.42569348216056824 0.4921875 0.828125 0 64 254
0.42408305406570435 0.5 0.8359375 0 64 254
0.4296875 0.5078125 0.8691102862358093 255 192 127
0.4296875 0.5234375 0.8376185894012451 8 68 250
0.4234212636947632 0.53125 0.8671875 0 64 254
0.42765504121780396 0.5390625 0.8515625 77 102 216
0.4296875 0.5459535717964172 0.84375 45 87 232
0.4296875 0.5546875 0.8301450610160828 14 71 247
0.4296875 0.5625 0.8431200981140137 43 86 233
0.42758291959762573 0.578125 0.8203125 52 90 228
0.4296875 0.59375 0.17617468535900116 5 66 252
0.4296875 0.6015625 0.8422187566757202 23 75 243
0.4296875 0.6102545261383057 0.84375 41 84 234
0.4296875 0.6328125 0.17047439515590668 255 192 127
0.4252685010433197 0.640625 0.8125 2 65 253
0.4296875 0.6484375 0.7725707292556763 47 87 231
0.4296875 0.6534024477005005 0.203125 5 66 252
0.4296875 0.65625 0.8271727561950684 0 64 254
0.4296875 0.6578061580657959 0.8046875 33 80 238
0.4296875 0.67756587266922 0.1953125 189 159 160
0.4290619492530823 0.6875 0.1953125 255 192 127
0.4296875 0.6875 0.7744331955909729 12 70 248
0.42368245124816895 0.6953125 0.7734375 0 64 254
0.4296875 0.703125 0.7752028107643127 9 68 250
0.4240904450416565 0.71875 0.234375 71 99 219
0.42887529730796814 0.7265625 0.734375 4 66 252
0.4296875 0.734375 0.7118917107582092 10 69 249
0.4296875 0.7421875 0.21274493634700775 58 93 225
0.4296875 0.7441930174827576 0.265625 40 84 234
0.4296875 0.7578125 0.2709415853023529 6 67 251
0.42495355010032654 0.765625 0.515625 2 65 253
0.4296875 0.7594035863876343 0.625 255 192 127
0.4296875 0.762324333190918 0.75 4 66 252
0.4296875 0.7734375 0.4788588583469391 0 64 254
0.4296875 0.7734375 0.6706262826919556 0 64 254
0.42849764227867126 0.78125 0.453125 0 64 254
0.4296875 0.78125 0.5502471923828125 255 192 127
0.4296875 0.78125 0.7030717730522156 3 65 253
0.4296875 0.7857027053833008 0.4375 0 64 254
0.4296875 0.7876047492027283 0.65625 32 80 238
0.4296875 0.796875 0.30176031589508057 6 67 251
0.4296875 0.796875 0.4150157868862152 0 64 254
0.4296875 0.8046875 0.247763991355896 1 64 254
0.4223020374774933 0.8046875 0.4765625 16 72 246
0.4296875 0.8043100237846375 0.640625 6 67 251
0.4296875 0.8125 0.29195162653923035 33 80 238
0.4296875 0.8125 0.4011707603931427 10 69 249
0.4296875 0.8125 0.5004481077194214 2 65 253
0.4296875 0.8079349398612976 0.6015625 0 64 254
0.42294594645500183 0.8203125 0.296875 255 192 127
0.42380663752555847 0.8203125 0.4609375 6 67 251
0.4296875 0.8203125 0.5773301124572754 0 64 255
0.4296875 0.8270875215530396 0.375 13 70 248
0.4296875 0.822088360786438 0.515625 16 72 246
0.42966705560684204 0.8359375 0.2734375 80 104 214
0.428895503282547 0.8359375 0.4453125 1 64 254
0.4296875 0.84375 0.3460899889469147 12 70 248
0.4296875 0.8366301655769348 0.4296875 1 64 254
0.43352195620536804 0.1484375 0.3828125 10 69 249
0.4375 0.15309293568134308 0.328125 88 108 210
0.4375 0.154303640127182 0.4140625 1 64 254
0.4375 0.1640625 0.36112746596336365 5 66 252
0.4375 0.1653566211462021 0.3828125 0 64 254
0.43161359429359436 0.171875 0.4609375 21 74 244
0.4375 0.17862625420093536 0.2734375 10 69 249
0.4375 0.1796875 0.3430291712284088 34 81 237
0.43355074524879456 0.1796875 0.5 6 67 251
0.4375 0.1796875 0.5650117993354797 0 64 254
0.4314033091068268 0.1796875 0.6484375 54 91 227
0.4375 0.1875 0.432230144739151 145 137 182
0.4375 0.1823483407497406 0.5234375 2 65 253
0.4375 0.1871631145477295 0.6484375 26 77 241
0.4375 0.19073283672332764 0.46875 2 65 253
0.4375 0.203125 0.2956002652645111 2 65 253
0.4375 0.20299459993839264 0.5859375 1 64 254
0.4375 0.20330265164375305 0.53125 40 84 234
0.4375 0.21011675894260406 0.6171875 6 67 251
0.4375 0.21875 0.5972557067871094 2 65 253
0.43141430616378784 0.2265625 0.28125 0 64 254
0.4375 0.22970348596572876 0.640625 1 64 254
0.4375 0.2386399358510971 0.6328125 0 64 254
0.4375 0.25 0.24486322700977325 2 65 253
0.43362900614738464 0.25 0.6796875 5 66 252
0.4375 0.2578125 0.6304211616516113 27 77 241
0.4375 0.2600468695163727 0.6328125 0 64 254
0.4375 0.2734375 0.22866269946098328 1 64 254
0.4375 0.2710927426815033 0.75 0 64 254
0.43565094470977783 0.28125 0.6875 11 69 249
0.4375 0.2835635244846344 0.703125 0 64 254
0.43434712290763855 0.296875 0.7265625 212 170 148
0.4375 0.3046875 0.7639333605766296 0 64 254
0.4297568202018738 0.3125 0.8125 2 65 253
0.4368845522403717 0.3203125 0.8046875 1 64 254
0.435029000043869 0.328125 0.796875 1 64 254
0.43723511695861816 0.3359375 0.8046875 68 98 220
0.4375 0.34375 0.8150056004524231 0 64 254
0.4375 0.359375 0.21235615015029907 2 65 253
0.4375 0.3671875 0.8001353740692139 0 64 255
0.4375 0.37633219361305237 0.203125 0 64 254
0.4375 0.390625 0.23180532455444336 1 64 254
0.4375 0.3984375 0.7957561016082764 1 64 254
0.4375 0.40625 0.8210495710372925 0 64 254
0.4375 0.4154936373233795 0.234375 220 174 144
0.4375 0.4296875 0.19660991430282593 1 64 254
0.4375 0.4375 0.25666114687919617 255 192 127
0.4375 0.4453125 0.2511381506919861 26 77 241
0.4375 0.453125 0.24189972877502441 0 64 255
0.4375 0.4609375 0.23594747483730316 0 64 254
0.4375 0.46875 0.2263772189617157 0 64 255
0.4375 0.4765625 0.22219769656658173 0 64 255
0.4375 0.4780367910861969 0.8125 0 64 254
0.4375 0.4921875 0.22820663452148438 0 64 254
0.4375 0.4990253150463104 0.8671875 0 64 254
0.4375 0.5078125 0.8714425563812256 255 192 127
0.4375 0.5234375 0.18129964172840118 0 64 254
0.43112507462501526 0.53125 0.2265625 0 64 254
0.4375 0.5390625 0.21857233345508575 0 64 254
0.4375 0.546875 0.8388143181800842 88 108 210
0.4375 0.5546875 0.8331523537635803 12 70 248
0.4375 0.5625 0.8282507061958313 7 67 251
0.4375 0.5703125 0.8414467573165894 77 102 216
0.4375 0.5859375 0.18906599283218384 0 64 254
0.43398481607437134 0.59375 0.21875 0 64 254
0.4375 0.609375 0.17275644838809967 20 74 244
0.4375 0.6171875 0.17040301859378815 0 64 254
0.4375 0.625 0.21060743927955627 6 67 251
0.4375 0.640625 0.20195724070072174 202 165 153
0.43462133407592773 0.6484375 0.78125 6 67 251
0.4375 0.650055468082428 0.7734375 19 73 245
0.4375 0.659524142742157 0.2109375 11 69 249
0.4375 0.670570433139801 0.1875 14 71 247
0.4375 0.6720871925354004 0.234375 0 64 255
0.43586868047714233 0.6875 0.75 6 67 251
0.43692830204963684 0.6953125 0.765625 0 64 254
0.4375 0.689725399017334 0.8125 21 74 244
0.4375 0.6958296895027161 0.7890625 24 76 242
0.4375 0.71875 0.18835479021072388 62 95 223
0.43493548035621643 0.7265625 0.75 0 64 254
0.4348740875720978 0.734375 0.7265625 46 87 231
0.4375 0.7421875 0.22421136498451233 172 150 168
0.4336792230606079 0.7421875 0.765625 0 64 255
0.4375 0.7578125 0.2195664942264557 102 115 203
0.42978355288505554 0.765625 0.2265625 0 64 255
0.4375 0.7647410035133362 0.6328125 0 64 254
0.4375 0.765625 0.7424589395523071 2 65 253
0.4375 0.766120195388794 0.515625 2 65 253
0.4375 0.7698785066604614 0.671875 255 192 127
0.43583643436431885 0.78125 0.4609375 0 64 255
0.4318642020225525 0.78125 0.5859375 0 64 254
0.4375 0.7789563536643982 0.7109375 0 64 254
0.4375 0.786389946937561 0.453125 0 64 254
0.4375 0.7876994013786316 0.6953125 0 64 255
0.4375 0.796875 0.3057951033115387 112 120 198
0.4375 0.7910041213035583 0.4375 0 64 254
0.4375 0.8046875 0.24454087018966675 113 120 198
0.4375 0.7991127371788025 0.6328125 38 83 235
0.4375 0.8125 0.356778621673584 26 77 241
0.4366544187068939 0.8125 0.5859375 0 64 254
0.4375 0.8126705288887024 0.2890625 0 64 254
0.4375 0.8203125 0.4040556848049164 38 83 235
0.4303963780403137 0.8203125 0.5234375 10 69 249
0.4375 0.8256445527076721 0.3359375 16 72 246
0.4375 0.828125 0.4665708839893341 19 73 245
0.4375 0.827597975730896 0.546875 0 64 254
0.4375 0.8359375 0.33857598900794983 191 160 159
0.4375 0.834481954574585 0.5625 9 68 250
0.4375 0.8419153094291687 0.4140625 8 68 250
0.4375 0.846222460269928 0.3828125 125 126 192
0.4453125 0.15495748817920685 0.328125 255 192 127
0.4453125 0.15625 0.40119513869285583 2 65 253
0.4377039074897766 0.1640625 0.40625 75 102 217
0.4453125 0.16891267895698547 0.3828125 3 65 253
0.44218337535858154 0.171875 0.6171875 3 65 253
0.4453125 0.17302681505680084 0.3984375 23 75 243
0.4381323456764221 0.1796875 0.4609375 2 65 253
0.4453125 0.17362406849861145 0.5703125 0 64 254
0.4453125 0.1875 0.26867514848709106 255 192 127
0.4417956471443176 0.1875 0.4296875 16 72 246
0.4453125 0.187320739030838 0.515625 91 109 209
0.4453125 0.1875 0.625678300857544 1 64 254
0.4453125 0.19221772253513336 0.453125 3 65 253
0.4453125 0.1953125 0.6181146502494812 18 73 245
0.4453125 0.19668467342853546 0.328125 0 64 254
0.4453125 0.203125 0.5733869075775146 3 65 253
0.44418421387672424 0.203125 0.6484375 21 74 244
0.4431421756744385 0.2109375 0.5859375 15 71 247
0.4445018172264099 0.21875 0.25 255 192 127
0.44165876507759094 0.21875 0.6328125 19 73 245
0.4453125 0.2265625 0.6014912724494934 4 66 252
0.4453125 0.234375 0.24386608600616455 245 187 132
0.4453125 0.2421875 0.2762860357761383 0 64 254
0.4453125 0.25 0.2379947304725647 54 91 227
0.4453125 0.2578125 0.2350824475288391 226 177 141
0.4375511109828949 0.265625 0.234375 255 192 127
0.4453125 0.265625 0.6570984125137329 21 74 244
0.4453125 0.2715536653995514 0.671875 10 69 249
0.4453125 0.27825096249580383 0.2578125 0 64 254
0.4453125 0.2889608144760132 0.71875 33 80 238
0.4453125 0.2899341285228729 0.7578125 3 65 253
0.4453125 0.3046875 0.7713371515274048 0 64 254
0.4453125 0.3203125 0.2053956836462021 7 67 251
0.4453125 0.32469475269317627 0.75 0 64 254
0.4453125 0.3359375 0.7982100248336792 0 64 254
0.4453125 0.3482933044433594 0.2421875 190 159 159
0.4453125 0.359375 0.24828678369522095 1 64 254
0.4453125 0.3671875 0.24872028827667236 5 66 252
0.43804576992988586 0.375 0.8046875 0 64 255
0.44487106800079346 0.390625 0.2265625 0 64 255
0.4453125 0.3984375 0.22497814893722534 0 64 254
0.4453125 0.40625 0.22818829119205475 79 104 215
0.4453125 0.4140625 0.7959308624267578 1 64 254
0.4453125 0.421875 0.8036587238311768 0 64 254
0.4453125 0.4375 0.20264731347560883 0 64 254
0.4453125 0.4403209388256073 0.2578125 255 192 127
0.4453125 0.453125 0.24004575610160828 0 64 254
0.4453125 0.4577575922012329 0.234375 6 67 251
0.4453125 0.4630886912345886 0.2265625 0 64 254
0.4453125 0.4765625 0.21663810312747955 0 64 255
0.4453125 0.4771742522716522 0.8359375 118 123 195
0.4382789134979248 0.4921875 0.8203125 0 64 254
0.4453125 0.5 0.8190941214561462 0 64 254
0.4453125 0.5007957220077515 0.8671875 21 74 244
0.4453125 0.515625 0.8732416033744812 255 192 127
0.4453125 0.5251866579055786 0.2265625 5 66 252
0.4453125 0.5390625 0.876666247844696 10 69 249
0.4453125 0.541413426399231 0.875 68 98 220
0.4453125 0.5475215315818787 0.859375 87 108 211
0.4453125 0.5639179944992065 0.1796875 8 68 250
0.4453125 0.578125 0.824345052242279 35 82 237
0.4453125 0.59375 0.22377189993858337 0 64 255
0.4453125 0.609375 0.17494407296180725 87 107 211
0.44480401277542114 0.6171875 0.21875 0 64 254
0.4453125 0.625 0.8235235810279846 5 66 252
0.438269704580307 0.640625 0.203125 24 76 242
0.4453125 0.6484375 0.20903517305850983 4 66 252
0.44470006227493286 0.65625 0.7890625 0 64 254
0.4453125 0.6640625 0.7623306512832642 4 66 252
0.4453125 0.6644048690795898 0.2109375 0 64 254
0.4453125 0.6754564046859741 0.2265625 0 64 255
0.4453125 0.6833186149597168 0.234375 0 64 254
0.4453125 0.6914986371994019 0.75 5 66 252
0.4453125 0.703125 0.23324212431907654 203 166 153
0.4453125 0.7109375 0.18808867037296295 0 64 254
0.4453125 0.71875 0.18677182495594025 0 64 254
0.4453125 0.7265625 0.18879041075706482 54 91 227
0.4453125 0.7272701859474182 0.25 14 71 247
0.44163060188293457 0.7421875 0.2578125 0 64 254
0.4453125 0.7421875 0.7619519829750061 0 64 254
0.4453125 0.7433995008468628 0.7265625 12 70 248
0.4453125 0.7578125 0.6926989555358887 214 171 147
0.4453125 0.765625 0.6853762269020081 35 81 237
0.44257164001464844 0.7734375 0.5078125 2 65 253
0.4453125 0.7657548189163208 0.625 63 95 223
0.4453125 0.7686052322387695 0.734375 0 64 254
0.4409380853176117 0.78125 0.5 17 72 246
0.4453125 0.7739764451980591 0.6484375 24 76 242
0.4453125 0.7890625 0.2883702516555786 0 64 254
0.4453125 0.7834311127662659 0.5546875 1 64 254
0.4453125 0.7888347506523132 0.703125 0 64 254
0.4453125 0.792314887046814 0.328125 0 64 254
0.44210919737815857 0.796875 0.625 27 77 241
0.4453125 0.8046875 0.349519819021225 31 79 239
0.4453125 0.8046875 0.6446430683135986 38 83 235
0.4453125 0.808635950088501 0.421875 7 67 251
0.4453125 0.8164341449737549 0.2890625 27 77 241
0.44502198696136475 0.8203125 0.4140625 35 81 237
0.4413995146751404 0.8203125 0.6171875 52 90 228
0.4453125 0.828125 0.30288931727409363 4 66 252
0.4453125 0.828125 0.3774759769439697 2 65 253
0.43892717361450195 0.828125 0.484375 158 143 175
0.4453125 0.8269016742706299 0.609375 12 70 248
0.4453125 0.8284547924995422 0.375 5 66 252
0.4449700713157654 0.8359375 0.5234375 7 67 251
0.4453125 0.8429446220397949 0.3671875 64 96 222
0.4453125 0.8376986980438232 0.4921875 22 75 243
0.4453125 0.846717119216919 0.3984375 255 192 127
0.453125 0.15625 0.33351024985313416 255 192 127
0.453125 0.15890949964523315 0.3125 14 71 247
0.453125 0.1640625 0.5054963231086731 14 71 247
0.44921454787254333 0.171875 0.3828125 4 66 252
0.453125 0.171875 0.49989381432533264 12 70 248
0.453125 0.16671782732009888 0.578125 9 68 250
0.453125 0.17451748251914978 0.3828125 11 70 249
0.45137834548950195 0.1796875 0.4765625 2 65 253
0.45063063502311707 0.1796875 0.53125 1 64 254
0.4486485719680786 0.1796875 0.609375 2 65 253
0.453125 0.18129862844944 0.390625 199 164 155
0.4506370723247528 0.1875 0.484375 60 94 224
0.44764092564582825 0.1875 0.6015625 55 91 227
0.453125 0.19259953498840332 0.4375 0 64 254
0.453125 0.1953125 0.6028324365615845 44 86 232
0.4512117803096771 0.203125 0.5390625 1 64 254
0.453125 0.20231664180755615 0.625 0 64 254
0.45173001289367676 0.203125 0.65625 7 67 251
0.453125 0.2109375 0.6108121275901794 9 69 250
0.453125 0.21142524480819702 0.2578125 106 117 201
0.453125 0.21576426923274994 0.671875 5 66 252
0.453125 0.21954843401908875 0.625 112 120 198
0.453125 0.234375 0.27338793873786926 4 66 252
0.44583579897880554 0.2421875 0.625 17 72 246
0.4482915699481964 0.25 0.6328125 217 173 146
0.453125 0.2535584568977356 0.6484375 84 106 212
0.453125 0.265625 0.22792130708694458 12 70 248
0.453125 0.26417091488838196 0.7265625 1 64 254
0.453125 0.2734375 0.7533234357833862 0 64 254
0.453125 0.2890625 0.25080761313438416 35 81 237
0.453125 0.28912946581840515 0.2265625 4 66 252
0.453125 0.3046875 0.24461399018764496 1 64 254
0.453125 0.30991116166114807 0.7421875 30 79 239
0.453125 0.328125 0.22977392375469208 11 69 249
0.4501158595085144 0.3359375 0.796875 0 64 254
0.453125 0.33846762776374817 0.8203125 1 64 254
0.453125 0.34467706084251404 0.828125 0 64 254
0.453125 0.3671875 0.2013266533613205 0 64 254
0.45221856236457825 0.375 0.2421875 0 64 254
0.453125 0.3828125 0.23196573555469513 0 64 255
0.453125 0.3984375 0.22604325413703918 1 64 254
0.4465456008911133 0.40625 0.828125 3 65 253
0.4479750990867615 0.4140625 0.2421875 15 71 247
0.453125 0.421875 0.2567504644393921 97 113 206
0.453125 0.4296875 0.26221153140068054 194 161 157
0.453125 0.4375 0.8135759234428406 0 64 254
0.453125 0.45152342319488525 0.2421875 25 76 242
0.453125 0.45937198400497437 0.2265625 6 67 251
0.453125 0.46324843168258667 0.1875 0 64 254
0.453125 0.4765625 0.8073641061782837 0 64 254
0.453125 0.4811491370201111 0.8359375 46 87 231
0.453125 0.48799318075180054 0.84375 37 82 236
0.453125 0.5 0.8627882599830627 77 102 216
0.4453171491622925 0.515625 0.1875 0 64 254
0.453125 0.5234375 0.2207382470369339 3 65 253
0.453125 0.5298774242401123 0.8359375 18 73 245
0.4526141583919525 0.5390625 0.875 19 73 245
0.4455834925174713 0.546875 0.84375 16 72 246
0.453125 0.5625 0.17632754147052765 116 122 196
0.45079225301742554 0.578125 0.1796875 199 164 155
0.453125 0.5813278555870056 0.21875 0 64 255
0.44655734300613403 0.6015625 0.1875 0 64 254
0.4527263641357422 0.609375 0.1875 1 64 254
0.453125 0.6171875 0.22602583467960358 0 64 254
0.453125 0.6328125 0.1814858466386795 26 77 241
0.453125 0.640625 0.8157542943954468 3 65 253
0.453125 0.6449423432350159 0.8359375 3 65 253
0.4524464011192322 0.6640625 0.1796875 9 68 250
0.453125 0.6640625 0.8002297282218933 1 64 254
0.453125 0.6655081510543823 0.7890625 34 81 237
0.453125 0.6796875 0.8174751996994019 19 73 245
0.45179498195648193 0.6953125 0.1875 4 66 252
0.453125 0.696523904800415 0.1875 0 64 254
0.453125 0.6996689438819885 0.8046875 11 69 249
0.448269784450531 0.71875 0.1875 42 85 233
0.453125 0.7199433445930481 0.2421875 0 64 254
0.453125 0.7299668192863464 0.25 1 64 254
0.451377272605896 0.7421875 0.734375 2 65 253
0.453125 0.75 0.7053074836730957 18 73 245
0.4484647810459137 0.7578125 0.6953125 67 97 221
0.453125 0.765625 0.6495188474655151 1 64 254
0.453125 0.7734375 0.2732359766960144 231 180 139
0.453125 0.767676591873169 0.65625 7 67 251
0.453125 0.7794107794761658 0.21875 255 192 127
0.453125 0.7810831069946289 0.53125 49 89 230
0.453125 0.7787872552871704 0.578125 185 157 162
0.453125 0.7855110168457031 0.2890625 4 66 252
0.453125 0.7819067239761353 0.515625 174 151 167
0.44566288590431213 0.7890625 0.703125 1 64 254
0.45159658789634705 0.796875 0.328125 0 64 254
0.453125 0.7911501526832581 0.5 6 67 251
0.4506322741508484 0.8046875 0.25 47 87 231
0.4469740092754364 0.8046875 0.4296875 0 64 254
0.4506205916404724 0.8046875 0.6484375 239 184 135
0.453125 0.8110143542289734 0.34375 255 192 127
0.453125 0.8050850629806519 0.6640625 10 69 249
0.4488413631916046 0.8203125 0.3515625 255 192 127
0.44809210300445557 0.828125 0.2734375 90 109 209
0.453125 0.8245184421539307 0.359375 3 65 253
0.453125 0.8246737122535706 0.40625 15 71 247
0.453125 0.8277189135551453 0.546875 0 64 254
0.44707629084587097 0.828125 0.609375 4 66 252
0.44762852787971497 0.8359375 0.453125 7 67 251
0.453125 0.8297006487846375 0.5625 9 68 250
0.453125 0.84375 0.3636488616466522 255 192 127
0.453125 0.8410890698432922 0.5078125 156 142 176
0.453125 0.8463268280029297 0.421875 31 79 239
0.45559173822402954 0.1484375 0.390625 4 66 252
0.4609375 0.15625 0.3307613134384155 255 192 127
0.4609375 0.15493571758270264 0.5234375 41 84 234
0.4609375 0.1640625 0.3946053087711334 3 65 253
0.4609375 0.15810230374336243 0.5703125 28 78 240
0.4609375 0.1676810085773468 0.3515625 8 68 250
0.4609375 0.171875 0.48015034198760986 8 68 250
0.4609375 0.16801013052463531 0.5625 35 81 237
0.4538106918334961 0.1796875 0.296875 47 87 231
0.4609375 0.1758374571800232 0.421875 1 64 254
0.4609375 0.17736519873142242 0.546875 0 64 254
0.4609375 0.1875 0.39042115211486816 0 64 254
0.4609375 0.1875 0.4721566438674927 10 69 249
0.4609375 0.19095315039157867 0.265625 2 65 253
0.4609375 0.1882217973470688 0.40625 34 81 237
0.4609375 0.1953125 0.5330824255943298 6 67 251
0.4609375 0.203125 0.2620849013328552 4 66 252
0.4609375 0.203125 0.5710408687591553 10 69 249
0.45887383818626404 0.203125 0.6640625 12 70 248
0.4609375 0.21627284586429596 0.25 55 91 227
0.4585930109024048 0.21875 0.609375 22 75 243
0.4609375 0.2265625 0.27791765332221985 5 66 252
0.4558197855949402 0.234375 0.6328125 12 70 248
0.4609375 0.23592686653137207 0.640625 21 75 244
0.4552101790904999 0.25 0.234375 16 72 246
0.4609375 0.2578125 0.2289402037858963 56 92 226
0.4609375 0.265625 0.6817658543586731 0 64 254
0.4609375 0.2734375 0.6890992522239685 0 64 254
0.4609375 0.28125 0.6980885863304138 0 64 254
0.4609375 0.2858588993549347 0.703125 7 67 251
0.4609375 0.296875 0.721973180770874 19 73 245
0.4609375 0.30434897541999817 0.7421875 70 99 219
0.4609375 0.3203125 0.23243407905101776 0 64 254
0.4609375 0.3359375 0.2043822556734085 28 78 240
0.4609375 0.3359375 0.7972912788391113 2 65 253
0.4609375 0.33701092004776 0.8203125 35 82 237
0.4609375 0.35856759548187256 0.21875 1 64 254
0.4609375 0.3671875 0.19973480701446533 2 65 253
0.4609375 0.375 0.19595937430858612 0 64 254
0.4537208378314972 0.3828125 0.8125 0 64 254
0.4609375 0.3984375 0.22639118134975433 1 64 254
0.4609375 0.40371033549308777 0.234375 197 162 156
0.4609375 0.4101439416408539 0.25 49 88 230
0.4609375 0.421875 0.2117898315191269 0 64 254
0.4609375 0.4296875 0.26326116919517517 255 192 127
0.4609375 0.4375 0.8125986456871033 0 64 254
0.4609375 0.453125 0.18200375139713287 2 65 253
0.45436978340148926 0.4609375 0.1875 0 64 255
0.4609375 0.4567958414554596 0.8125 0 64 254
0.4609375 0.46875 0.802188515663147 0 64 254
0.4560597538948059 0.4765625 0.828125 0 64 254
0.4609375 0.4921875 0.1725020706653595 0 64 254
0.4609375 0.49857404828071594 0.171875 70 99 219
0.45633524656295776 0.5 0.859375 0 64 254
0.45665258169174194 0.5078125 0.8671875 82 105 213
0.456351101398468 0.5234375 0.171875 255 192 127
0.4546826481819153 0.53125 0.2109375 0 64 254
0.4609375 0.5390625 0.20854108035564423 0 64 254
0.4590297341346741 0.5546875 0.1796875 17 72 246
0.4609375 0.5577235221862793 0.171875 114 121 197
0.4559950530529022 0.5703125 0.2109375 0 64 255
0.4609375 0.578125 0.8217669725418091 10 69 249
0.4609375 0.5902529954910278 0.1796875 15 71 247
0.4609375 0.6015625 0.22851552069187164 0 64 255
0.4609375 0.609375 0.8235092163085938 97 112 206
0.4555251896381378 0.625 0.1875 22 75 243
0.4583512842655182 0.6328125 0.2265625 0 64 254
0.4609375 0.640625 0.22619499266147614 35 81 237
0.4609375 0.6484375 0.2220565229654312 236 182 136
0.4609375 0.65625 0.8297984600067139 93 110 208
0.45753294229507446 0.671875 0.1796875 255 192 127
0.4609375 0.6646007895469666 0.796875 16 72 246
0.4609375 0.6718951463699341 0.8203125 2 65 253
0.4609375 0.6848297119140625 0.8125 83 105 213
0.4609375 0.6953125 0.801253616809845 255 192 127
0.4609375 0.6980465650558472 0.796875 255 192 127
0.4609375 0.7131090760231018 0.2265625 3 65 253
0.4609375 0.7265625 0.2403533011674881 255 192 127
0.4572612941265106 0.734375 0.25 106 117 201
0.4609375 0.7421875 0.2492322474718094 255 192 127
0.4609375 0.7445470094680786 0.2109375 137 133 186
0.4609375 0.7513198852539062 0.25 0 64 254
0.4609375 0.765625 0.27053648233413696 4 66 252
0.4609375 0.765625 0.6926267743110657 6 67 251
0.4609375 0.7678858041763306 0.2734375 23 75 243
0.4609375 0.7734375 0.6223840713500977 27 77 241
0.4609375 0.78125 0.22510750591754913 185 156 162
0.4609375 0.78125 0.5837358236312866 86 107 211
0.4609375 0.7861091494560242 0.234375 11 69 249
0.4609375 0.7854477763175964 0.5390625 242 185 133
0.4609375 0.796875 0.2988666594028473 6 67 251
0.4609375 0.7891331315040588 0.53125 1 64 254
0.4609375 0.796875 0.7110784649848938 0 64 255
0.4609375 0.8017334342002869 0.4453125 2 65 253
0.4609375 0.8046875 0.636634886264801 135 132 187
0.4574298858642578 0.8046875 0.703125 0 64 254
0.4609375 0.8125 0.3383922278881073 2 65 253
0.4573156237602234 0.8203125 0.2734375 2 65 253
0.4609375 0.8197529911994934 0.375 19 73 245
0.4609375 0.8252538442611694 0.296875 35 81 237
0.4609375 0.8227635025978088 0.421875 21 74 244
0.4609375 0.8251164555549622 0.5625 2 65 253
0.4609375 0.8339363932609558 0.328125 0 64 254
0.45931485295295715 0.8359375 0.53125 9 68 250
0.4609375 0.84375 0.3707577884197235 3 65 253
0.4609375 0.8434960842132568 0.5 60 94 224
0.4609375 0.8485727310180664 0.4140625 47 88 231
0.46875 0.1413899064064026 0.3828125 15 71 247
0.46875 0.15204580128192902 0.3125 0 64 254
0.46875 0.15200185775756836 0.5 8 68 250
0.4621516764163971 0.15625 0.578125 255 192 127
0.46875 0.16045500338077545 0.296875 2 65 253
0.4637402594089508 0.1640625 0.359375 3 65 253
0.46875 0.15837696194648743 0.5625 255 192 127
0.4645274579524994 0.171875 0.328125 58 93 225
0.46875 0.16772283613681793 0.4609375 27 77 241
0.46674641966819763 0.171875 0.59375 81 104 214
0.46718794107437134 0.1779492050409317 0.33510759472846985 10 69 249
0.46875 0.17229950428009033 0.40625 2 65 253
0.46875 0.1796875 0.5455209016799927 0 64 254
0.46875 0.1796875 0.6474015116691589 1 64 254
0.46875 0.18468685448169708 0.3828125 5 66 252
0.46875 0.1875 0.4631590247154236 2 65 253
0.46875 0.1828557252883911 0.546875 2 65 253
0.4633212685585022 0.1875 0.640625 1 64 254
0.46875 0.18986664712429047 0.3984375 81 104 214
0.464865118265152 0.1953125 0.625 1 64 254
0.4650728404521942 0.203125 0.5546875 0 64 254
0.46875 0.21079567074775696 0.265625 53 90 228
0.46875 0.20406262576580048 0.609375 0 64 254
0.46667203307151794 0.21875 0.25 98 113 205
0.46875 0.21875 0.5993097424507141 8 68 250
0.46875 0.2265625 0.23444952070713043 24 76 242
0.4678739011287689 0.2265625 0.65625 55 91 227
0.4637369215488434 0.234375 0.6484375 69 99 220
0.46875 0.2421875 0.6667657494544983 105 116 202
0.46875 0.2578125 0.22684475779533386 161 145 174
0.46714484691619873 0.265625 0.7109375 0 64 255
0.46875 0.2693273723125458 0.7265625 37 82 236
0.46875 0.27474451065063477 0.75 29 78 240
0.46875 0.28852152824401855 0.703125 16 72 246
0.46875 0.296875 0.23959499597549438 46 87 231
0.46875 0.2994338572025299 0.71875 0 64 254
0.46875 0.3125 0.23407961428165436 1 64 254
0.46875 0.328125 0.23337556421756744 0 64 254
0.46875 0.3335629403591156 0.796875 1 64 254
0.46875 0.3374721109867096 0.8203125 8 68 250
0.46875 0.3580521047115326 0.21875 1 64 254
0.46875 0.3637283742427826 0.2109375 0 64 254
0.46875 0.3730475604534149 0.8125 0 64 255
0.46875 0.390625 0.19633394479751587 0 64 254
0.4616844952106476 0.3984375 0.84375 32 80 238
0.46875 0.40625 0.8491517901420593 255 192 127
0.46875 0.421875 0.20989890396595 0 64 254
0.46875 0.4249267876148224 0.2109375 0 64 254
0.46875 0.4375 0.1809658408164978 0 64 255
0.46875 0.4453125 0.8108759522438049 0 64 254
0.46875 0.4463648498058319 0.2578125 122 125 193
0.46875 0.4556357264518738 0.8203125 218 173 145
0.46875 0.46875 0.8174046277999878 0 64 254
0.46875 0.484375 0.8057959079742432 0 64 254
0.46261218190193176 0.5 0.2109375 0 64 254
0.46875 0.5078125 0.8108670711517334 1 64 254
0.46875 0.510917067527771 0.8125 1 64 254
0.46439120173454285 0.5234375 0.8203125 0 64 254
0.46875 0.53125 0.8213707208633423 0 64 254
0.46875 0.5390625 0.8617457747459412 1 64 254
0.46875 0.546875 0.8576403260231018 0 64 255
0.46875 0.5556869506835938 0.171875 81 104 214
0.46875 0.5703125 0.8039168119430542 1 64 254
0.46674999594688416 0.578125 0.2109375 0 64 254
0.466065376996994 0.5859375 0.21875 0 64 254
0.46875 0.5914488434791565 0.1953125 6 67 251
0.46323755383491516 0.6015625 0.203125 0 64 255
0.46875 0.6171875 0.20062293112277985 11 69 249
0.46875 0.625 0.8434194326400757 6 67 251
0.46346384286880493 0.640625 0.1875 0 64 254
0.46875 0.6484375 0.19182534515857697 0 64 254
0.46875 0.65625 0.22083838284015656 0 64 254
0.46875 0.6640625 0.2123563140630722 0 64 254
0.46875 0.6655542254447937 0.2109375 211 170 149
0.46875 0.6796875 0.7731194496154785 0 64 254
0.46751293540000916 0.6875 0.8046875 167 148 171
0.46875 0.6953125 0.7960237860679626 23 75 243
0.46747857332229614 0.703125 0.7890625 25 76 242
0.46875 0.71875 0.19423535466194153 87 107 211
0.46615859866142273 0.7265625 0.234375 0 64 254
0.46434634923934937 0.734375 0.7734375 3 65 253
0.46875 0.7421875 0.7362046241760254 0 64 254
0.46875 0.7441377639770508 0.7109375 11 69 249
0.4631301760673523 0.7578125 0.6484375 125 127 192
0.46875 0.7578125 0.7275665998458862 0 64 254
0.46875 0.7582414150238037 0.640625 255 192 127
0.46875 0.7626572847366333 0.75 1 64 254
0.46875 0.7704726457595825 0.5625 232 180 138
0.46875 0.7658692002296448 0.71875 0 64 254
0.46875 0.7754591703414917 0.546875 226 177 141
0.46875 0.7890625 0.28966546058654785 35 81 237
0.46875 0.796875 0.29549920558929443 0 64 254
0.46528932452201843 0.796875 0.6484375 0 64 255
0.46875 0.796875 0.7110990881919861 0 64 255
0.46875 0.8001126050949097 0.46875 1 64 254
0.46875 0.7989062070846558 0.6015625 37 82 236
0.46875 0.8051127195358276 0.3046875 7 67 251
0.4666506052017212 0.8125 0.3515625 46 87 231
0.46875 0.8070285320281982 0.484375 1 64 254
0.4626213610172272 0.8125 0.6328125 0 64 254
0.46875 0.8142276406288147 0.328125 1 64 254
0.46566715836524963 0.8203125 0.5625 2 65 253
0.46875 0.825574517250061 0.265625 255 192 127
0.46875 0.820588231086731 0.3984375 0 64 254
0.46875 0.8259551525115967 0.5859375 42 85 233
0.46211591362953186 0.8359375 0.3203125 81 104 214
0.46875 0.8359375 0.46374860405921936 71 99 219
0.46875 0.836097776889801 0.3671875 255 192 127
0.46875 0.8436427712440491 0.4375 4 66 252
0.46875 0.8388453125953674 0.53125 18 73 245
0.4735853374004364 0.1484375 0.3671875 0 64 254
0.4765625 0.1484375 0.5175245404243469 29 78 240
0.4765625 0.15625 0.33036911487579346 27 77 241
0.4765625 0.15324948728084564 0.53125 43 85 233
0.4765625 0.16126661002635956 0.2734375 202 165 153
0.4765625 0.15941086411476135 0.3515625 12 70 248
0.4765625 0.1640625 0.5428532958030701 3 65 253
0.4765625 0.16730979084968567 0.390625 9 68 250
0.4765625 0.16481786966323853 0.4375 44 86 232
0.4765625 0.171875 0.5588063597679138 20 74 244
0.4693261981010437 0.171875 0.640625 29 78 240
0.4765625 0.1796875 0.3658160865306854 250 189 129
0.47552868723869324 0.1796875 0.6171875 13 70 248
0.4765625 0.18177799880504608 0.3203125 251 190 129
0.4765625 0.18464234471321106 0.40625 3 66 253
0.46983346343040466 0.1875 0.4609375 3 65 253
0.4765625 0.18180599808692932 0.515625 0 64 254
0.47426536679267883 0.1953125 0.2578125 6 67 251
0.4765625 0.19097912311553955 0.390625 0 64 254
0.4765625 0.1915595978498459 0.546875 1 64 254
0.4765625 0.203125 0.5430668592453003 11 69 249
0.4765625 0.2109375 0.2634311318397522 3 65 253
0.4765625 0.2109375 0.608788788318634 169 149 170
0.4765625 0.21875 0.24250011146068573 0 64 254
0.4765625 0.21529604494571686 0.6484375 1 64 254
0.4765625 0.2222452610731125 0.5859375 0 64 254
0.4688774049282074 0.234375 0.6640625 17 72 246
0.4765625 0.2421875 0.6644038558006287 99 113 205
0.47169241309165955 0.2578125 0.2265625 63 95 223
0.4765625 0.265625 0.674083948135376 204 166 152
0.47600260376930237 0.2734375 0.71875 182 155 163
0.4765625 0.27374351024627686 0.71875 40 84 234
0.4765625 0.2886508107185364 0.2421875 206 167 151
0.4765625 0.2897760570049286 0.21875 5 66 252
0.4765625 0.30197227001190186 0.71875 54 91 227
0.4765625 0.31001943349838257 0.7421875 2 65 253
0.4765625 0.328125 0.23380973935127258 1 64 254
0.4765625 0.33049285411834717 0.7890625 27 77 241
0.4765625 0.340590238571167 0.8203125 0 64 254
0.4765625 0.3515625 0.8335126042366028 0 64 254
0.4765625 0.3631650507450104 0.203125 4 66 252
0.4765625 0.3718198239803314 0.1953125 0 64 254
0.4765625 0.3828125 0.2298956960439682 1 64 254
0.4765625 0.390625 0.848509669303894 32 80 238
0.4765625 0.4023894965648651 0.8203125 0 64 254
0.47465160489082336 0.4140625 0.8203125 1 64 254
0.4765625 0.4296875 0.18557864427566528 3 65 253
0.4765625 0.4296875 0.806826651096344 1 64 254
0.4765625 0.4375 0.806003212928772 1 64 254
0.4765625 0.4453125 0.8069774508476257 3 65 253
0.4765625 0.4495945870876312 0.2421875 6 67 251
0.47056785225868225 0.4609375 0.8125 1 64 254
0.4765625 0.46875 0.8075366020202637 8 68 250
0.4765625 0.484375 0.1808684766292572 78 103 215
0.4765625 0.4921875 0.8205791711807251 0 64 254
0.4765625 0.5043129920959473 0.828125 14 71 247
0.4695231318473816 0.515625 0.8515625 24 76 242
0.4765625 0.53125 0.17200393974781036 43 85 233
0.4765625 0.5390625 0.17970360815525055 5 66 252
0.4765625 0.546875 0.18901997804641724 0 64 254
0.4765625 0.5530787110328674 0.2109375 0 64 254
0.4736616015434265 0.5625 0.8046875 2 65 253
0.4765625 0.5703125 0.7969271540641785 0 64 254
0.4765625 0.5859375 0.16591957211494446 1 64 254
0.4765625 0.593600869178772 0.1796875 43 85 233
0.47526708245277405 0.59375 0.8203125 181 155 164
0.46975114941596985 0.609375 0.203125 10 69 249
0.4765625 0.6153530478477478 0.2265625 0 64 255
0.4765625 0.625 0.8196899890899658 1 64 254
0.4765625 0.640625 0.23249100148677826 0 64 255
0.4765625 0.6484375 0.8286193609237671 72 100 218
0.4765625 0.6608957052230835 0.1796875 255 192 127
0.4765625 0.671875 0.20361238718032837 25 76 242
0.4691865146160126 0.6796875 0.7734375 0 64 254
0.4765625 0.6875 0.7714706659317017 1 64 254
0.4765625 0.6987277865409851 0.1796875 26 77 241
0.4765625 0.703125 0.7937749028205872 255 192 127
0.4765625 0.71875 0.1977788805961609 255 192 127
0.4765625 0.7265625 0.778756320476532 2 65 253
0.4765625 0.7354732751846313 0.203125 22 75 243
0.4765625 0.7459124326705933 0.203125 0 64 255
0.4765625 0.75 0.7693037986755371 2 65 253
0.4704616963863373 0.7578125 0.6640625 5 66 252
0.47649240493774414 0.765625 0.21875 140 134 184
0.4765625 0.765625 0.6798201203346252 14 71 247
0.4765625 0.765625 0.7507414221763611 0 64 254
0.4765625 0.7724156975746155 0.625 0 64 254
0.4765625 0.7765243053436279 0.546875 2 65 253
0.4765625 0.78125 0.6559996604919434 255 192 127
0.4765625 0.7890625 0.5353060960769653 12 70 248
0.4765625 0.7890625 0.6659457087516785 37 83 236
0.4765625 0.796875 0.5997665524482727 3 65 253
0.4765625 0.8046875 0.24236881732940674 0 64 254
0.4765625 0.8046875 0.4705774188041687 2 65 253
0.4765625 0.8046875 0.6785670518875122 2 65 253
0.4765625 0.8055026531219482 0.3671875 10 69 249
0.47605064511299133 0.8125 0.484375 3 65 253
0.4765625 0.8125 0.6482968926429749 3 65 253
0.4765625 0.8128421902656555 0.3359375 6 67 251
0.4765625 0.813057005405426 0.484375 0 64 254
0.4704679548740387 0.8203125 0.578125 16 72 246
0.4765625 0.8256586790084839 0.28125 185 156 162
0.4695882201194763 0.828125 0.4609375 1 64 254
0.4765625 0.828125 0.6171579957008362 48 88 230
0.4688919484615326 0.8359375 0.3671875 63 95 223
0.4765625 0.832547128200531 0.5390625 36 82 236
0.4765625 0.8365065455436707 0.3359375 2 65 253
0.4765625 0.8382297158241272 0.4453125 7 68 251
0.4765625 0.8454200625419617 0.4140625 153 141 178
0.484375 0.14751683175563812 0.515625 255 192 127
0.484375 0.150452122092247 0.359375 3 65 253
0.484375 0.15625 0.4532736539840698 255 192 127
0.484375 0.15016967058181763 0.578125 36 82 236
0.484375 0.15642772614955902 0.3046875 6 67 251
0.484375 0.16159303486347198 0.4140625 7 67 251
0.47743088006973267 0.1640625 0.4609375 54 91 227
0.484375 0.16094107925891876 0.6015625 11 69 249
0.484375 0.16948679089546204 0.265625 126 127 191
0.484375 0.171875 0.6082594394683838 186 157 161
0.484375 0.1796875 0.5442677736282349 4 66 252
0.48134830594062805 0.1875 0.3671875 80 104 214
0.47902289032936096 0.1875 0.4375 0 64 254
0.484375 0.1875 0.505464494228363 1 64 254
0.484375 0.19202719628810883 0.2890625 16 72 246
0.47843828797340393 0.1953125 0.3515625 25 76 242
0.484375 0.18785187602043152 0.53125 0 64 255
0.484375 0.1973138004541397 0.3359375 83 105 213
0.4774230718612671 0.203125 0.609375 2 65 253
0.484375 0.2109375 0.25924843549728394 50 89 229
0.484375 0.2109375 0.6415756344795227 3 65 253
0.484375 0.21122388541698456 0.609375 24 76 242
0.484375 0.21879176795482635 0.5859375 26 77 241
0.48011088371276855 0.234375 0.2734375 38 83 235
0.48335886001586914 0.2421875 0.265625 167 148 171
0.484375 0.25 0.665205180644989 25 76 242
0.47887593507766724 0.265625 0.2578125 1 64 254
0.484375 0.26745256781578064 0.703125 26 77 241
0.484375 0.27475064992904663 0.7109375 0 64 254
0.484375 0.28569549322128296 0.21875 216 172 146
0.484375 0.28420087695121765 0.7734375 2 65 253
0.4809113144874573 0.3046875 0.234375 5 66 252
0.484375 0.3070020079612732 0.7265625 14 71 247
0.484375 0.3203125 0.7445421814918518 219 174 145
0.484375 0.3359375 0.20398592948913574 1 64 254
0.4766119122505188 0.34375 0.2421875 25 76 242
0.484375 0.3515625 0.20394308865070343 5 66 252
0.484375 0.3515625 0.8231770396232605 6 67 251
0.484375 0.35240596532821655 0.828125 83 106 213
0.484375 0.3671875 0.7910646796226501 158 143 175
0.484375 0.3828125 0.22840115427970886 0 64 254
0.484375 0.3868164122104645 0.8125 0 64 254
0.484375 0.40625 0.19755645096302032 0 64 254
0.4786231219768524 0.4140625 0.8203125 4 66 252
0.484375 0.4255189597606659 0.1875 3 65 253
0.4776197373867035 0.4296875 0.8046875 246 187 131
0.47759878635406494 0.4375 0.8046875 43 85 233
0.47821539640426636 0.4453125 0.25 244 186 132
0.484375 0.4509192705154419 0.21875 3 65 253
0.48116496205329895 0.4609375 0.8125 1 64 254
0.484375 0.4632980525493622 0.203125 0 64 254
0.4841226637363434 0.4765625 0.1796875 147 138 181
0.484375 0.47691792249679565 0.1796875 118 123 195
0.484375 0.48723968863487244 0.1796875 1 64 254
0.4800639748573303 0.4921875 0.84375 2 65 253
0.484375 0.4965238869190216 0.84375 4 66 252
0.484375 0.515625 0.815433144569397 0 64 254
0.484375 0.528093695640564 0.2109375 0 64 254
0.484375 0.5390625 0.8131805658340454 0 64 255
0.484375 0.546875 0.8410499691963196 49 88 230
0.484375 0.5625 0.17546023428440094 60 94 224
0.484375 0.5703125 0.20422910153865814 0 64 254
0.484375 0.578125 0.8505129218101501 73 101 218
0.484375 0.59375 0.1738305538892746 1 64 254
0.484375 0.5980206727981567 0.1796875 119 124 195
0.484375 0.6015625 0.8074366450309753 22 75 243
0.484375 0.6048752665519714 0.8125 66 97 221
0.484375 0.6171875 0.22186772525310516 5 66 252
0.484375 0.6321724057197571 0.1875 21 74 244
0.484375 0.640625 0.19186349213123322 1 64 254
0.484375 0.6484375 0.2262662649154663 54 91 227
0.4827583432197571 0.65625 0.828125 255 192 127
0.4770355224609375 0.6640625 0.8046875 12 70 248
0.48350217938423157 0.671875 0.8046875 31 79 239
0.484375 0.6855008006095886 0.2109375 1 64 254
0.484375 0.6923842430114746 0.7734375 1 64 254
0.484375 0.6981760859489441 0.796875 7 67 251
0.484375 0.7044834494590759 0.7890625 17 72 246
0.484375 0.7265625 0.20330405235290527 255 192 127
0.484375 0.7311462163925171 0.75 0 64 254
0.484375 0.7354973554611206 0.7421875 214 171 147
0.484375 0.7479156851768494 0.71875 0 64 254
0.484375 0.7528369426727295 0.65625 255 192 127
0.484375 0.7643861174583435 0.21875 167 148 171
0.484375 0.7586140632629395 0.6875 21 74 244
0.4798915386199951 0.7734375 0.2734375 105 116 202
0.484375 0.7681158781051636 0.75 1 64 254
0.484375 0.7803792953491211 0.578125 57 92 226
0.484375 0.7890625 0.2344481199979782 15 71 247
0.484375 0.7890625 0.6179909110069275 235 182 137
0.484375 0.7960742115974426 0.53125 1 64 254
0.484375 0.796875 0.7030978202819824 1 64 254
0.484375 0.8007696866989136 0.359375 31 80 239
0.484375 0.8046875 0.44886016845703125 0 64 254
0.484375 0.8046875 0.6556194424629211 255 192 127
0.484375 0.8125 0.3034328818321228 158 143 175
0.484375 0.8120386600494385 0.4296875 5 66 252
0.47675514221191406 0.8125 0.6484375 1 64 254
0.484375 0.8191251754760742 0.328125 161 145 174
0.484375 0.8200471997261047 0.5078125 0 64 254
0.484375 0.8190203309059143 0.6484375 3 65 253
0.484375 0.828125 0.3520756661891937 255 192 127
0.484375 0.828125 0.613208532333374 2 65 253
0.484375 0.8286339044570923 0.3515625 55 91 227
0.484375 0.8307117819786072 0.4609375 0 64 254
0.484375 0.8375195264816284 0.328125 238 183 135
0.484375 0.8362400531768799 0.46875 1 64 254
0.484375 0.8453713655471802 0.4921875 3 65 253
0.4902348220348358 0.15625 0.375 151 139 179
0.4890972971916199 0.15625 0.4609375 83 105 213
0.4921875 0.14938563108444214 0.53125 255 192 127
0.4921875 0.15625 0.594730794429779 18 73 245
0.4854804277420044 0.1640625 0.3359375 114 121 197
0.4921875 0.15762951970100403 0.4140625 4 66 252
0.4921875 0.1640625 0.604270339012146 53 90 228
0.4921875 0.16883711516857147 0.3984375 1 64 254
0.4921875 0.17009349167346954 0.6484375 0 64 254
0.4921875 0.17905358970165253 0.453125 2 65 253
0.4921875 0.1722348928451538 0.609375 37 83 236
0.4921875 0.1875 0.402872234582901 15 71 247
0.4921875 0.18611173331737518 0.515625 2 65 253
0.4917488098144531 0.1875 0.5703125 0 64 254
0.486237496137619 0.1953125 0.3046875 70 99 219
0.4921875 0.1935286670923233 0.484375 10 69 249
0.4893660545349121 0.1953125 0.5703125 1 64 254
0.4921875 0.203125 0.25032535195350647 42 85 233
0.4921875 0.20193247497081757 0.3359375 23 76 243
0.4851198196411133 0.203125 0.5625 189 158 160
0.4921875 0.2109375 0.274190217256546 23 75 243
0.4921875 0.2157651036977768 0.25 3 65 253
0.4921875 0.21292506158351898 0.609375 69 98 220
0.4921875 0.2250940203666687 0.6484375 0 64 254
0.4921875 0.2314981073141098 0.6796875 7 67 251
0.4921875 0.24245445430278778 0.2578125 78 103 215
0.4921875 0.2578125 0.6655372381210327 43 85 233
0.4921875 0.26980456709861755 0.671875 60 94 224
0.4921875 0.28125 0.6790218949317932 1 64 254
0.4921875 0.2880030870437622 0.6875 0 64 254
0.4921875 0.296875 0.21257384121418 97 112 206
0.4921875 0.3007154166698456 0.7109375 0 64 254
0.4921875 0.3096972703933716 0.7265625 61 95 224
0.4921875 0.31573739647865295 0.7421875 28 78 240
0.48738813400268555 0.328125 0.7734375 6 67 251
0.4921875 0.3335499167442322 0.7890625 3 65 253
0.4921875 0.3385438919067383 0.796875 0 64 254
0.4921875 0.3515625 0.7597201466560364 0 64 254
0.4921875 0.35723236203193665 0.7734375 107 117 201
0.4921875 0.3671875 0.23506054282188416 0 64 254
0.4921875 0.375 0.23054173588752747 0 64 254
0.4921875 0.3828125 0.22611939907073975 0 64 254
0.4921875 0.390625 0.808375358581543 0 64 254
0.4921875 0.39236825704574585 0.84375 0 64 254
0.4921875 0.4140625 0.23359303176403046 6 67 251
0.4921875 0.41910749673843384 0.796875 2 65 253
0.4921875 0.4238225817680359 0.203125 0 64 254
0.4921875 0.43092790246009827 0.1796875 5 66 252
0.4921875 0.4350019097328186 0.84375 10 69 249
0.4921875 0.453125 0.17684148252010345 1 65 254
0.4906865358352661 0.453125 0.84375 0 64 254
0.4921875 0.46875 0.8196229934692383 1 64 254
0.4921875 0.48421576619148254 0.1796875 255 192 127
0.4921875 0.4916965663433075 0.8125 0 64 254
0.48717841506004333 0.5 0.8125 3 65 253
0.4921875 0.5078125 0.81671142578125 1 64 254
0.4921875 0.5234375 0.21056444942951202 0 64 255
0.4921875 0.538703203201294 0.1796875 12 70 248
0.4921875 0.546875 0.2179422825574875 0 64 254
0.4921311140060425 0.5546875 0.8359375 8 68 250
0.4921875 0.5582888722419739 0.796875 16 72 246
0.4921875 0.5703125 0.7860926985740662 0 64 254
0.4921875 0.578125 0.16578151285648346 0 64 254
0.4921875 0.5859375 0.16665244102478027 255 192 127
0.48452994227409363 0.59375 0.1953125 159 143 175
0.4921875 0.6015625 0.17402419447898865 65 96 222
0.4879764914512634 0.609375 0.1796875 66 97 221
0.4921875 0.6171875 0.17617399990558624 110 119 199
0.4921875 0.625 0.2163812667131424 5 66 252
0.4921875 0.6328125 0.8206896185874939 144 136 182
0.4921875 0.640625 0.8485000133514404 6 67 251
0.4921875 0.65625 0.18488632142543793 255 192 127
0.4921875 0.6630274653434753 0.1796875 1 64 254
0.4921875 0.6667558550834656 0.2109375 7 67 251
0.4921875 0.6796875 0.17552761733531952 0 64 254
0.4921875 0.6875 0.2101302593946457 8 68 250
0.4921875 0.6941357851028442 0.7734375 0 64 254
0.4921875 0.703125 0.7594717144966125 0 64 254
0.4921875 0.7051383256912231 0.7578125 0 64 254
0.4921875 0.71875 0.7500019669532776 0 64 254
0.4921875 0.7198827862739563 0.7421875 82 105 213
0.4921875 0.7310723662376404 0.71875 63 96 223
0.4873146116733551 0.7421875 0.71875 57 92 226
0.4921875 0.7578125 0.20795249938964844 255 192 127
0.4921875 0.754700779914856 0.703125 2 65 253
0.4921875 0.764442503452301 0.640625 13 71 248
0.4892917573451996 0.7734375 0.265625 20 74 244
0.4921875 0.78125 0.2647300958633423 6 67 251
0.48615142703056335 0.78125 0.71875 0 64 254
0.4921875 0.7821460366249084 0.5546875 0 64 254
0.4921875 0.7890625 0.7002649307250977 0 64 254
0.4921875 0.79203200340271 0.5390625 0 64 254
0.4921875 0.796875 0.6728017926216125 85 106 212
0.4921875 0.798076868057251 0.359375 7 67 251
0.4921875 0.7978992462158203 0.46875 0 64 254
0.4921875 0.8046875 0.604215681552887 2 65 253
0.4921875 0.8066097497940063 0.2421875 75 101 217
0.4921875 0.8125 0.39731353521347046 1 64 254
0.4921875 0.8064634203910828 0.5234375 0 64 254
0.49003535509109497 0.8203125 0.3046875 59 93 225
0.4921875 0.8137270212173462 0.3984375 0 64 254
0.4921875 0.8181310892105103 0.5625 0 64 254
0.4921875 0.8225558996200562 0.2890625 6 67 251
0.4921875 0.828125 0.37242627143859863 0 64 254
0.4921875 0.828125 0.5445747375488281 0 64 254
0.4921875 0.8231965899467468 0.6484375 18 73 245
0.4846653342247009 0.8359375 0.4296875 255 192 127
0.4921875 0.8359375 0.532197117805481 0 64 254
0.4921875 0.8416070938110352 0.3984375 69 98 220
0.4921875 0.8407735824584961 0.5078125 9 68 250
0.4973563551902771 0.15625 0.3671875 39 83 235
0.5 0.15194405615329742 0.4609375 3 65 253
0.49817991256713867 0.15625 0.578125 255 192 127
0.5 0.1640625 0.3563741445541382 21 74 244
0.4977053701877594 0.1640625 0.5 4 66 252
0.5 0.1640625 0.6011979579925537 1 64 254
0.5 0.171875 0.32067298889160156 11 69 249
0.4965762495994568 0.171875 0.5 3 65 253
0.49484726786613464 0.171875 0.6484375 0 64 254
0.5 0.17726735770702362 0.4296875 1 64 254
0.4966643154621124 0.1796875 0.5 2 65 253
0.5 0.1796875 0.6526520848274231 6 67 251
0.5 0.1875 0.40239253640174866 15 71 247
0.5 0.1875 0.5186085104942322 4 66 252
0.49536073207855225 0.1875 0.5859375 0 64 254
0.5 0.18808406591415405 0.3984375 0 64 254
0.5 0.1953125 0.5415695309638977 43 85 233
0.492695152759552 0.203125 0.25 60 94 224
0.4956214725971222 0.203125 0.328125 3 66 253
0.5 0.203125 0.5915147066116333 2 65 253
0.5 0.2105255126953125 0.2734375 11 69 249
0.5 0.20671579241752625 0.359375 40 84 234
0.5 0.2109375 0.6613993644714355 5 66 252
0.4982226490974426 0.2265625 0.265625 41 84 234
0.5 0.2280615270137787 0.6484375 36 82 236
0.5 0.2421875 0.2569691240787506 255 192 127
0.5 0.2578125 0.21895815432071686 1 64 254
0.5 0.265625 0.6669002771377563 65 96 222
0.5 0.2734375 0.6723045706748962 195 161 157
0.5 0.2890625 0.2146109640598297 0 64 254
0.5 0.2819630801677704 0.75 1 64 254
0.5 0.2960531711578369 0.6953125 0 64 254
0.4928649067878723 0.3046875 0.71875 0 64 255
0.5 0.3120832145214081 0.734375 51 89 229
0.5 0.328125 0.20028051733970642 15 71 247
0.5 0.3286902606487274 0.765625 58 93 225
0.5 0.33649030327796936 0.7890625 2 65 253
0.5 0.34920763969421387 0.75 107 118 201
0.49595382809638977 0.359375 0.234375 2 65 253
0.5 0.3671875 0.18075132369995117 152 140 178
0.5 0.36732426285743713 0.2265625 4 66 252
0.5 0.3778432607650757 0.7890625 15 71 247
0.4997779428958893 0.390625 0.8359375 0 64 254
0.5 0.3984375 0.8436452150344849 0 64 255
0.4948010742664337 0.4140625 0.8046875 28 78 240
0.4962505102157593 0.421875 0.78125 0 64 254
0.49320709705352783 0.4296875 0.234375 28 78 240
0.5 0.4375 0.7784633636474609 54 91 227
0.5 0.4400393068790436 0.78125 139 133 185
0.5 0.4525381028652191 0.8046875 53 90 228
0.5 0.4586244821548462 0.8125 7 67 251
0.5 0.46875 0.8576799631118774 19 73 245
0.5 0.484375 0.21038928627967834 0 64 255
0.5 0.4901253283023834 0.8203125 0 64 254
0.5 0.5 0.8302670121192932 1 64 254
0.5 0.515625 0.17030777037143707 0 64 254
0.5 0.5234375 0.8220196962356567 0 64 254
0.49443185329437256 0.53125 0.8359375 203 166 153
0.5 0.5363808870315552 0.84375 0 64 254
0.5 0.5498759746551514 0.1875 0 64 254
0.5 0.5625 0.2146468460559845 0 64 254
0.5 0.5703125 0.17278753221035004 67 97 221
0.4933808445930481 0.5703125 0.84375 11 69 249
0.4934057891368866 0.5859375 0.203125 11 69 249
0.5 0.5843645930290222 0.8203125 75 102 217
0.5 0.59375 0.7822868227958679 15 71 247
0.49387112259864807 0.6015625 0.796875 2 65 253
0.5 0.609375 0.8402013182640076 27 77 241
0.49704843759536743 0.625 0.171875 255 192 127
0.4989926815032959 0.6328125 0.2109375 3 65 253
0.5 0.640625 0.21391309797763824 1 64 254
0.5 0.6432408690452576 0.8125 6 67 251
0.5 0.65625 0.8499914407730103 78 103 215
0.5 0.671875 0.176635280251503 1 64 254
0.5 0.6668593287467957 0.8359375 71 100 219
0.5 0.6875 0.17766481637954712 8 68 250
0.5 0.6953125 0.21530328691005707 51 89 229
0.5 0.703125 0.2212538868188858 6 67 251
0.5 0.7109375 0.7316355109214783 13 70 248
0.5 0.71875 0.2264721393585205 2 65 253
0.5 0.7205832600593567 0.2265625 3 65 253
0.5 0.734375 0.7080302834510803 13 70 248
0.4940590560436249 0.7421875 0.7109375 42 85 233
0.5 0.75 0.7039806842803955 28 78 240
0.4952259063720703 0.7578125 0.6953125 75 101 217
0.4995606541633606 0.765625 0.6484375 192 160 158
0.49398308992385864 0.765625 0.75 0 64 254
0.5 0.765917956829071 0.6484375 248 188 130
0.5 0.78125 0.6295661926269531 127 127 191
0.5 0.7839851379394531 0.5703125 44 86 232
0.5 0.78489750623703 0.71875 0 64 254
0.5 0.796875 0.45083776116371155 1 64 254
0.5 0.796875 0.5401871204376221 0 64 255
0.49816274642944336 0.796875 0.6875 4 66 252
0.5 0.8046875 0.3454227149486542 4 66 252
0.5 0.804635763168335 0.4375 0 64 254
0.5 0.7976698279380798 0.59375 4 66 252
0.5 0.8101197481155396 0.296875 18 73 245
0.5 0.8078224658966064 0.4296875 2 65 253
0.5 0.8125 0.6623953580856323 0 64 255
0.5 0.8203125 0.36919233202934265 31 79 239
0.5 0.8197082877159119 0.5625 0 64 254
0.5 0.8255940079689026 0.296875 32 80 238
0.5 0.828125 0.3757542669773102 93 111 208
0.5 0.828125 0.544358491897583 1 64 254
0.5 0.8268558979034424 0.6484375 22 75 243
0.5 0.8359375 0.41976916790008545 220 174 144
0.5 0.8359375 0.5001944899559021 2 65 253
0.5 0.84375 0.3068009316921234 7 67 251
0.5 0.8378812670707703 0.5078125 0 64 254
0.5078125 0.15603677928447723 0.4375 184 156 162
0.5078125 0.1484910398721695 0.5234375 255 192 127
0.5048655271530151 0.1640625 0.390625 4 66 252
0.5078125 0.1640625 0.5457114577293396 5 66 252
0.502379834651947 0.171875 0.296875 4 66 252
0.5078125 0.16806213557720184 0.6015625 50 89 229
0.5043689012527466 0.1796875 0.3046875 1 64 254
0.5078125 0.17697674036026 0.359375 203 166 153
0.5075045824050903 0.1796875 0.546875 1 64 254
0.5078125 0.1875 0.25469452142715454 255 192 127
0.5078125 0.18294748663902283 0.34375 127 128 191
0.5078125 0.1875 0.4691794812679291 22 75 243
0.5078125 0.1853925585746765 0.5703125 0 64 254
0.5078125 0.19456727802753448 0.3828125 11 69 249
0.5078125 0.19092997908592224 0.515625 2 65 253
0.5078125 0.1953125 0.6573506593704224 68 98 220
0.5078125 0.203125 0.5455083250999451 12 70 248
0.5078125 0.20037245750427246 0.6328125 0 64 254
0.5078125 0.2109375 0.3033216595649719 4 66 252
0.5078125 0.20402613282203674 0.546875 2 65 253
0.5078125 0.21457287669181824 0.640625 12 70 248
0.5078125 0.2265625 0.6694908738136292 0 64 254
0.5078125 0.2396315187215805 0.2265625 74 101 217
0.5078125 0.24409140646457672 0.65625 117 122 196
0.5078125 0.265625 0.25397834181785583 31 79 239
0.5078125 0.27268117666244507 0.671875 157 143 176
0.5078125 0.2890625 0.21384795010089874 10 69 249
0.5077246427536011 0.2890625 0.7578125 2 65 253
0.5078125 0.2962435185909271 0.765625 0 64 254
0.5022656321525574 0.3125 0.203125 50 89 229
0.5078125 0.3203125 0.19993586838245392 3 65 253
0.5064287185668945 0.328125 0.2265625 17 73 246
0.5078125 0.3359375 0.7333205342292786 61 94 224
0.5078125 0.33752158284187317 0.734375 0 64 254
0.5078125 0.3469519317150116 0.7421875 3 65 253
0.5078125 0.3582211136817932 0.765625 255 192 127
0.5000860095024109 0.3671875 0.2265625 3 65 253
0.5078125 0.375 0.2186858206987381 1 64 254
0.5078125 0.3828125 0.7908220887184143 1 64 254
0.5078125 0.390625 0.8331848978996277 0 64 254
0.5078125 0.40625 0.19645488262176514 45 87 232
0.5078125 0.4140625 0.7940248847007751 43 86 233
0.5078125 0.41719770431518555 0.78125 73 100 218
0.5078125 0.4296875 0.22493737936019897 0 64 254
0.5078125 0.43718838691711426 0.7734375 139 134 185
0.5078125 0.4453125 0.8360394239425659 16 72 246
0.5078125 0.4609375 0.1709909439086914 28 78 240
0.5078125 0.46526822447776794 0.8203125 0 64 254
0.5078125 0.484375 0.17627675831317902 67 98 221
0.5078125 0.4921875 0.8146378993988037 0 64 254
0.5078125 0.49674227833747864 0.8515625 255 192 127
0.5078125 0.5154061913490295 0.8203125 0 64 255
0.5078125 0.5185934901237488 0.84375 108 118 200
0.5078125 0.53125 0.8501172661781311 97 112 206
0.5078125 0.5391448736190796 0.1796875 0 64 254
0.5038695931434631 0.5546875 0.21875 1 64 254
0.5078125 0.5621643662452698 0.21875 1 64 254
0.5078125 0.5703125 0.17489294707775116 57 92 226
0.5044036507606506 0.578125 0.171875 0 64 254
0.5078125 0.5727735161781311 0.8203125 81 104 214
0.5014796257019043 0.5859375 0.8203125 3 65 253
0.5059419870376587 0.59375 0.8125 9 68 250
0.5078125 0.5968047380447388 0.8046875 44 86 232
0.5078125 0.609375 0.7946701645851135 15 71 247
0.5078125 0.625 0.16655975580215454 0 64 254
0.5078125 0.6328125 0.20938926935195923 0 64 254
0.5078125 0.640625 0.8079741597175598 3 65 253
0.5078125 0.6484375 0.8509422540664673 32 80 238
0.5078125 0.6579990983009338 0.1875 55 91 227
0.5078125 0.6662904024124146 0.2109375 12 70 248
0.5074157118797302 0.6796875 0.78125 0 64 254
0.5078125 0.6875 0.7681164741516113 0 64 254
0.5078125 0.6953125 0.7927854657173157 0 64 254
0.505989670753479 0.7109375 0.1875 4 66 252
0.5078125 0.7080326676368713 0.78125 1 64 254
0.5078125 0.7160089015960693 0.7734375 0 64 254
0.5068746209144592 0.734375 0.1953125 10 69 249
0.5078125 0.73536217212677 0.1953125 0 64 254
0.5001457929611206 0.7421875 0.765625 0 64 254
0.5037505626678467 0.75 0.7578125 0 64 254
0.5062475800514221 0.7578125 0.7421875 170 149 169
0.5078125 0.765625 0.6760339140892029 255 192 127
0.5078125 0.7734375 0.2300199419260025 2 65 253
0.5078125 0.78125 0.23045027256011963 249 189 130
0.5072333812713623 0.7890625 0.5703125 32 80 238
0.5078125 0.7850547432899475 0.71875 0 64 255
0.5078125 0.796875 0.4481741189956665 0 64 254
0.5078125 0.7947515845298767 0.5546875 4 66 252
0.5005048513412476 0.796875 0.6796875 0 64 254
0.5078125 0.8046875 0.34967899322509766 12 70 248
0.5078125 0.7977995276451111 0.4921875 0 64 255
0.5078125 0.7982556223869324 0.59375 23 75 243
0.5078125 0.8046875 0.6644008159637451 0 64 255
0.5078125 0.8079596757888794 0.4296875 1 64 254
0.5078125 0.8125 0.662594199180603 0 64 254
0.5078125 0.8203125 0.32369372248649597 254 191 127
0.5007442235946655 0.8203125 0.4609375 0 64 254
0.5067330002784729 0.8203125 0.5703125 0 64 254
0.5053585171699524 0.828125 0.359375 16 72 246
0.5078125 0.8249728083610535 0.484375 0 64 255
0.5078125 0.8264284729957581 0.5859375 0 64 254
0.5051245093345642 0.828125 0.640625 4 66 252
0.5078125 0.8359375 0.34137895703315735 9 68 250
0.5078125 0.8281607031822205 0.4921875 0 64 254
0.5078125 0.8312291502952576 0.546875 0 64 254
0.5078125 0.8398838639259338 0.3515625 3 65 253
0.5078125 0.8463919162750244 0.40625 0 64 254
0.515625 0.15625 0.5077885985374451 1 64 254
0.515625 0.15770667791366577 0.3828125 0 64 254
0.515625 0.15882839262485504 0.453125 8 68 250
0.515625 0.16005323827266693 0.5703125 57 92 226
0.515625 0.171875 0.48991164565086365 0 64 254
0.5083785653114319 0.1796875 0.328125 1 65 254
0.515625 0.1796875 0.5016031861305237 0 64 254
0.515625 0.1770959347486496 0.640625 12 70 248
0.515625 0.1875 0.29218432307243347 4 66 252
0.515625 0.18350915610790253 0.4296875 1 64 254
0.5138468742370605 0.1875 0.546875 0 64 254
0.515625 0.18285535275936127 0.6484375 4 66 252
0.515625 0.1953125 0.30179649591445923 1 64 254
0.515625 0.1953125 0.38378822803497314 7 67 251
0.515625 0.18939347565174103 0.5078125 1 64 254
0.5121409296989441 0.1953125 0.65625 24 76 242
0.515625 0.19771058857440948 0.5234375 232 180 138
0.515625 0.20164237916469574 0.625 0 64 254
0.515625 0.2109375 0.28977644443511963 37 82 236
0.515625 0.20877546072006226 0.5546875 1 64 254
0.515625 0.21292798221111298 0.28125 2 65 253
0.515625 0.21875 0.6428578495979309 17 73 246
0.515625 0.234375 0.24749824404716492 16 72 246
0.515625 0.2421875 0.2434195727109909 66 97 221
0.515625 0.25 0.2566312849521637 65 96 222
0.515625 0.2578125 0.6838405728340149 49 88 230
0.515625 0.2734375 0.25343233346939087 0 64 254
0.515625 0.2774159610271454 0.703125 3 65 253
0.515625 0.2825659513473511 0.7265625 0 64 254
0.515625 0.2893599569797516 0.75 1 64 254
0.515625 0.3046875 0.7054150700569153 0 64 254
0.515625 0.3125 0.7641617655754089 2 65 253
0.515625 0.328125 0.231761172413826 11 69 249
0.515625 0.3307332396507263 0.7734375 5 66 252
0.515625 0.34375 0.7880414724349976 0 64 254
0.5126645565032959 0.359375 0.1796875 5 67 252
0.5135683417320251 0.359375 0.8125 16 72 246
0.5143159031867981 0.3671875 0.8203125 0 64 254
0.515625 0.3828125 0.17954926192760468 255 192 127
0.515625 0.390625 0.22538280487060547 0 64 254
0.515625 0.39170411229133606 0.796875 0 64 254
0.515625 0.39909127354621887 0.8359375 0 64 254
0.515625 0.421875 0.7679505348205566 83 106 213
0.512279748916626 0.4296875 0.2265625 0 64 254
0.515625 0.4375 0.2234700322151184 145 137 182
0.515625 0.4453125 0.21079877018928528 4 66 252
0.515625 0.44877326488494873 0.171875 0 64 254
0.515625 0.4609375 0.17067988216876984 3 65 253
0.515625 0.46216490864753723 0.84375 188 158 160
0.515625 0.484375 0.17624536156654358 82 105 213
0.515625 0.4921875 0.8115717172622681 0 64 254
0.515625 0.5078125 0.17825184762477875 15 71 247
0.508331835269928 0.515625 0.8203125 0 64 255
0.515625 0.5234375 0.22885096073150635 45 86 232
0.515625 0.5250980854034424 0.8515625 6 67 251
0.515625 0.5424029231071472 0.1796875 2 65 253
0.515625 0.5546875 0.18997973203659058 0 64 255
0.5127731561660767 0.5625 0.1875 0 64 254
0.515625 0.5549153685569763 0.8046875 10 69 249
0.5138620138168335 0.5703125 0.7734375 255 192 127
0.515625 0.578125 0.23097361624240875 2 65 253
0.515625 0.5832977294921875 0.2265625 2 65 253
0.515625 0.59375 0.7793319225311279 5 66 252
0.515625 0.5991729497909546 0.8046875 214 171 147
0.515625 0.609375 0.7918641567230225 0 64 254
0.5115676522254944 0.625 0.203125 0 64 254
0.515625 0.6324176788330078 0.828125 18 73 245
0.515625 0.6329597234725952 0.828125 30 79 239
0.515625 0.6454353332519531 0.796875 9 69 250
0.515625 0.6554406881332397 0.84375 232 180 138
0.515625 0.6640625 0.832996666431427 35 81 237
0.5116668343544006 0.671875 0.8203125 1 64 254
0.515625 0.6787399649620056 0.8046875 0 64 254
0.515625 0.6953125 0.20793986320495605 24 76 242
0.515625 0.6973544359207153 0.7578125 0 64 254
0.515625 0.7097276449203491 0.71875 3 65 253
0.5083999037742615 0.71875 0.1953125 1 64 254
0.5110762715339661 0.7265625 0.2265625 72 100 218
0.515625 0.734375 0.7037653923034668 4 66 252
0.5152701735496521 0.7421875 0.734375 67 98 221
0.515625 0.7428145408630371 0.25 48 88 230
0.515625 0.7578125 0.2611490488052368 2 65 253
0.5140184164047241 0.765625 0.671875 46 87 231
0.515625 0.7734375 0.26395049691200256 71 100 219
0.515625 0.7786036133766174 0.6484375 15 71 247
0.515625 0.7869508266448975 0.6875 0 64 254
0.515625 0.796875 0.28018641471862793 129 128 190
0.515625 0.7955499291419983 0.5 0 64 254
0.5116419792175293 0.796875 0.6015625 3 65 253
0.515625 0.7960079312324524 0.671875 1 64 254
0.5106725692749023 0.8046875 0.3515625 3 65 253
0.515625 0.7981812357902527 0.4453125 0 64 255
0.515625 0.8077500462532043 0.2421875 20 74 244
0.515625 0.8064538240432739 0.3515625 6 67 251
0.515625 0.806222677230835 0.6640625 0 64 254
0.515625 0.8135526776313782 0.3046875 1 64 254
0.515625 0.819304883480072 0.4609375 0 64 255
0.515625 0.8249626159667969 0.2890625 9 68 250
0.515625 0.8244834542274475 0.3671875 6 67 251
0.515625 0.828125 0.44791290163993835 0 64 254
0.515625 0.8258036375045776 0.59375 2 65 253
0.5139138102531433 0.8359375 0.34375 136 132 186
0.515625 0.8359375 0.4357508420944214 8 68 250
0.5149573683738708 0.8359375 0.5546875 29 78 240
0.5131983757019043 0.84375 0.3203125 95 111 207
0.515625 0.8472796678543091 0.3125 3 65 253
0.5191242098808289 0.15625 0.53125 37 82 236
0.5234375 0.1640625 0.433334082365036 0 64 254
0.523301362991333 0.1640625 0.515625 3 65 253
0.5234375 0.1640625 0.5810803174972534 16 72 246
0.5234375 0.16484014689922333 0.453125 5 66 252
0.5234375 0.171875 0.5585727691650391 5 66 252
0.5234375 0.1796875 0.4911130666732788 5 66 252
0.5234375 0.1794023960828781 0.6328125 5 66 252
0.5234375 0.18490876257419586 0.4375 3 65 253
0.5234375 0.1875 0.5643506050109863 5 66 252
0.5234375 0.1953125 0.2527950406074524 44 86 232
0.5234375 0.1950853317975998 0.328125 0 64 254
0.5234375 0.1953125 0.41914060711860657 14 71 247
0.5234375 0.19346660375595093 0.515625 6 67 251
0.5234375 0.1953125 0.6540680527687073 0 64 254
0.5234375 0.19619682431221008 0.3828125 15 71 247
0.5234375 0.19840113818645477 0.546875 20 74 244
0.5157350301742554 0.2109375 0.2890625 2 65 253
0.5234375 0.2109375 0.5463398694992065 0 64 254
0.5234375 0.2109375 0.6550046801567078 3 65 253
0.5234375 0.21199555695056915 0.328125 4 66 252
0.5234375 0.2265625 0.24441523849964142 2 65 253
0.5234375 0.234375 0.6470513343811035 28 78 240
0.5234375 0.25 0.23782147467136383 255 192 127
0.5234375 0.2556203603744507 0.2578125 1 64 254
0.5234375 0.265625 0.661923348903656 15 71 247
0.5234375 0.2734375 0.6933982968330383 0 64 254
0.5234375 0.2877315282821655 0.2421875 2 65 253
0.5234375 0.296875 0.21206438541412354 53 90 228
0.5160061120986938 0.3046875 0.234375 255 192 127
0.5234375 0.3125 0.23634332418441772 0 64 254
0.5234375 0.3203125 0.7317909002304077 1 64 254
0.5234375 0.3359375 0.1920895278453827 0 64 254
0.5234375 0.3436436951160431 0.2265625 1 64 254
0.5234375 0.3514772653579712 0.75 0 64 255
0.5173584222793579 0.359375 0.765625 12 70 248
0.5234375 0.3639053702354431 0.796875 7 67 251
0.5234375 0.375 0.8184589147567749 0 64 254
0.5234375 0.390625 0.18246591091156006 71 99 219
0.5234375 0.3960208594799042 0.796875 14 71 247
0.5234375 0.40625 0.8344663381576538 0 64 254
0.5234375 0.4140625 0.8346949219703674 0 64 255
0.5234375 0.421875 0.8310475945472717 1 64 254
0.5186235904693604 0.4296875 0.828125 154 141 177
0.5160953402519226 0.4453125 0.171875 2 65 253
0.5234375 0.4453125 0.8324300050735474 1 64 254
0.5187567472457886 0.453125 0.8359375 13 71 248
0.5234375 0.46875 0.20942926406860352 0 64 254
0.5234375 0.4765625 0.8142147660255432 0 64 255
0.5234375 0.484375 0.8508018255233765 0 64 254
0.5201738476753235 0.4921875 0.8515625 255 192 127
0.5234375 0.5 0.8379683494567871 32 80 238
0.5234375 0.515625 0.1805020421743393 0 64 254
0.5234375 0.5223180651664734 0.1796875 1 64 254
0.5234375 0.5290915369987488 0.2421875 255 192 127
0.5234375 0.5390625 0.8260086178779602 0 64 254
0.5229568481445312 0.5546875 0.1953125 0 64 254
0.5169579982757568 0.5546875 0.78125 21 74 244
0.5234375 0.5561093091964722 0.1953125 0 64 254
0.5234375 0.5625 0.84569251537323 2 65 253
0.520064115524292 0.578125 0.1796875 72 100 218
0.5234375 0.5747795701026917 0.8359375 1 64 254
0.5234375 0.5859375 0.8011924028396606 0 64 254
0.5234375 0.59375 0.7788703441619873 6 67 251
0.5234375 0.596189022064209 0.8125 23 75 243
0.5234375 0.609375 0.7915269732475281 0 64 254
0.5234375 0.6209437251091003 0.203125 0 64 254
0.5234375 0.6328125 0.21164460480213165 0 64 254
0.520365834236145 0.640625 0.828125 63 95 223
0.5234375 0.6484375 0.8138356804847717 0 64 255
0.5220987200737 0.65625 0.8125 0 64 255
0.5233932733535767 0.6640625 0.8046875 0 64 254
0.5165860652923584 0.671875 0.7734375 1 64 254
0.5234375 0.6875 0.17388002574443817 0 64 254
0.5234375 0.6953125 0.8018558025360107 3 65 253
0.5234375 0.7044262290000916 0.2109375 20 74 244
0.5234375 0.7109375 0.7884964346885681 20 74 244
0.5234375 0.7120148539543152 0.71875 43 85 233
0.516632080078125 0.7265625 0.765625 0 64 255
0.5234375 0.7326394319534302 0.75 2 65 253
0.5234375 0.7421875 0.7047544717788696 9 68 250
0.5234375 0.75 0.7318130135536194 2 65 253
0.5234375 0.7578125 0.6928913593292236 1 64 254
0.5234375 0.7597910165786743 0.671875 11 69 249
0.5234375 0.7734375 0.6574432253837585 0 64 255
0.5205805897712708 0.78125 0.6484375 3 65 253
0.5234375 0.7890625 0.22711659967899323 62 95 223
0.5185795426368713 0.7890625 0.6171875 37 82 236
0.5171804428100586 0.7890625 0.71875 2 65 253
0.5234375 0.7922033071517944 0.46875 2 65 253
0.5159556269645691 0.796875 0.5625 8 68 250
0.5169529318809509 0.796875 0.671875 8 68 250
0.5234375 0.8046875 0.3222382366657257 1 64 254
0.5234375 0.8019347190856934 0.375 0 64 254
0.5193333029747009 0.8046875 0.5546875 0 64 254
0.5234375 0.8084818720817566 0.3046875 0 64 254
0.5234375 0.8125 0.402368426322937 8 68 250
0.5234375 0.8138262033462524 0.25 15 71 247
0.518151581287384 0.8203125 0.4609375 0 64 255
0.5234375 0.828125 0.28713420033454895 6 67 251
0.516787052154541 0.828125 0.40625 255 192 127
0.5229911208152771 0.828125 0.5078125 0 64 254
0.5176617503166199 0.828125 0.6171875 0 64 254
0.5234375 0.8344848155975342 0.296875 7 67 251
0.5223469734191895 0.8359375 0.390625 5 66 252
0.5234375 0.8339722156524658 0.5390625 4 66 252
0.5234375 0.84375 0.3252089023590088 64 96 222
0.5226931571960449 0.84375 0.5546875 171 149 169
0.5234375 0.8515625 0.4157826900482178 60 94 224
0.53125 0.1640625 0.4202060401439667 1 64 254
0.53125 0.171875 0.3666021525859833 0 64 254
0.53125 0.1699887216091156 0.453125 2 65 253
0.5300309062004089 0.171875 0.53125 27 77 241
0.53125 0.1796875 0.3464207947254181 18 73 245
0.53125 0.17808012664318085 0.4921875 0 64 254
0.5239222049713135 0.1796875 0.6328125 14 71 247
0.53125 0.1875 0.44703707098960876 1 64 254
0.53125 0.18375153839588165 0.625 6 67 251
0.53125 0.19134043157100677 0.2890625 3 65 253
0.53125 0.18810178339481354 0.4375 0 64 254
0.5293696522712708 0.1953125 0.515625 21 74 244
0.53125 0.1953125 0.5958477854728699 11 69 249
0.53125 0.20148438215255737 0.3671875 0 64 254
0.53125 0.1983855962753296 0.4765625 5 66 252
0.53125 0.20123790204524994 0.6015625 0 64 255
0.5247644782066345 0.2109375 0.3515625 0 64 254
0.5241463780403137 0.2109375 0.546875 0 64 255
0.53125 0.21875 0.2433561086654663 1 64 254
0.53125 0.21243062615394592 0.328125 3 65 253
0.5303539633750916 0.2265625 0.2421875 91 109 209
0.53125 0.2265625 0.6407938599586487 7 67 251
0.53125 0.234375 0.6783027648925781 3 65 253
0.5296872854232788 0.25 0.2578125 5 66 252
0.53125 0.2578125 0.657284677028656 0 64 254
0.5273386836051941 0.2734375 0.25 3 65 253
0.53125 0.28125 0.6729374527931213 115 121 197
0.53125 0.28357404470443726 0.71875 0 64 254
0.5302695035934448 0.296875 0.75 0 64 254
0.53125 0.3125 0.2058505266904831 4 66 252
0.53125 0.3198995590209961 0.203125 6 67 251
0.53125 0.32707804441452026 0.75 31 79 239
0.53125 0.3359375 0.7723028659820557 0 64 254
0.53125 0.345796138048172 0.1875 3 65 253
0.53125 0.359375 0.21163488924503326 0 64 255
0.53125 0.3671875 0.21000055968761444 1 64 254
0.53125 0.375 0.21335336565971375 1 64 254
0.5259342789649963 0.3828125 0.21875 30 79 239
0.53125 0.387209951877594 0.78125 29 78 240
0.53125 0.3984375 0.7952378988265991 13 70 248
0.5309792160987854 0.40625 0.828125 0 64 254
0.53125 0.4140625 0.8280596137046814 0 64 254
0.5267308354377747 0.421875 0.828125 1 64 254
0.53125 0.4296875 0.7617195248603821 71 100 219
0.525245726108551 0.4375 0.234375 255 192 127
0.53125 0.44330689311027527 0.234375 0 64 254
0.53125 0.45112770795822144 0.78125 65 96 222
0.53125 0.4583362340927124 0.8046875 0 64 254
0.53125 0.4694048762321472 0.171875 4 66 252
0.5252088904380798 0.484375 0.21875 10 69 249
0.53125 0.4921875 0.185358926653862 4 66 252
0.53125 0.4921875 0.8408644795417786 0 64 254
0.53125 0.49603167176246643 0.8359375 1 64 254
0.53125 0.5078125 0.7973186373710632 0 64 254
0.53125 0.5088914036750793 0.8359375 155 141 177
0.5248598456382751 0.5234375 0.8203125 2 65 253
0.53125 0.5296977758407593 0.8515625 33 80 238
0.5283700823783875 0.546875 0.1953125 135 131 187
0.53125 0.5410734415054321 0.78125 7 67 251
0.53125 0.5546875 0.2047615349292755 0 64 254
0.53125 0.553740382194519 0.8125 0 64 254
0.53125 0.5625 0.7638047933578491 5 66 252
0.53125 0.5703125 0.8407460451126099 3 65 253
0.53125 0.5752549171447754 0.8359375 19 73 245
0.53125 0.5859375 0.7669909000396729 14 71 247
0.5310862064361572 0.59375 0.2265625 1 64 254
0.53125 0.5938550233840942 0.2265625 2 65 253
0.53125 0.609375 0.2049514502286911 0 64 254
0.53125 0.6171875 0.7969046235084534 0 64 254
0.53125 0.6275914907455444 0.2109375 0 64 255
0.53125 0.639600932598114 0.21875 0 64 254
0.53125 0.6440314650535583 0.796875 3 66 253
0.5311673879623413 0.65625 0.8125 0 64 254
0.5273571610450745 0.671875 0.1796875 255 192 127
0.53125 0.6727485060691833 0.1796875 255 192 127
0.5238447785377502 0.6875 0.765625 0 64 254
0.53125 0.6913621425628662 0.796875 34 81 237
0.53125 0.7109375 0.21045613288879395 1 64 254
0.5257464647293091 0.71875 0.21875 5 66 252
0.53125 0.7265625 0.2244301587343216 5 66 252
0.53125 0.7288027405738831 0.7109375 6 67 251
0.5247114300727844 0.7421875 0.2421875 42 85 233
0.53125 0.75 0.19770227372646332 0 64 255
0.53125 0.7578125 0.19743944704532623 0 64 254
0.5246734619140625 0.7578125 0.734375 2 65 253
0.53125 0.7606453895568848 0.6953125 55 91 227
0.5267045497894287 0.7734375 0.265625 44 86 232
0.53125 0.78125 0.21987977623939514 28 78 240
0.5278611779212952 0.78125 0.734375 17 73 246
0.53125 0.7828193306922913 0.6171875 255 192 127
0.53125 0.7890625 0.6950947046279907 0 64 254
0.53125 0.7949621081352234 0.4609375 1 64 254
0.53125 0.7966395020484924 0.5859375 158 143 175
0.53125 0.7936859726905823 0.7265625 0 64 254
0.5255105495452881 0.8046875 0.3203125 129 129 190
0.5293863415718079 0.8046875 0.4453125 0 64 254
0.53125 0.8022273182868958 0.578125 5 66 252
0.53125 0.8091321587562561 0.359375 0 64 255
0.53125 0.8086931705474854 0.5390625 1 64 254
0.53125 0.8095639944076538 0.6640625 1 64 254
0.53125 0.8151518702507019 0.4375 58 93 225
0.5310942530632019 0.8203125 0.546875 0 64 254
0.53125 0.8199858069419861 0.6328125 0 64 254
0.53125 0.8248428106307983 0.3359375 30 79 239
0.5235739946365356 0.828125 0.4140625 25 76 242
0.5253455638885498 0.828125 0.5859375 194 161 157
0.5267605185508728 0.8359375 0.3515625 255 192 127
0.53125 0.8311657905578613 0.453125 0 64 254
0.53125 0.84375 0.30696243047714233 255 192 127
0.53125 0.84375 0.569179892539978 53 91 228
0.53125 0.8447555303573608 0.5390625 8 68 250
0.5344463586807251 0.171875 0.34375 2 65 253
0.5390625 0.171875 0.4134669899940491 4 66 252
0.5329407453536987 0.171875 0.5 0 64 254
0.5390625 0.16611099243164062 0.578125 255 192 127
0.5390625 0.1796875 0.3901400864124298 72 100 218
0.5390625 0.1731693297624588 0.4921875 2 65 253
0.5346899628639221 0.1875 0.328125 2 65 253
0.533348798751831 0.1875 0.5390625 255 192 127
0.5383645296096802 0.1953125 0.265625 28 78 240
0.5379970073699951 0.1953125 0.4140625 57 92 226
0.5320915579795837 0.1953125 0.4921875 2 65 253
0.5390625 0.1953125 0.5778809189796448 3 65 253
0.5390625 0.19767442345619202 0.28125 5 66 252
0.5348712205886841 0.203125 0.359375 255 192 127
0.5390625 0.20221209526062012 0.421875 2 65 253
0.5316241979598999 0.203125 0.5625 2 65 253
0.5390625 0.2109375 0.3003040552139282 0 64 254
0.5390625 0.20648381114006042 0.34375 28 78 240
0.5390625 0.2097686380147934 0.53125 0 64 254
0.5390625 0.2109375 0.6535231471061707 0 64 254
0.5390625 0.21117818355560303 0.5546875 1 64 254
0.5363618731498718 0.2265625 0.296875 1 64 254
0.5390625 0.23201516270637512 0.2734375 13 70 248
0.5390625 0.24206218123435974 0.234375 237 183 136
0.5390625 0.24573484063148499 0.2578125 32 80 238
0.5390625 0.2578125 0.6859354376792908 254 191 127
0.5390625 0.2734375 0.21194496750831604 68 98 220
0.5390625 0.28125 0.2419414222240448 16 72 246
0.5390625 0.28307297825813293 0.7109375 5 66 252
0.5384049415588379 0.296875 0.7421875 0 64 254
0.5363770723342896 0.3046875 0.75 5 66 252
0.5390625 0.3125 0.7489273548126221 9 68 250
0.5390625 0.328125 0.19232523441314697 2 65 253
0.5390625 0.3359375 0.7310273051261902 0 64 254
0.5390625 0.34375 0.7758099436759949 5 66 252
0.5390625 0.35656827688217163 0.75 0 64 254
0.5390625 0.360601007938385 0.78125 0 64 254
0.5381376147270203 0.375 0.8046875 255 192 127
0.5390625 0.390625 0.18089847266674042 2 65 253
0.5390625 0.3984375 0.22711099684238434 250 189 129
0.5390625 0.40625 0.8252919912338257 0 64 254
0.5390625 0.4180881679058075 0.2109375 1 64 254
0.5390625 0.4296875 0.21304066479206085 0 64 254
0.5390625 0.43381205201148987 0.203125 0 64 255
0.5390625 0.44530901312828064 0.234375 0 64 254
0.5390625 0.45249903202056885 0.78125 45 86 232
0.5346512198448181 0.4609375 0.8046875 0 64 254
0.5367568731307983 0.46875 0.8359375 0 64 254
0.5390625 0.4765625 0.8372325301170349 0 64 255
0.5390625 0.480157732963562 0.7890625 255 192 127
0.5348234176635742 0.4921875 0.8359375 13 70 248
0.5366543531417847 0.5 0.828125 1 64 254
0.5316773056983948 0.5078125 0.796875 1 64 254
0.5390576124191284 0.515625 0.78125 133 131 188
0.5390625 0.5234375 0.24658122658729553 0 64 254
0.5390625 0.5234375 0.8405722975730896 0 64 255
0.5321719646453857 0.53125 0.8203125 0 64 254
0.5390625 0.535313069820404 0.25 65 96 222
0.5385334491729736 0.5390625 0.84375 123 125 193
0.5390625 0.5453140139579773 0.796875 12 70 248
0.5390625 0.5546875 0.2188532054424286 6 67 251
0.5390625 0.559499979019165 0.2578125 5 66 252
0.5390625 0.5660122632980347 0.2578125 96 112 206
0.5390625 0.578125 0.7596353888511658 255 192 127
0.5390625 0.5859375 0.7643998861312866 35 82 237
0.5390625 0.5864933729171753 0.1875 139 134 185
0.5390625 0.5986340045928955 0.1796875 22 75 243
0.5390625 0.609375 0.1696028709411621 78 103 215
0.5390625 0.6148678064346313 0.7890625 1 64 254
0.5390625 0.6328125 0.1709122657775879 25 76 242
0.5390625 0.637415885925293 0.21875 0 64 255
0.5331196188926697 0.6484375 0.8203125 8 68 250
0.5390625 0.6640625 0.1813836544752121 37 82 236
0.5390625 0.671875 0.7629890441894531 1 64 254
0.5390625 0.6796875 0.8020757436752319 54 91 227
0.5390625 0.6953125 0.17603307962417603 25 76 242
0.5390625 0.703125 0.7460415363311768 0 64 254
0.5390625 0.7083969116210938 0.7421875 1 64 254
0.5390625 0.7144649028778076 0.734375 0 64 254
0.5315788984298706 0.7265625 0.78125 3 65 253
0.5390625 0.7294175028800964 0.78125 0 64 254
0.5390625 0.7404626607894897 0.765625 2 65 253
0.5390625 0.75 0.7499247789382935 51 89 229
0.5390625 0.7578125 0.6892011165618896 38 83 235
0.5390625 0.765625 0.2614017426967621 182 155 163
0.5346032381057739 0.7734375 0.203125 0 64 254
0.5390625 0.7734375 0.6873972415924072 1 64 254
0.5327931046485901 0.78125 0.28125 18 73 245
0.5390625 0.7884281873703003 0.2265625 255 192 127
0.5390625 0.7826350927352905 0.6171875 102 115 203
0.5390625 0.7901864051818848 0.296875 18 73 245
0.5390625 0.796875 0.46852216124534607 0 64 254
0.5390625 0.796875 0.5258001685142517 55 92 227
0.5388484001159668 0.8046875 0.2421875 57 92 226
0.5390625 0.8046875 0.451711505651474 0 64 254
0.5390625 0.8011507391929626 0.7109375 0 64 254
0.5389346480369568 0.8125 0.390625 255 192 127
0.5390625 0.8121728301048279 0.65625 1 64 254
0.5390625 0.8203125 0.3791941702365875 31 79 239
0.5390625 0.8169570565223694 0.484375 0 64 255
0.5371054410934448 0.8203125 0.6015625 0 64 255
0.5390625 0.8259299993515015 0.28125 216 172 146
0.5390625 0.8221215009689331 0.3828125 0 64 254
0.5390625 0.8231834769248962 0.4296875 0 64 254
0.5390625 0.828125 0.5560890436172485 1 65 254
0.5390625 0.8359375 0.40943315625190735 43 86 233
0.5390625 0.8378043174743652 0.3046875 20 74 244
0.5390625 0.8410443067550659 0.4375 232 180 138
0.5390625 0.846713662147522 0.5390625 3 65 253
0.546875 0.171875 0.3226853907108307 5 66 252
0.545403778553009 0.171875 0.421875 3 65 253
0.546875 0.171875 0.5194392204284668 20 74 244
0.546875 0.17321880161762238 0.3203125 21 74 244
0.546875 0.17378272116184235 0.4375 8 68 250
0.541146993637085 0.1796875 0.53125 255 192 127
0.546875 0.18122251331806183 0.3828125 205 167 152
0.544127881526947 0.1875 0.5546875 22 75 243
0.5410699844360352 0.1953125 0.3125 3 65 253
0.546875 0.1953125 0.4484637379646301 5 66 252
0.546875 0.19445890188217163 0.578125 0 64 254
0.5441020727157593 0.203125 0.265625 72 100 218
0.546875 0.19618980586528778 0.3515625 8 68 250
0.546875 0.203125 0.42048007249832153 2 65 253
0.546875 0.1973968744277954 0.4921875 7 67 251
0.546875 0.203125 0.6041269302368164 3 65 253
0.5431039333343506 0.2109375 0.296875 2 65 253
0.546875 0.2050221562385559 0.421875 17 72 246
0.546875 0.2078557163476944 0.609375 1 64 254
0.546875 0.21273331344127655 0.265625 45 86 232
0.546875 0.21875 0.41164642572402954 8 68 250
0.546875 0.2265625 0.23685169219970703 3 65 253
0.5439479947090149 0.234375 0.2734375 3 65 253
0.546875 0.234375 0.682705283164978 3 65 253
0.5395516157150269 0.2421875 0.6484375 13 70 248
0.546875 0.25401169061660767 0.2265625 34 81 237
0.546875 0.265625 0.6599874496459961 91 109 209
0.546875 0.2734375 0.7000064849853516 0 64 254
0.546875 0.282267302274704 0.7109375 15 71 247
0.546875 0.296875 0.6884332895278931 3 65 253
0.546875 0.3046875 0.7425017356872559 35 81 237
0.546875 0.3125 0.7136935591697693 0 64 254
0.546875 0.3208930492401123 0.2265625 15 71 247
0.546875 0.33018702268600464 0.7578125 37 82 236
0.546875 0.3473411202430725 0.1875 1 64 254
0.546875 0.359375 0.7513992190361023 1 64 254
0.546875 0.375 0.1793895959854126 11 69 249
0.5407946109771729 0.3828125 0.1796875 9 68 250
0.546875 0.3828125 0.8109171390533447 0 64 254
0.546875 0.3983061611652374 0.1875 0 64 254
0.546875 0.40625 0.23366641998291016 248 188 130
0.546875 0.4112579822540283 0.78125 8 68 250
0.546875 0.4152343273162842 0.8203125 5 66 252
0.546875 0.43128839135169983 0.1875 191 160 159
0.546875 0.4382951557636261 0.1796875 0 64 254
0.546875 0.45200106501579285 0.2265625 227 178 141
0.546875 0.4609375 0.21198982000350952 1 64 254
0.546875 0.46295878291130066 0.7734375 50 89 229
0.546875 0.4765625 0.7881804704666138 21 75 244
0.5409781336784363 0.4921875 0.1875 31 79 239
0.546875 0.5 0.19234560430049896 0 64 254
0.546875 0.5078125 0.24159255623817444 11 70 249
0.546875 0.515625 0.24491539597511292 0 64 254
0.5414053201675415 0.5234375 0.1953125 25 76 242
0.5426681041717529 0.53125 0.1875 50 89 229
0.5407094955444336 0.53125 0.8125 0 64 254
0.5451820492744446 0.5390625 0.765625 81 104 214
0.5459302663803101 0.5390625 0.8359375 3 65 253
0.546875 0.546875 0.757524311542511 2 65 253
0.546875 0.5546875 0.2563379108905792 16 72 246
0.546875 0.5625 0.22783151268959045 4 66 252
0.5428194403648376 0.5703125 0.7578125 5 66 252
0.546875 0.578125 0.24964703619480133 72 100 218
0.546875 0.5782061219215393 0.203125 0 64 254
0.546875 0.59375 0.17620551586151123 6 67 251
0.546875 0.6007056832313538 0.21875 0 64 255
0.546875 0.609375 0.17666436731815338 1 64 254
0.546875 0.6171875 0.20821717381477356 0 64 255
0.546875 0.625 0.21332348883152008 0 64 255
0.546875 0.6328125 0.2163243591785431 0 64 255
0.546875 0.6378737688064575 0.21875 0 64 255
0.546875 0.6484375 0.21969658136367798 0 64 255
0.546875 0.6555671691894531 0.7890625 1 64 254
0.5428375601768494 0.671875 0.1796875 210 169 149
0.546875 0.6796875 0.21039527654647827 0 64 254
0.5431646704673767 0.6875 0.75 0 64 254
0.546875 0.6953125 0.21149875223636627 0 64 254
0.546875 0.703125 0.7427197694778442 0 64 254
0.546875 0.7109375 0.7785454988479614 0 64 254
0.546875 0.7265625 0.2260994017124176 35 82 237
0.546875 0.734375 0.7292020916938782 0 64 254
0.546875 0.7393925189971924 0.7265625 49 88 230
0.5393244028091431 0.75 0.75 10 69 249
0.546875 0.7578125 0.71878981590271 1 64 254
0.546875 0.7603040337562561 0.671875 57 92 226
0.546875 0.7734375 0.19983522593975067 27 77 241
0.546875 0.7734375 0.7494730949401855 28 78 240
0.5404850840568542 0.78125 0.6875 1 64 254
0.546875 0.7848045229911804 0.3125 1 64 254
0.546875 0.7880184650421143 0.625 7 67 251
0.546875 0.796875 0.23801951110363007 231 180 139
0.5397042036056519 0.796875 0.328125 5 66 252
0.546875 0.7929227352142334 0.5078125 0 64 254
0.546875 0.7911357879638672 0.6796875 0 64 254
0.5447638034820557 0.8046875 0.265625 52 90 228
0.546875 0.8010828495025635 0.46875 0 64 254
0.546875 0.8022545576095581 0.703125 0 64 254
0.546875 0.8059853315353394 0.5390625 7 67 251
0.546875 0.8125 0.6655184626579285 3 65 253
0.546875 0.8203125 0.40738633275032043 21 74 244
0.5401952266693115 0.8203125 0.515625 0 64 254
0.546875 0.8151325583457947 0.6171875 195 162 157
0.546875 0.8254584670066833 0.2890625 64 96 222
0.546875 0.8245230317115784 0.390625 0 64 254
0.546875 0.821802020072937 0.5234375 0 64 254
0.5412933230400085 0.8359375 0.3046875 24 76 242
0.546875 0.8359375 0.41558414697647095 14 71 247
0.5426133275032043 0.84375 0.3203125 0 64 254
0.541299045085907 0.84375 0.578125 0 64 254
0.546875 0.8535487055778503 0.5546875 9 68 250
0.5546875 0.171875 0.48204123973846436 196 162 156
0.5546875 0.1702282577753067 0.578125 7 67 251
0.5546875 0.1796875 0.37432727217674255 75 102 217
0.5546875 0.17596971988677979 0.46875 17 72 246
0.5546875 0.1875 0.30725106596946716 5 66 252
0.5546875 0.1875 0.5286567211151123 4 66 252
0.5546875 0.19508564472198486 0.3359375 0 64 254
0.5507271885871887 0.1953125 0.4453125 13 70 248
0.5546875 0.19276970624923706 0.5859375 0 64 254
0.5546875 0.20160135626792908 0.296875 17 72 246
0.5546875 0.1983385533094406 0.3984375 255 192 127
0.5513882040977478 0.203125 0.4765625 1 64 254
0.5546875 0.19655200839042664 0.546875 92 110 208
0.549152135848999 0.2109375 0.3046875 0 64 254
0.5546875 0.2109365016222 0.4296875 6 67 251
0.5546875 0.2109375 0.5287400484085083 1 64 254
0.5546875 0.21042807400226593 0.640625 142 135 183
0.5546875 0.213701531291008 0.28125 2 65 253
0.5546875 0.21417860686779022 0.5234375 0 64 255
0.5546875 0.21875 0.6543747782707214 0 64 254
0.5546875 0.2265625 0.6210532784461975 2 65 253
0.5546875 0.234375 0.6274899244308472 0 64 255
0.5546875 0.23857074975967407 0.6328125 0 64 255
0.5546875 0.24939876794815063 0.65625 0 64 254
0.5546875 0.2578125 0.6880235075950623 0 64 254
0.5546875 0.2734375 0.21176162362098694 44 86 232
0.5498496294021606 0.28125 0.671875 113 121 198
0.5546875 0.2890625 0.7239996194839478 0 64 254
0.5546875 0.29036274552345276 0.7265625 0 64 254
0.5546875 0.3046875 0.7402722239494324 0 64 254
0.5546875 0.3125 0.7407800555229187 71 100 219
0.5546875 0.328125 0.7230607271194458 255 192 127
0.5546875 0.3311039209365845 0.7578125 98 113 205
0.5546875 0.3515625 0.1827443242073059 0 64 254
0.5546875 0.3515625 0.7779659628868103 1 64 254
0.5546875 0.35665157437324524 0.7421875 68 98 220
0.5546875 0.3613254427909851 0.75 0 64 254
0.5546875 0.3828125 0.17667587101459503 2 65 253
0.5546875 0.3901364207267761 0.21875 7 67 251
0.5546875 0.3984375 0.22551822662353516 57 93 226
0.5546875 0.40625 0.7814770340919495 40 84 234
0.5546875 0.41133981943130493 0.7734375 0 64 254
0.5546875 0.4170323610305786 0.765625 13 70 248
0.5546875 0.4296875 0.7570593953132629 8 68 250
0.5546875 0.4453125 0.17557555437088013 24 76 242
0.5546875 0.453125 0.22358395159244537 2 65 253
0.5510264039039612 0.4609375 0.828125 0 64 254
0.5546875 0.46875 0.8269451856613159 0 64 254
0.5546875 0.4806008040904999 0.21875 120 124 194
0.5472328066825867 0.4921875 0.78125 0 64 255
0.5546875 0.5078125 0.17723844945430756 5 66 252
0.5546875 0.5078125 0.827451229095459 0 64 254
0.5546875 0.5108739137649536 0.828125 1 64 254
0.5546875 0.53125 0.1727711260318756 70 99 219
0.5546875 0.5390625 0.7611680030822754 71 100 219
0.5546875 0.546875 0.2490536868572235 255 192 127
0.5546875 0.5546875 0.25199782848358154 91 109 209
0.5546875 0.5615370273590088 0.2109375 20 74 244
0.5546875 0.5682585835456848 0.1875 15 71 247
0.5542858839035034 0.5703125 0.828125 0 64 254
0.5546875 0.578125 0.7592258453369141 5 66 252
0.5546875 0.5819745063781738 0.1796875 140 134 184
0.5546875 0.59375 0.17130376398563385 255 192 127
0.5546875 0.5927677750587463 0.796875 0 64 254
0.5546875 0.609375 0.1759767383337021 2 65 253
0.5546875 0.6144709587097168 0.1796875 10 69 249
0.5546875 0.6171875 0.8192697167396545 74 101 217
0.5546875 0.6257992386817932 0.1875 255 192 127
0.5546875 0.640625 0.21962472796440125 0 64 254
0.5546875 0.6484206914901733 0.78125 255 192 127
0.5546875 0.6484798192977905 0.78125 7 67 251
0.5546875 0.6563483476638794 0.7734375 0 64 254
0.5522661805152893 0.6796875 0.1796875 0 64 254
0.5546764731407166 0.6875 0.75 2 65 253
0.5546875 0.687504231929779 0.75 3 65 253
0.5546875 0.6999855637550354 0.78125 0 64 254
0.5546875 0.7134929895401001 0.2265625 5 66 252
0.5546875 0.7265625 0.7371588945388794 0 64 255
0.5544874668121338 0.734375 0.765625 0 64 254
0.5546875 0.7421875 0.23519794642925262 217 173 146
0.5546875 0.75 0.7330381870269775 254 191 127
0.5546875 0.7578125 0.7578871250152588 8 68 250
0.5546875 0.765625 0.7121461033821106 0 64 255
0.5546875 0.7734375 0.6603937149047852 255 192 127
0.5546875 0.7795633673667908 0.2109375 46 87 231
0.5546875 0.7791943550109863 0.7421875 46 87 231
0.5546875 0.7822815775871277 0.3125 1 64 254
0.5496421456336975 0.7890625 0.625 18 73 245
0.5546875 0.7906550765037537 0.25 0 64 254
0.5546875 0.7948979139328003 0.515625 4 66 252
0.5480917096138 0.796875 0.6796875 0 64 254
0.5498717427253723 0.8046875 0.4375 0 64 254
0.5546875 0.7985249757766724 0.5234375 10 69 249
0.5546875 0.8028689026832581 0.703125 0 64 254
0.5546875 0.8125 0.5443358421325684 5 66 252
0.55450838804245 0.8203125 0.296875 255 192 127
0.5546875 0.8185189962387085 0.40625 3 65 253
0.5495823621749878 0.8203125 0.5 0 64 254
0.5546875 0.8203125 0.5706913471221924 53 91 228
0.5546875 0.8203125 0.6713383793830872 4 66 252
0.5500741600990295 0.828125 0.328125 0 64 254
0.5546875 0.828125 0.39143106341362 19 73 245
0.5546875 0.8246455788612366 0.4921875 13 70 248
0.5476311445236206 0.828125 0.5625 0 64 254
0.5488777160644531 0.8359375 0.3203125 1 64 254
0.5546875 0.8283281326293945 0.390625 22 75 243
0.5546875 0.833432137966156 0.59375 8 68 250
0.5546875 0.8439776301383972 0.546875 3 65 253
0.5625 0.16618040204048157 0.34375 11 69 249
0.5586509108543396 0.171875 0.5625 5 66 252
0.5568605661392212 0.1796875 0.4453125 23 75 243
0.5625 0.17873306572437286 0.5546875 1 64 254
0.5625 0.1874566674232483 0.3828125 17 72 246
0.5625 0.1875 0.5493645071983337 8 68 250
0.5548126101493835 0.1953125 0.3046875 10 69 249
0.5625 0.1953125 0.5298558473587036 1 64 254
0.5625 0.19036926329135895 0.6171875 255 192 127
0.5625 0.203125 0.3285256624221802 0 64 254
0.5625 0.1979881227016449 0.4921875 1 64 254
0.561593234539032 0.2109375 0.2734375 16 72 246
0.5625 0.209780752658844 0.4140625 14 71 247
0.5625 0.20812679827213287 0.4765625 4 66 252
0.5551515221595764 0.2109375 0.640625 35 81 237
0.5625 0.21871726214885712 0.390625 0 64 254
0.5563596487045288 0.21875 0.5390625 19 74 245
0.5625 0.21875 0.6631016135215759 4 66 252
0.5625 0.225935697555542 0.40625 0 64 254
0.5625 0.22152049839496613 0.671875 0 64 254
0.5625 0.22733283042907715 0.609375 7 67 251
0.5625 0.23799751698970795 0.6328125 0 64 254
0.5625 0.24482043087482452 0.6484375 15 71 247
0.5625 0.25192490220069885 0.265625 10 69 249
0.5625 0.2631184160709381 0.6953125 67 97 221
0.5625 0.2734375 0.7028380632400513 45 86 232
0.5625 0.2815338969230652 0.203125 2 65 253
0.5625 0.296875 0.23098881542682648 0 64 254
0.5625 0.30223512649536133 0.2265625 0 64 255
0.5625 0.3075003921985626 0.703125 0 64 254
0.5625 0.328125 0.18875864148139954 4 66 252
0.562037467956543 0.3359375 0.7109375 40 84 234
0.5625 0.34375 0.18768851459026337 3 65 253
0.5625 0.3438633680343628 0.1875 104 116 202
0.5585315227508545 0.359375 0.21875 6 67 251
0.558902382850647 0.3671875 0.2109375 1 64 254
0.5625 0.3628917634487152 0.78125 0 64 254
0.5625 0.3828125 0.7606315016746521 0 64 255
0.5550001859664917 0.390625 0.7734375 2 65 253
0.5551364421844482 0.3984375 0.78125 0 64 254
0.5625 0.4010240137577057 0.7734375 255 192 127
0.5625 0.4140625 0.8144019842147827 3 65 253
0.5625 0.4296875 0.18826761841773987 3 65 253
0.5625 0.4375 0.7504206895828247 0 64 255
0.561866044998169 0.4453125 0.8203125 1 64 254
0.5562027096748352 0.4609375 0.21875 6 67 251
0.5625 0.46798497438430786 0.765625 17 72 246
0.5595962405204773 0.484375 0.21875 15 71 247
0.5603287220001221 0.4921875 0.8203125 2 65 253
0.5625 0.49800601601600647 0.7734375 0 64 254
0.5625 0.515625 0.1706349104642868 0 64 254
0.5614237189292908 0.5234375 0.234375 3 65 253
0.5625 0.53125 0.22952671349048615 45 87 232
0.5625 0.5390625 0.8317400217056274 4 66 252
0.5569188594818115 0.5546875 0.25 42 85 233
0.5625 0.5625 0.7514747977256775 52 90 228
0.5625 0.570216715335846 0.2421875 1 64 254
0.5605019330978394 0.578125 0.1796875 94 111 207
0.5592346787452698 0.5859375 0.234375 5 66 252
0.5625 0.59375 0.22007498145103455 38 83 235
0.5625 0.6015625 0.7928306460380554 0 64 254
0.5625 0.6171875 0.18313835561275482 2 65 253
0.555844247341156 0.625 0.1875 24 76 242
0.5582210421562195 0.6328125 0.1953125 3 65 253
0.5555469393730164 0.640625 0.1953125 7 67 251
0.5625 0.6484375 0.7724699974060059 2 65 253
0.5625 0.65625 0.764458954334259 117 123 196
0.5625 0.6640625 0.8163523077964783 0 64 254
0.5625 0.6796875 0.17733754217624664 29 79 240
0.5625 0.6875 0.7292166352272034 0 64 254
0.5625 0.6875 0.8001375794410706 0 64 254
0.5625 0.6946455836296082 0.7734375 0 64 254
0.5625 0.703125 0.7288821935653687 226 177 141
0.5625 0.7038513422012329 0.7734375 0 64 254
0.5570676326751709 0.7265625 0.234375 2 65 253
0.5625 0.734375 0.7642008662223816 0 64 254
0.5625 0.75 0.20808561146259308 0 64 254
0.5625 0.7578125 0.7254868745803833 0 64 254
0.5625 0.765625 0.7131099700927734 0 64 254
0.5625 0.772990345954895 0.671875 0 64 254
0.5625 0.78125 0.21623700857162476 255 192 127
0.5625 0.78125 0.7341747879981995 10 69 249
0.5625 0.7818154692649841 0.3125 0 64 254
0.5625 0.7871978282928467 0.7265625 7 67 251
0.5589558482170105 0.796875 0.4453125 0 64 254
0.5590535998344421 0.796875 0.515625 2 65 253
0.5609738230705261 0.796875 0.640625 30 79 239
0.5625 0.8046875 0.35656824707984924 18 73 245
0.5625 0.8046875 0.49250349402427673 0 64 254
0.5625 0.7979987263679504 0.640625 1 64 254
0.5623753070831299 0.8125 0.3046875 50 89 229
0.5625 0.8048166036605835 0.4921875 0 64 255
0.5607949495315552 0.8203125 0.2734375 0 64 254
0.5625 0.8203125 0.36292874813079834 190 159 159
0.5625 0.8203125 0.458141028881073 1 64 254
0.560477614402771 0.8203125 0.5390625 47 87 231
0.5625 0.8142727613449097 0.609375 0 64 254
0.5625 0.8265156745910645 0.3359375 10 69 249
0.5610374212265015 0.828125 0.421875 3 65 253
0.5625 0.828125 0.4879719614982605 2 65 253
0.5625 0.821264386177063 0.6171875 0 64 254
0.5625 0.832214891910553 0.34375 255 192 127
0.5625 0.8296352028846741 0.5078125 10 69 249
0.5580624341964722 0.84375 0.359375 54 91 227
0.559673011302948 0.84375 0.5859375 3 65 253
0.5635737776756287 0.171875 0.3203125 6 67 251
0.5703125 0.16616617143154144 0.5 0 64 254
0.5703125 0.1796875 0.3736526072025299 1 64 254
0.5703125 0.17496219277381897 0.5625 4 66 252
0.5703125 0.18564453721046448 0.3046875 9 68 250
0.5703125 0.1875 0.43507757782936096 2 65 253
0.5703125 0.18620871007442474 0.6015625 255 192 127
0.5703125 0.1953125 0.3526962101459503 5 66 252
0.5703125 0.19168147444725037 0.546875 53 91 228
0.5703125 0.1953125 0.6392805576324463 18 73 245
0.5680239796638489 0.203125 0.40625 16 72 246
0.5703125 0.19881924986839294 0.5390625 7 67 251
0.5703125 0.2109375 0.2612898647785187 31 79 239
0.5703125 0.20889496803283691 0.4375 0 64 254
0.5703125 0.20585298538208008 0.5625 8 68 250
0.5703125 0.21364551782608032 0.2578125 7 67 251
0.5703125 0.21364286541938782 0.421875 2 65 253
0.5703125 0.21413609385490417 0.5546875 98 113 205
0.5661534070968628 0.2265625 0.2890625 13 70 248
0.5703125 0.22312970459461212 0.5390625 1 64 254
0.5703125 0.234375 0.2780517637729645 98 113 205
0.5703125 0.2421875 0.24527782201766968 10 69 249
0.5703125 0.24034415185451508 0.6484375 9 68 250
0.5703125 0.25 0.6931710243225098 3 65 253
0.5633556246757507 0.2578125 0.6640625 255 192 127
0.5703125 0.26118704676628113 0.2578125 7 67 251
0.5703125 0.2697622776031494 0.703125 1 64 254
0.5703125 0.28125 0.714998722076416 2 65 253
0.5703125 0.2890625 0.7219245433807373 0 64 254
0.5703125 0.3046875 0.1906680166721344 255 192 127
0.5703125 0.3125 0.21778392791748047 255 192 127
0.5703125 0.3203125 0.7126122117042542 255 192 127
0.5703125 0.328125 0.7334511280059814 118 123 195
0.5703125 0.34375 0.1880197525024414 2 65 253
0.5703125 0.33914390206336975 0.75 83 105 213
0.5703125 0.3515625 0.7117581367492676 255 192 127
0.5703125 0.359375 0.7156227827072144 0 64 254
0.5643512606620789 0.3671875 0.7265625 0 64 254
0.5703125 0.375 0.22209574282169342 1 64 254
0.5703125 0.3828125 0.17230024933815002 61 95 224
0.5703125 0.390625 0.2157631367444992 10 69 249
0.5703125 0.3984375 0.21870088577270508 255 192 127
0.5674934387207031 0.40625 0.2265625 23 75 243
0.5703125 0.4140625 0.7590735554695129 255 192 127
0.5703125 0.421875 0.23937851190567017 24 76 242
0.5703125 0.42225590348243713 0.1953125 37 82 236
0.5644530653953552 0.4296875 0.796875 255 192 127
0.5690075755119324 0.4375 0.8046875 27 77 241
0.5686184763908386 0.4453125 0.7890625 1 64 254
0.5703125 0.453125 0.7767855525016785 0 64 255
0.5678074359893799 0.4609375 0.75 5 66 252
0.5703125 0.46875 0.2291390746831894 2 65 253
0.5703125 0.4765625 0.22341172397136688 3 65 253
0.5703125 0.484375 0.21609266102313995 2 65 253
0.5703125 0.4921875 0.8139746189117432 1 64 254
0.5703125 0.5078125 0.1698828786611557 0 64 255
0.5703125 0.5078125 0.8134580254554749 0 64 254
0.5703125 0.5234375 0.16784703731536865 0 64 255
0.5645833611488342 0.53125 0.2265625 9 68 250
0.5703125 0.5390625 0.759577214717865 233 181 138
0.5703125 0.5426971316337585 0.7578125 33 80 238
0.5657128691673279 0.5625 0.1640625 11 69 249
0.5703125 0.5674392580986023 0.1640625 30 79 239
0.5703125 0.578125 0.17237676680088043 154 141 177
0.5647842884063721 0.5859375 0.2265625 1 64 254
0.5703125 0.5898866653442383 0.8046875 2 65 253
0.5703125 0.6038076281547546 0.1796875 253 191 128
0.5703125 0.6171875 0.19265516102313995 3 65 253
0.5689680576324463 0.6171875 0.796875 0 64 254
0.5703125 0.625 0.22781598567962646 0 64 254
0.5703125 0.6251407265663147 0.2109375 0 64 254
0.5703125 0.640204906463623 0.1796875 136 132 186
0.5625883936882019 0.6484375 0.1796875 195 162 157
0.5703125 0.65625 0.21085424721240997 0 64 254
0.5703125 0.6640625 0.8138898611068726 0 64 254
0.5703125 0.6795593500137329 0.203125 244 186 132
0.5703125 0.6875 0.17784905433654785 28 78 240
0.5648619532585144 0.6875 0.796875 2 65 253
0.5703125 0.6978017091751099 0.2109375 1 64 254
0.5696113109588623 0.7109375 0.234375 1 64 254
0.5703125 0.71875 0.2410895973443985 0 64 254
0.568747341632843 0.7265625 0.734375 0 64 254
0.5703125 0.734375 0.2497464269399643 0 64 254
0.5685966610908508 0.7421875 0.7265625 4 66 252
0.5703125 0.7471411228179932 0.7265625 6 67 251
0.5703125 0.765625 0.20695695281028748 253 191 128
0.5703125 0.7729484438896179 0.265625 105 117 202
0.5703125 0.7728546857833862 0.7421875 10 69 249
0.5703125 0.7789885401725769 0.734375 6 67 251
0.5703125 0.7823870182037354 0.3125 3 65 253
0.5703125 0.796875 0.24120481312274933 255 192 127
0.5703125 0.796875 0.4606814980506897 0 64 255
0.5703125 0.7949886322021484 0.71875 20 74 244
0.5703125 0.7970235347747803 0.46875 0 64 254
0.5676762461662292 0.8046875 0.5234375 98 113 205
0.5703125 0.8001258373260498 0.6484375 0 64 255
0.5703125 0.8125 0.3590151071548462 66 97 221
0.5700836181640625 0.8125 0.46875 2 65 253
0.5703125 0.8125 0.5531831383705139 3 65 253
0.5703125 0.8203125 0.29456743597984314 197 163 156
0.5703125 0.8203125 0.3881980776786804 2 65 253
0.5703125 0.8187109231948853 0.4765625 5 66 252
0.5703125 0.8201619386672974 0.5703125 1 64 254
0.5703125 0.8254643678665161 0.3359375 6 67 251
0.5703125 0.828125 0.4062439799308777 47 87 231
0.5703125 0.8237627148628235 0.5546875 0 64 254
0.5677529573440552 0.828125 0.6640625 0 64 254
0.5665014386177063 0.8359375 0.4921875 13 70 248
0.5703125 0.8303394913673401 0.6484375 0 64 254
0.5703125 0.84375 0.5678603053092957 14 71 247
0.5748050808906555 0.171875 0.34375 11 69 249
0.578125 0.1796875 0.33140042424201965 68 98 220
0.578125 0.17569847404956818 0.4765625 5 66 252
0.578125 0.1796875 0.5909721851348877 2 65 253
0.578125 0.1875 0.390730082988739 2 65 253
0.578125 0.18593652546405792 0.5234375 15 71 247
0.578125 0.18885481357574463 0.296875 73 100 218
0.578125 0.19092082977294922 0.4375 0 64 254
0.576259195804596 0.1953125 0.5390625 3 65 253
0.578125 0.1953125 0.6265809535980225 36 82 236
0.578125 0.203125 0.36531347036361694 1 64 254
0.578125 0.19951841235160828 0.578125 3 65 253
0.578125 0.20606446266174316 0.2578125 1 64 254
0.578125 0.20991922914981842 0.421875 26 77 241
0.578125 0.2109375 0.5102239847183228 255 192 127
0.5722490549087524 0.21875 0.25 45 86 232
0.578125 0.21807029843330383 0.390625 125 127 192
0.578125 0.2154630869626999 0.515625 107 117 201
0.578125 0.2265625 0.24389752745628357 46 87 231
0.578125 0.2208554595708847 0.5390625 71 99 219
0.578125 0.234375 0.27324753999710083 3 65 253
0.5710732340812683 0.2421875 0.6171875 2 65 253
0.578125 0.2421875 0.6944583654403687 1 64 254
0.578125 0.25 0.6949520707130432 1 64 254
0.5703288316726685 0.265625 0.2109375 182 155 163
0.578125 0.265625 0.701971709728241 255 192 127
0.578125 0.28077465295791626 0.203125 1 64 254
0.578125 0.285469651222229 0.1953125 46 87 231
0.578125 0.2914183437824249 0.6875 255 192 127
0.578125 0.3046875 0.7023016810417175 0 64 255
0.578125 0.3125 0.7369673252105713 20 74 244
0.578125 0.31823745369911194 0.734375 111 119 199
0.578125 0.33095628023147583 0.234375 4 66 252
0.578125 0.34375 0.7402254343032837 150 139 179
0.578125 0.34447765350341797 0.7109375 71 100 219
0.578125 0.359375 0.24002885818481445 0 64 254
0.5712790489196777 0.3671875 0.75 3 65 253
0.578125 0.375 0.7298523783683777 10 69 249
0.578125 0.3809419572353363 0.7421875 255 192 127
0.5756138563156128 0.390625 0.7890625 2 65 253
0.5731157660484314 0.3984375 0.8046875 0 64 255
0.578125 0.4100574851036072 0.1875 246 187 131
0.578125 0.421875 0.23797185719013214 213 170 148
0.578125 0.42479828000068665 0.75 255 192 127
0.578125 0.4431609511375427 0.1796875 6 67 251
0.5741170048713684 0.453125 0.234375 79 103 215
0.578125 0.4609375 0.17336924374103546 7 67 251
0.5766629576683044 0.46875 0.171875 8 68 250
0.5741854906082153 0.4765625 0.2265625 0 64 254
0.578125 0.484375 0.2222207486629486 0 64 254
0.578125 0.49160438776016235 0.2109375 11 69 249
0.578125 0.49733737111091614 0.171875 1 64 254
0.578125 0.5078125 0.20776955783367157 1 64 254
0.5773417353630066 0.515625 0.203125 2 65 253
0.578125 0.5234375 0.166432723402977 6 67 251
0.578125 0.5234375 0.8280766606330872 3 65 253
0.578125 0.5390625 0.2017381340265274 0 64 255
0.578125 0.5429640412330627 0.7578125 173 151 168
0.578125 0.5546875 0.8251293897628784 14 71 247
0.578125 0.5625 0.7943959832191467 7 67 251
0.578125 0.5703125 0.7550605535507202 255 192 127
0.578125 0.578125 0.21595318615436554 2 65 253
0.578125 0.585067093372345 0.21875 0 64 254
0.5780653953552246 0.59375 0.203125 7 67 251
0.578125 0.6007336974143982 0.2265625 0 64 255
0.5719143152236938 0.609375 0.2265625 0 64 254
0.578125 0.6171875 0.7609767317771912 255 192 127
0.578125 0.6232776045799255 0.7890625 1 64 254
0.578125 0.6328125 0.7614694833755493 69 99 220
0.5719944834709167 0.640625 0.765625 7 67 251
0.578125 0.6434798240661621 0.21875 9 68 250
0.578125 0.65625 0.763093888759613 1 64 254
0.578125 0.671875 0.17388828098773956 255 192 127
0.578125 0.6656709909439087 0.8046875 0 64 254
0.578125 0.6875 0.17677082121372223 52 90 228
0.578125 0.6953125 0.20819056034088135 2 65 253
0.573319673538208 0.703125 0.2265625 12 70 248
0.578125 0.7109375 0.721463680267334 38 83 235
0.5723646283149719 0.71875 0.7734375 0 64 254
0.5741151571273804 0.7265625 0.7265625 0 64 254
0.578125 0.734375 0.7137398719787598 5 66 252
0.578125 0.7405344247817993 0.7109375 14 71 247
0.5709766745567322 0.75 0.7265625 2 65 253
0.578125 0.7545574903488159 0.7578125 3 65 253
0.5709769129753113 0.765625 0.6875 2 65 253
0.5715348720550537 0.7734375 0.2109375 98 113 205
0.5711125135421753 0.78125 0.21875 13 70 248
0.578125 0.7743683457374573 0.6640625 1 64 254
0.578125 0.78737872838974 0.296875 255 192 127
0.578125 0.796875 0.24162960052490234 56 92 226
0.578125 0.7956725358963013 0.4609375 0 64 255
0.573881983757019 0.796875 0.6484375 0 64 254
0.570740818977356 0.8046875 0.25 67 98 221
0.578125 0.7969943284988403 0.4765625 0 64 254
0.578125 0.7972002029418945 0.625 0 64 254
0.578125 0.812075674533844 0.40625 204 166 152
0.578125 0.8099530935287476 0.53125 1 64 254
0.578125 0.8125 0.5847783088684082 2 65 253
0.5754809975624084 0.8203125 0.3125 59 93 225
0.578125 0.8183596730232239 0.4296875 4 66 252
0.578125 0.8203125 0.5540400147438049 0 64 254
0.578125 0.8254591226577759 0.3359375 255 192 127
0.578125 0.8248302340507507 0.421875 28 78 240
0.578125 0.828125 0.606812596321106 192 160 158
0.578125 0.8359375 0.3804914057254791 240 184 134
0.578125 0.8318129777908325 0.65625 0 64 254
0.578125 0.84375 0.5115794539451599 27 77 241
0.578125 0.8480894565582275 0.5 14 71 247
0.5844393372535706 0.1796875 0.3515625 188 158 160
0.583069920539856 0.1796875 0.4296875 5 66 252
0.5819981098175049 0.1796875 0.5703125 1 64 254
0.5859375 0.18012705445289612 0.3671875 12 70 248
0.5859375 0.1875 0.47394996881484985 2 65 253
0.5859375 0.18293894827365875 0.578125 0 64 254
0.5859375 0.18789735436439514 0.328125 100 114 204
0.5859375 0.1953125 0.4535810947418213 5 66 252
0.5814966559410095 0.1953125 0.609375 0 64 255
0.583507776260376 0.203125 0.4296875 255 192 127
0.5859375 0.203125 0.5884737372398376 19 73 245
0.5859375 0.2067941427230835 0.2734375 1 64 254
0.5859375 0.2109375 0.4147881269454956 72 100 218
0.5847382545471191 0.2109375 0.515625 39 84 235
0.5859375 0.206302672624588 0.6171875 3 65 253
0.585809588432312 0.21875 0.2421875 21 74 244
0.5859375 0.21693764626979828 0.375 11 69 249
0.5859375 0.21368935704231262 0.453125 0 64 254
0.5845500230789185 0.21875 0.546875 13 70 248
0.5859375 0.21875 0.6762070655822754 38 83 235
0.5859375 0.21878188848495483 0.328125 53 90 228
0.5800593495368958 0.234375 0.2421875 5 66 252
0.5859375 0.2421875 0.2226104587316513 129 128 190
0.5859375 0.2360582798719406 0.65625 4 66 252
0.5859375 0.25 0.26924556493759155 255 192 127
0.580007791519165 0.25 0.6953125 2 65 253
0.5859375 0.2522713541984558 0.6328125 43 85 233
0.5859375 0.2734375 0.22569246590137482 255 192 127
0.5841367244720459 0.28125 0.2265625 9 69 250
0.5859375 0.28210046887397766 0.2109375 0 64 254
0.5859375 0.29192039370536804 0.25 0 64 254
0.5859375 0.3046875 0.7013064622879028 255 192 127
0.5859375 0.3125 0.6982024908065796 22 75 243
0.5859375 0.3255118429660797 0.234375 2 65 253
0.5859375 0.3359375 0.24112939834594727 2 65 253
0.5859375 0.3424851596355438 0.7109375 0 64 255
0.5859375 0.3515625 0.71827232837677 18 73 245
0.5859375 0.3520907163619995 0.71875 36 82 236
0.5859375 0.3671875 0.23634226620197296 0 64 255
0.5859375 0.375 0.7751275300979614 0 64 254
0.5849270224571228 0.3828125 0.78125 12 70 248
0.5859375 0.38537949323654175 0.7890625 95 111 207
0.5859375 0.3984375 0.7987422943115234 0 64 254
0.5859375 0.4107866883277893 0.2265625 8 68 250
0.5859375 0.421875 0.2368452250957489 244 186 132
0.5859375 0.42780759930610657 0.75 1 64 254
0.5793143510818481 0.4453125 0.234375 17 72 246
0.5813317894935608 0.453125 0.2421875 255 192 127
0.5787693858146667 0.4609375 0.2421875 188 158 160
0.5859375 0.46875 0.1738588809967041 2 65 253
0.5852048397064209 0.4765625 0.75 0 64 254
0.5859375 0.484375 0.814885675907135 1 64 254
0.5859375 0.4921875 0.8006910681724548 3 65 253
0.5859375 0.5 0.7967419028282166 109 119 200
0.5859375 0.5093228220939636 0.203125 1 64 254
0.5859375 0.5209857225418091 0.8203125 2 65 253
0.5859375 0.5390625 0.1718773990869522 0 64 254
0.5859375 0.5454882979393005 0.7578125 233 180 138
0.5859375 0.5546875 0.8123724460601807 203 166 153
0.5859375 0.5625 0.7887195944786072 54 91 227
0.5859375 0.5703125 0.21050496399402618 105 117 202
0.5859375 0.5771648287773132 0.7578125 12 70 248
0.5859375 0.5859375 0.7605764865875244 255 192 127
0.5791113376617432 0.6015625 0.2265625 0 64 254
0.5859375 0.6171875 0.2064322531223297 4 66 252
0.5859375 0.6220784187316895 0.2265625 1 64 254
0.5859375 0.6328125 0.7600286602973938 0 64 254
0.5859375 0.640625 0.7863234877586365 0 64 254
0.58272385597229 0.6484375 0.796875 0 64 254
0.5827447772026062 0.65625 0.8046875 3 65 253
0.5832648873329163 0.671875 0.75 2 65 253
0.5859375 0.6796875 0.7867012619972229 0 64 254
0.5859375 0.6890221834182739 0.2109375 255 192 127
0.5859375 0.6957235336303711 0.2265625 61 94 224
0.5859375 0.7054152488708496 0.2421875 0 64 254
0.5859375 0.7152431607246399 0.25 1 64 254
0.5829952359199524 0.7265625 0.2109375 0 64 254
0.5859375 0.724335789680481 0.7578125 0 64 254
0.5850932598114014 0.734375 0.75 10 69 249
0.5859375 0.7421875 0.7548194527626038 32 80 238
0.5859375 0.75 0.7546831369400024 6 67 251
0.57989102602005 0.7578125 0.7109375 16 72 246
0.5859375 0.764367401599884 0.671875 5 66 252
0.5859375 0.7734375 0.7392699718475342 2 65 253
0.5859375 0.78125 0.7327790856361389 3 65 253
0.5828291773796082 0.7890625 0.3125 16 72 246
0.5813741683959961 0.7890625 0.6484375 0 64 254
0.5859375 0.789983332157135 0.2734375 35 81 237
0.5814634561538696 0.796875 0.4375 0 64 254
0.5795978903770447 0.796875 0.6171875 1 64 254
0.5859375 0.7946838736534119 0.71875 7 67 251
0.5859375 0.8046875 0.46872851252555847 8 68 250
0.5859375 0.8087154626846313 0.25 12 70 248
0.5859375 0.8125 0.46602344512939453 0 64 254
0.5859375 0.8069562315940857 0.53125 0 64 254
0.5783706307411194 0.8125 0.5859375 1 64 254
0.5835415720939636 0.8203125 0.40625 255 192 127
0.5814018845558167 0.8203125 0.484375 15 71 247
0.5859375 0.813018798828125 0.5546875 0 64 254
0.5859375 0.8265931010246277 0.2890625 255 192 127
0.5859375 0.8251304626464844 0.3671875 8 68 250
0.5859375 0.828125 0.486807256937027 2 65 253
0.5859375 0.828125 0.637640655040741 1 64 254
0.5859375 0.8289707899093628 0.5703125 0 64 254
0.5859375 0.8400992751121521 0.3515625 14 71 247
0.5859375 0.84375 0.5773283839225769 9 68 250
0.59375 0.171875 0.4191564619541168 7 67 251
0.5902253985404968 0.1796875 0.4921875 0 64 254
0.589271068572998 0.1875 0.3828125 3 65 253
0.5937008261680603 0.1875 0.484375 2 65 253
0.59375 0.1875 0.582184374332428 2 65 253
0.59375 0.19078300893306732 0.3125 155 142 177
0.59375 0.1953125 0.38558751344680786 6 67 251
0.59375 0.19343160092830658 0.4765625 0 64 254
0.59375 0.19032320380210876 0.5625 4 66 252
0.59375 0.19607555866241455 0.375 3 65 253
0.59375 0.1967587023973465 0.546875 3 65 253
0.59375 0.20968380570411682 0.2578125 2 65 253
0.5865312814712524 0.2109375 0.3671875 233 181 138
0.59375 0.20695719122886658 0.515625 12 70 248
0.59375 0.2096082717180252 0.640625 12 70 248
0.59375 0.21147260069847107 0.2734375 30 79 239
0.5867769122123718 0.21875 0.390625 8 68 250
0.591639518737793 0.21875 0.53125 19 73 245
0.59375 0.21875 0.6288964152336121 5 66 252
0.59375 0.2265625 0.31051498651504517 30 79 239
0.59375 0.21916821599006653 0.53125 141 135 184
0.59375 0.2265625 0.6034947037696838 6 67 251
0.59375 0.23131063580513 0.296875 17 72 246
0.59375 0.2421875 0.2792675495147705 9 68 250
0.59375 0.2399628907442093 0.6953125 0 64 254
0.59375 0.25 0.6402347683906555 255 192 127
0.59375 0.25561827421188354 0.671875 59 93 225
0.59375 0.265625 0.7065573334693909 255 192 127
0.59375 0.28125 0.2156122326850891 82 105 213
0.59375 0.2831457257270813 0.203125 255 192 127
0.5907795429229736 0.296875 0.25 0 64 254
0.59375 0.2988840639591217 0.25 0 64 254
0.59375 0.3125 0.697052538394928 50 89 229
0.5883882641792297 0.328125 0.1953125 106 117 201
0.59375 0.3359375 0.20651638507843018 8 68 250
0.59375 0.34168770909309387 0.7109375 2 65 253
0.59375 0.3515625 0.7206346392631531 64 96 222
0.5916266441345215 0.359375 0.7578125 0 64 254
0.59375 0.3671875 0.762325644493103 0 64 254
0.5933080315589905 0.375 0.765625 9 68 250
0.59375 0.3828125 0.7503623962402344 255 192 127
0.59375 0.3840324878692627 0.21875 2 65 253
0.5900734066963196 0.3984375 0.21875 3 65 253
0.5919443368911743 0.40625 0.7734375 18 73 245
0.59375 0.4140625 0.7754270434379578 12 70 248
0.59375 0.4191770553588867 0.765625 255 192 127
0.59375 0.4253842532634735 0.7578125 255 192 127
0.59375 0.4451940953731537 0.1875 84 106 212
0.5910274386405945 0.453125 0.1875 134 131 187
0.5870012640953064 0.453125 0.7734375 51 89 229
0.59375 0.4609375 0.25518035888671875 0 64 255
0.59375 0.46875 0.18158356845378876 24 76 242
0.5910509824752808 0.4765625 0.1796875 2 65 253
0.59375 0.4765625 0.7883837223052979 61 95 224
0.59375 0.484375 0.7503187656402588 12 70 248
0.59375 0.48507654666900635 0.1796875 1 64 254
0.59375 0.5 0.21650075912475586 0 64 254
0.59375 0.5078125 0.7658255696296692 255 192 127
0.59375 0.5197669863700867 0.1953125 8 68 250
0.59375 0.53125 0.7598397135734558 0 64 254
0.5927690863609314 0.5390625 0.8203125 0 64 254
0.59375 0.5546875 0.17385418713092804 9 68 250
0.59375 0.5625 0.21387867629528046 0 64 255
0.5865524411201477 0.5703125 0.2109375 0 64 254
0.59375 0.578125 0.21147660911083221 0 64 255
0.5885542631149292 0.5859375 0.7578125 0 64 255
0.59375 0.59375 0.7541645765304565 63 95 223
0.59375 0.609375 0.20577234029769897 2 65 253
0.59375 0.6171875 0.7606885433197021 15 72 247
0.59375 0.625 0.7966573238372803 0 64 254
0.5868489742279053 0.6328125 0.7890625 236 182 136
0.59375 0.6418989300727844 0.2109375 16 72 246
0.59375 0.6521130204200745 0.7578125 1 64 254
0.5890827775001526 0.671875 0.203125 255 192 127
0.59375 0.6796875 0.7860710620880127 0 64 255
0.59375 0.6953125 0.17588895559310913 127 127 191
0.59375 0.703125 0.17688298225402832 233 181 138
0.59375 0.7024644613265991 0.7734375 3 65 253
0.59375 0.7045537829399109 0.7109375 11 69 249
0.59375 0.7168772220611572 0.203125 27 77 241
0.5925131440162659 0.71875 0.75 4 66 252
0.5871435403823853 0.734375 0.2578125 15 71 247
0.59375 0.7356417179107666 0.2578125 4 66 252
0.5890482664108276 0.7421875 0.75 181 155 164
0.5922560691833496 0.75 0.7421875 28 78 240
0.59375 0.7547721862792969 0.7421875 6 67 251
0.59375 0.765625 0.7419572472572327 0 64 254
0.5931626558303833 0.78125 0.234375 118 123 195
0.5877312421798706 0.78125 0.6328125 0 64 254
0.59375 0.7821841239929199 0.2734375 158 143 175
0.59375 0.7818515300750732 0.6484375 1 64 254
0.59375 0.7905845642089844 0.296875 91 110 209
0.59375 0.7959882616996765 0.46875 0 64 255
0.59375 0.796875 0.6900481581687927 18 73 245
0.59375 0.8046875 0.34757697582244873 13 70 248
0.59375 0.7988418936729431 0.6015625 0 64 255
0.59375 0.8125 0.4335179924964905 51 90 229
0.59375 0.805517315864563 0.53125 0 64 255
0.59375 0.8069121837615967 0.59375 0 64 254
0.5892947912216187 0.8203125 0.421875 0 64 254
0.59375 0.8186448216438293 0.5234375 0 64 254
0.59375 0.8202278017997742 0.6171875 2 65 253
0.59375 0.8248924016952515 0.3046875 2 65 253
0.59375 0.8258073925971985 0.375 18 73 245
0.59375 0.8205945491790771 0.5390625 0 64 254
0.59375 0.8269922137260437 0.6484375 1 64 254
0.589378297328949 0.8359375 0.3828125 225 177 142
0.59375 0.8309486508369446 0.671875 7 68 251
0.59375 0.84375 0.5106565952301025 11 69 249
0.6015625 0.17010802030563354 0.421875 0 64 254
0.6015625 0.17876575887203217 0.453125 14 71 247
0.6015625 0.1796875 0.6135019659996033 2 65 253
0.5971592664718628 0.1875 0.46875 6 67 251
0.6015625 0.18262125551700592 0.5859375 13 70 248
0.6015625 0.18827277421951294 0.3515625 7 67 251
0.6015625 0.1953125 0.5204470753669739 16 72 246
0.6015625 0.20176829397678375 0.3125 16 72 246
0.6015625 0.203125 0.40475282073020935 5 66 252
0.6015625 0.203125 0.547861635684967 2 65 253
0.6015625 0.203125 0.6281176209449768 1 64 254
0.6015625 0.2042013704776764 0.4140625 38 83 235
0.6015625 0.20538760721683502 0.515625 0 64 254
0.6015625 0.2109375 0.6416974067687988 27 77 241
0.6015625 0.21289882063865662 0.2578125 66 97 221
0.6015625 0.2127140313386917 0.40625 16 72 246
0.6015625 0.21875 0.6316155195236206 3 65 253
0.6015625 0.22651411592960358 0.3359375 1 64 254
0.6015625 0.22046194970607758 0.3984375 1 64 254
0.6015625 0.2265625 0.606141984462738 20 74 244
0.6015625 0.2332642525434494 0.3046875 100 114 204
0.6015625 0.22795359790325165 0.578125 1 64 254
0.6015625 0.2421875 0.2872152030467987 2 65 253
0.6015625 0.24341760575771332 0.21875 129 129 190
0.6015625 0.2448803037405014 0.65625 0 64 254
0.6015625 0.25214841961860657 0.6640625 8 68 250
0.6015625 0.2643766701221466 0.6796875 0 64 254
0.6014032363891602 0.2734375 0.6875 255 192 127
0.6015625 0.2789890170097351 0.71875 134 131 187
0.6015625 0.2890625 0.7313191294670105 0 64 255
0.6015625 0.3046875 0.245329350233078 0 64 255
0.6015625 0.30584239959716797 0.7421875 83 105 213
0.6015625 0.328125 0.2091527283191681 1 64 254
0.6015625 0.3359375 0.7090256214141846 9 69 250
0.6015625 0.34073778986930847 0.7578125 11 69 249
0.6015625 0.3515625 0.7588407397270203 13 70 248
0.6015625 0.3548731505870819 0.7578125 125 127 192
0.6015625 0.3671875 0.7582853436470032 0 64 255
0.6015625 0.3828125 0.7450594902038574 2 65 253
0.5990548133850098 0.390625 0.2265625 9 68 250
0.6015625 0.39396804571151733 0.7578125 1 64 254
0.6015625 0.3992941379547119 0.765625 0 64 254
0.6015625 0.40792155265808105 0.796875 0 64 254
0.6015625 0.421875 0.7926636338233948 0 64 255
0.6015625 0.4296875 0.7964683175086975 0 64 255
0.6015625 0.43151775002479553 0.765625 223 175 143
0.6015625 0.4411817193031311 0.796875 1 64 254
0.6015625 0.453125 0.7950251698493958 16 72 246
0.5969864726066589 0.4609375 0.796875 44 86 232
0.5976777076721191 0.46875 0.8125 0 64 254
0.594037652015686 0.4765625 0.8125 12 70 248
0.6015625 0.484375 0.7468143701553345 38 83 235
0.5989722013473511 0.4921875 0.7578125 16 72 246
0.6015625 0.5078125 0.16994300484657288 88 108 210
0.6015625 0.515625 0.20447678864002228 18 73 245
0.6015625 0.5170759558677673 0.203125 6 67 251
0.596878707408905 0.53125 0.7578125 0 64 255
0.6002101898193359 0.5390625 0.203125 3 65 253
0.6015625 0.546875 0.812220573425293 0 64 255
0.596468448638916 0.5625 0.75 0 64 254
0.6015625 0.5703125 0.21435725688934326 0 64 254
0.5960328578948975 0.578125 0.7421875 255 192 127
0.5938692092895508 0.5859375 0.75 255 192 127
0.6015625 0.59375 0.7991654276847839 0 64 254
0.6015625 0.6015625 0.8009344935417175 0 64 254
0.59848952293396 0.6171875 0.1953125 9 68 250
0.5979882478713989 0.625 0.21875 7 67 251
0.6015625 0.6295026540756226 0.75 2 65 253
0.6015625 0.640625 0.788904070854187 2 65 253
0.6015625 0.65625 0.7470924258232117 0 64 255
0.6015625 0.6640625 0.7449346780776978 0 64 255
0.6015625 0.6796875 0.1753949671983719 90 109 209
0.6015625 0.686389684677124 0.21875 13 70 248
0.6015625 0.6906266808509827 0.1796875 0 64 254
0.5971739888191223 0.703125 0.1796875 0 64 254
0.6015625 0.7027930021286011 0.765625 4 66 252
0.6015625 0.7109375 0.7022841572761536 4 66 252
0.6015625 0.71875 0.7013528943061829 2 65 253
0.5940316915512085 0.734375 0.21875 255 192 127
0.6015625 0.734375 0.7390609383583069 8 68 250
0.6015625 0.7454318404197693 0.21875 37 82 236
0.6015625 0.7578125 0.2754725217819214 55 91 227
0.6015625 0.765625 0.27622532844543457 48 88 230
0.6015625 0.7724689245223999 0.625 15 71 247
0.6015625 0.78125 0.2364794760942459 0 64 255
0.6015625 0.7755385637283325 0.6484375 3 65 253
0.5995339751243591 0.7890625 0.3046875 3 65 253
0.6015625 0.7875109314918518 0.7109375 3 65 253
0.596792459487915 0.796875 0.328125 2 65 253
0.6015625 0.7965828776359558 0.484375 1 64 254
0.5967659950256348 0.8046875 0.3515625 23 75 243
0.6015625 0.8026325106620789 0.5546875 0 64 254
0.6015625 0.8117114901542664 0.2578125 123 125 193
0.6015625 0.8125 0.5008789300918579 238 183 135
0.6015625 0.8125 0.5795934200286865 1 64 254
0.6015625 0.8172842264175415 0.265625 52 90 228
0.6015625 0.8203125 0.48817458748817444 252 190 128
0.6015625 0.8179939389228821 0.6171875 0 64 255
0.6015625 0.8230653405189514 0.2890625 2 65 253
0.6015625 0.8272253274917603 0.34375 0 64 254
0.6015625 0.8253150582313538 0.4453125 0 64 254
0.5982533693313599 0.828125 0.578125 0 64 254
0.6015625 0.8226050734519958 0.6796875 0 64 254
0.5974121689796448 0.8359375 0.4140625 1 64 254
0.5966347455978394 0.84375 0.375 38 83 235
0.5994299054145813 0.84375 0.515625 255 192 127
0.5987926721572876 0.8515625 0.3984375 13 70 248
0.6015625 0.8461600542068481 0.515625 11 69 249
0.609375 0.17287366092205048 0.4296875 0 64 255
0.609375 0.17956037819385529 0.484375 3 65 253
0.6022289991378784 0.1875 0.359375 168 148 170
0.6087877154350281 0.1953125 0.3515625 70 99 219
0.609375 0.19390761852264404 0.5234375 0 64 254
0.609375 0.203125 0.33062097430229187 22 75 243
0.609375 0.2008061707019806 0.421875 1 64 254
0.609375 0.1980491578578949 0.53125 0 64 254
0.609375 0.203125 0.6045538783073425 1 64 254
0.6070814728736877 0.2109375 0.390625 35 81 237
0.609375 0.2109375 0.46951597929000854 170 149 169
0.609375 0.2109375 0.6053153872489929 0 64 254
0.609375 0.21875 0.25699931383132935 48 88 230
0.609375 0.21512264013290405 0.390625 0 64 254
0.609375 0.21875 0.6368339657783508 255 192 127
0.609375 0.22540283203125 0.359375 1 64 254
0.609375 0.2265625 0.5821924209594727 0 64 254
0.603091299533844 0.234375 0.3046875 0 64 254
0.609375 0.23119007050991058 0.390625 3 65 253
0.609375 0.2414350062608719 0.2265625 255 192 127
0.609375 0.2377569079399109 0.6171875 65 96 222
0.609375 0.24660979211330414 0.625 132 130 188
0.609375 0.25159475207328796 0.21875 214 171 147
0.609375 0.2578125 0.705258309841156 2 65 253
0.609375 0.2631635069847107 0.7109375 1 64 254
0.60181725025177 0.2734375 0.6875 19 73 245
0.6020777821540833 0.2890625 0.203125 25 76 242
0.607196033000946 0.296875 0.25 98 113 205
0.609375 0.30250534415245056 0.2421875 142 135 183
0.609375 0.3125 0.23407487571239471 177 152 166
0.609375 0.3203125 0.7423939108848572 255 192 127
0.6018220782279968 0.3359375 0.203125 93 110 208
0.609375 0.34375 0.1908096969127655 36 82 236
0.6022384166717529 0.3515625 0.7265625 9 68 250
0.609375 0.35817810893058777 0.734375 1 64 254
0.609375 0.3671875 0.7371798157691956 0 64 254
0.609375 0.3828125 0.22622308135032654 212 170 148
0.609375 0.3897980749607086 0.171875 4 66 252
0.6091328263282776 0.3984375 0.1796875 26 77 241
0.6045624613761902 0.40625 0.1875 10 69 249
0.609375 0.4109207093715668 0.203125 0 64 254
0.609375 0.4140625 0.7945315837860107 2 65 253
0.609375 0.4296875 0.7732847332954407 170 149 169
0.609375 0.4375 0.8009580373764038 1 64 254
0.609375 0.4522848129272461 0.25 29 78 240
0.609375 0.4609375 0.2554636299610138 38 83 235
0.609375 0.4683288335800171 0.796875 246 187 131
0.609375 0.484375 0.2027353197336197 0 64 254
0.609375 0.4900028705596924 0.1875 2 65 253
0.609375 0.5 0.17986777424812317 104 116 202
0.6090703010559082 0.5078125 0.765625 153 141 178
0.609375 0.515625 0.7883120775222778 82 105 213
0.6083799600601196 0.53125 0.1796875 23 75 243
0.609375 0.5284730195999146 0.796875 145 137 182
0.609375 0.5316734910011292 0.7890625 3 65 253
0.609375 0.5546875 0.17683351039886475 18 73 245
0.6055920124053955 0.5625 0.7421875 0 64 254
0.609375 0.5677013993263245 0.734375 3 65 253
0.609375 0.5732079148292542 0.1953125 0 64 254
0.604465901851654 0.5859375 0.1953125 0 64 254
0.6016478538513184 0.59375 0.1953125 0 64 254
0.609375 0.6006510257720947 0.1875 2 65 253
0.6057286858558655 0.609375 0.75 8 68 250
0.6091970205307007 0.625 0.1796875 1 64 254
0.6042003035545349 0.6328125 0.1796875 0 64 254
0.609375 0.6361733078956604 0.7890625 2 65 253
0.609375 0.642148494720459 0.78125 0 64 255
0.6065179705619812 0.6640625 0.7421875 0 64 255
0.609375 0.671875 0.7357751727104187 3 65 253
0.6022575497627258 0.6796875 0.71875 9 68 250
0.609375 0.6875 0.7035354971885681 0 64 255
0.609375 0.6890168786048889 0.703125 6 67 251
0.609375 0.703125 0.7536218166351318 1 64 254
0.609375 0.7062470316886902 0.75 248 188 130
0.609375 0.714893102645874 0.7421875 0 64 255
0.609375 0.7265625 0.7390684485435486 0 64 254
0.606105387210846 0.734375 0.734375 0 64 254
0.6047952771186829 0.7421875 0.7265625 0 64 254
0.6093676090240479 0.75 0.7265625 187 158 161
0.6073548197746277 0.7578125 0.734375 255 192 127
0.6016745567321777 0.7734375 0.234375 3 65 253
0.609375 0.767728328704834 0.6484375 22 75 243
0.609375 0.7734375 0.7129974365234375 1 64 254
0.609375 0.78125 0.610648512840271 0 64 254
0.6030582785606384 0.7890625 0.2421875 1 64 254
0.609375 0.790662944316864 0.3203125 0 64 254
0.609375 0.7941389083862305 0.46875 2 65 253
0.6024459004402161 0.796875 0.6953125 1 64 254
0.609375 0.8046875 0.44814756512641907 0 64 254
0.609375 0.8011874556541443 0.5703125 2 65 253
0.609375 0.8046875 0.6415547728538513 2 65 253
0.609375 0.8125 0.44076380133628845 1 64 254
0.609375 0.8125 0.5736931562423706 77 102 216
0.609375 0.8125 0.6846823692321777 2 65 253
0.6061345934867859 0.8203125 0.3125 40 84 234
0.609375 0.8165985941886902 0.5 1 64 254
0.609375 0.8138111233711243 0.5859375 0 64 254
0.609375 0.824648916721344 0.328125 4 66 252
0.609375 0.8279016017913818 0.40625 86 107 211
0.609375 0.8277658820152283 0.5390625 2 65 253
0.609375 0.8251423239707947 0.6640625 14 71 247
0.609375 0.8359375 0.42390719056129456 81 105 214
0.609375 0.8388858437538147 0.3515625 206 167 151
0.609375 0.847256064414978 0.375 29 78 240
0.609375 0.8562018275260925 0.390625 18 73 245
0.6171875 0.17476439476013184 0.4296875 0 64 254
0.6171875 0.1796875 0.5954028367996216 4 66 252
0.6171875 0.1875 0.4909202754497528 3 65 253
0.6171875 0.18510307371616364 0.625 6 67 251
0.6171875 0.18972130119800568 0.4921875 0 64 254
0.6145344972610474 0.203125 0.34375 27 77 241
0.6155990958213806 0.203125 0.4375 9 68 250
0.6171875 0.2017851173877716 0.578125 21 74 244
0.6171875 0.2109375 0.3230734169483185 5 66 252
0.6171875 0.2072555124759674 0.4375 4 66 252
0.6126900911331177 0.2109375 0.515625 0 64 255
0.6171875 0.2109375 0.603523313999176 255 192 127
0.6171875 0.2099863886833191 0.671875 0 64 254
0.6171875 0.21410344541072845 0.3046875 0 64 254
0.6171875 0.21875 0.41954830288887024 50 89 229
0.6171875 0.212415412068367 0.6015625 227 178 141
0.6171875 0.2265625 0.26343676447868347 28 78 240
0.6171875 0.2265625 0.3717741072177887 6 67 251
0.6171875 0.2265625 0.5836570858955383 0 64 254
0.6171875 0.234375 0.3395782709121704 0 64 254
0.6171875 0.234375 0.5569816827774048 3 65 253
0.6171875 0.2421875 0.22993917763233185 208 168 150
0.6171875 0.2402690351009369 0.3125 10 69 249
0.6171875 0.25 0.22576799988746643 255 192 127
0.6143082976341248 0.25 0.6875 5 66 252
0.6171875 0.25468817353248596 0.6796875 0 64 254
0.6171875 0.2613101601600647 0.28125 0 64 254
0.6171875 0.2674092650413513 0.2109375 255 192 127
0.6171875 0.2734375 0.6751100420951843 75 101 217
0.6171875 0.2785085439682007 0.7265625 8 68 250
0.6171875 0.28296029567718506 0.6875 0 64 254
0.6116561889648438 0.296875 0.2421875 37 82 236
0.6163908243179321 0.3046875 0.7109375 5 66 252
0.6171875 0.3125 0.741324245929718 15 71 247
0.6150434017181396 0.328125 0.7109375 15 71 247
0.6171875 0.3359375 0.7198464870452881 20 74 244
0.6159828901290894 0.3515625 0.2265625 2 65 253
0.6171875 0.3578817546367645 0.7578125 52 90 228
0.617184042930603 0.375 0.171875 71 100 219
0.6124552488327026 0.375 0.78125 5 66 252
0.6171875 0.3828125 0.793117344379425 0 64 254
0.6167612075805664 0.390625 0.7421875 1 64 254
0.6171875 0.39655622839927673 0.75 43 85 233
0.6171875 0.39926350116729736 0.765625 23 75 243
0.6171875 0.4140625 0.7922947406768799 0 64 254
0.6163373589515686 0.421875 0.8046875 0 64 254
0.617027223110199 0.4296875 0.8125 150 139 179
0.6171875 0.4453125 0.20431673526763916 0 64 254
0.6108089685440063 0.453125 0.25 0 64 255
0.6171875 0.4609375 0.2109711468219757 4 66 252
0.6171875 0.46119844913482666 0.2109375 1 64 254
0.6150681972503662 0.4765625 0.75 27 77 241
0.6171875 0.484375 0.7585508227348328 146 137 181
0.6171875 0.4921875 0.7965881824493408 4 66 252
0.6171875 0.5069280862808228 0.21875 71 99 219
0.6171875 0.515625 0.1802884191274643 68 98 220
0.6171875 0.5234375 0.7512721419334412 0 64 254
0.6124709248542786 0.53125 0.796875 3 65 253
0.6167952418327332 0.5390625 0.8046875 0 64 254
0.6171875 0.5399894118309021 0.8046875 1 64 254
0.6171875 0.5513656139373779 0.21875 4 66 252
0.6119685173034668 0.5625 0.1953125 4 66 252
0.6171875 0.5625 0.7976481914520264 10 69 249
0.6171875 0.5703125 0.7476339936256409 1 64 254
0.6171875 0.578125 0.21510393917560577 0 64 254
0.6171875 0.5859375 0.21393561363220215 0 64 254
0.6154447197914124 0.59375 0.1875 7 67 251
0.6171875 0.6015625 0.1802208572626114 174 151 167
0.6171875 0.6022773385047913 0.1796875 255 192 127
0.6171875 0.6112255454063416 0.2109375 0 64 254
0.6171875 0.625 0.731471061706543 10 69 249
0.6171875 0.6328125 0.1731763631105423 112 120 198
0.6121662259101868 0.6328125 0.7890625 0 64 254
0.6100992560386658 0.640625 0.7421875 12 70 248
0.6171875 0.6484375 0.7166706323623657 64 96 222
0.6171875 0.6502942442893982 0.71875 59 93 225
0.6123499870300293 0.6640625 0.21875 1 64 254
0.6141006946563721 0.671875 0.7109375 11 69 249
0.6146907806396484 0.6796875 0.1875 0 64 254
0.6171875 0.6875 0.18773631751537323 11 69 249
0.6171875 0.6953125 0.18796327710151672 26 77 241
0.6171875 0.6980549097061157 0.2265625 0 64 254
0.6171875 0.7109375 0.6958127021789551 0 64 254
0.6171875 0.7186416387557983 0.6953125 1 64 254
0.6149680018424988 0.7265625 0.734375 0 64 254
0.6171875 0.734375 0.7323461771011353 0 64 254
0.6171875 0.7467794418334961 0.2109375 17 72 246
0.6171875 0.7499465346336365 0.7109375 0 64 254
0.6171875 0.7578125 0.6687748432159424 3 65 253
0.6106417775154114 0.765625 0.640625 1 64 254
0.61500483751297 0.765625 0.7109375 7 67 251
0.6171875 0.7734375 0.6217554807662964 0 64 254
0.6171875 0.78125 0.24357344210147858 0 64 254
0.6095635890960693 0.7890625 0.3125 0 64 254
0.6171875 0.7890625 0.6045553088188171 0 64 254
0.6171875 0.7907034754753113 0.3515625 3 65 253
0.6171875 0.796875 0.645950198173523 1 64 254
0.6171875 0.8046875 0.2753417193889618 150 139 179
0.6171875 0.8046875 0.4849860966205597 1 64 254
0.6171875 0.7972759008407593 0.6015625 0 64 254
0.6171875 0.8071763515472412 0.28125 255 192 127
0.6171875 0.8125 0.37414687871932983 9 68 250
0.6127541661262512 0.8125 0.578125 1 64 254
0.6171875 0.8109156489372253 0.6796875 11 70 249
0.6171875 0.8203125 0.3362109661102295 29 78 240
0.6158674955368042 0.8203125 0.5 21 74 244
0.6098368763923645 0.8203125 0.65625 50 89 229
0.6171875 0.828125 0.4083373248577118 33 80 238
0.6171875 0.8207778334617615 0.5 0 64 254
0.6171875 0.828125 0.568608283996582 255 192 127
0.6171875 0.8359375 0.37847957015037537 15 72 247
0.6171875 0.8359375 0.46622538566589355 5 66 252
0.6171875 0.8357633352279663 0.5546875 18 73 245
0.6171875 0.8388074636459351 0.3828125 67 97 221
0.6171875 0.8365857601165771 0.6015625 255 192 127
0.6160378456115723 0.8515625 0.5234375 246 187 131
0.6198897957801819 0.1796875 0.421875 17 72 246
0.6210771203041077 0.1796875 0.5078125 2 65 253
0.625 0.1875 0.42367544770240784 1 64 254
0.6237162947654724 0.1875 0.5390625 2 65 253
0.625 0.1811027228832245 0.625 5 66 252
0.625 0.19144649803638458 0.484375 0 64 254
0.6184285879135132 0.1953125 0.6328125 66 97 221
0.625 0.19966474175453186 0.5546875 1 64 254
0.618247926235199 0.203125 0.640625 0 64 254
0.625 0.2109375 0.41538700461387634 2 65 253
0.625 0.208770751953125 0.4921875 0 64 254
0.6186465620994568 0.2109375 0.6484375 0 64 254
0.625 0.21314536035060883 0.34375 68 98 220
0.625 0.21612530946731567 0.453125 5 66 252
0.625 0.21875 0.5355605483055115 2 65 253
0.621758222579956 0.21875 0.6796875 4 66 252
0.625 0.22630512714385986 0.3671875 1 64 254
0.625 0.22085826098918915 0.5390625 2 65 253
0.625 0.2265625 0.6789829134941101 2 65 253
0.625 0.22941052913665771 0.3984375 0 64 255
0.625 0.234375 0.6261661052703857 26 77 241
0.625 0.2421875 0.3025612533092499 10 69 249
0.625 0.2421875 0.6796241402626038 0 64 254
0.625 0.24761439859867096 0.640625 57 93 226
0.61905437707901 0.2578125 0.6640625 26 77 241
0.625 0.265625 0.6709761023521423 252 190 128
0.625 0.27125316858291626 0.25 96 112 206
0.625 0.28125 0.20572029054164886 62 95 223
0.625 0.28582608699798584 0.234375 15 71 247
0.625 0.2967281937599182 0.2265625 16 72 246
0.625 0.3046875 0.7134191989898682 56 92 226
0.6188470721244812 0.3125 0.7421875 16 72 246
0.625 0.3203125 0.756319522857666 29 78 240
0.6180084347724915 0.3359375 0.1953125 81 105 214
0.6220434904098511 0.34375 0.234375 6 67 251
0.625 0.3515625 0.7584695816040039 7 67 251
0.6234703063964844 0.3671875 0.1875 18 73 245
0.625 0.36566242575645447 0.78125 9 68 250
0.6219004988670349 0.375 0.765625 3 65 253
0.625 0.37611475586891174 0.7578125 255 192 127
0.6185770630836487 0.3984375 0.1953125 4 66 252
0.6238686442375183 0.3984375 0.7890625 24 76 242
0.62200927734375 0.40625 0.7421875 5 66 252
0.625 0.4140625 0.1993720382452011 1 64 254
0.625 0.421875 0.2026696652173996 4 66 252
0.625 0.4296875 0.23810207843780518 5 66 252
0.625 0.4375 0.8160480856895447 0 64 254
0.625 0.453125 0.2015274614095688 0 64 254
0.6211329102516174 0.4609375 0.25 64 96 222
0.625 0.46875 0.24904417991638184 192 160 158
0.625 0.4765625 0.8001888990402222 1 64 254
0.625 0.48871421813964844 0.1953125 1 64 254
0.625 0.5 0.22618696093559265 255 192 127
0.625 0.5061246752738953 0.21875 103 116 203
0.6198205351829529 0.515625 0.7421875 199 164 155
0.6237613558769226 0.5234375 0.7421875 0 64 254
0.625 0.5369476675987244 0.1875 0 64 254
0.617996335029602 0.5390625 0.7890625 2 65 253
0.625 0.546875 0.7325889468193054 203 166 153
0.625 0.5521411895751953 0.203125 0 64 254
0.6237781643867493 0.5546875 0.796875 0 64 254
0.617969274520874 0.5625 0.796875 6 67 251
0.625 0.5703125 0.7398599982261658 255 192 127
0.6227478981018066 0.578125 0.71875 255 192 127
0.625 0.5799061059951782 0.71875 0 64 255
0.625 0.5913143157958984 0.7265625 38 83 235
0.625 0.6015625 0.7354705929756165 0 64 255
0.625 0.609375 0.7701622247695923 0 64 254
0.6186829805374146 0.6171875 0.7734375 0 64 254
0.623984694480896 0.625 0.765625 0 64 254
0.625 0.6328125 0.7652656435966492 0 64 254
0.625 0.6484375 0.18333713710308075 26 77 241
0.6237886548042297 0.65625 0.1953125 137 132 186
0.6174188256263733 0.65625 0.734375 26 77 241
0.6175710558891296 0.6640625 0.7265625 27 77 241
0.625 0.6692368388175964 0.7578125 0 64 255
0.625 0.6796875 0.7547730803489685 0 64 254
0.625 0.6953125 0.22582051157951355 0 64 254
0.625 0.7097935080528259 0.1953125 52 90 228
0.625 0.71875 0.21117104589939117 255 192 127
0.6248252987861633 0.7265625 0.234375 149 139 180
0.6196008324623108 0.734375 0.6796875 0 64 254
0.6186514496803284 0.7421875 0.671875 0 64 255
0.625 0.75 0.2681238651275635 60 94 224
0.625 0.7578125 0.22353695333003998 10 69 249
0.618148684501648 0.7578125 0.6484375 18 73 245
0.6219396591186523 0.765625 0.28125 7 67 251
0.625 0.7686939835548401 0.2890625 5 66 252
0.625 0.7745774984359741 0.6171875 0 64 254
0.625 0.7890625 0.2464091181755066 0 64 254
0.620583176612854 0.7890625 0.6484375 1 64 254
0.625 0.796875 0.36796095967292786 0 64 254
0.6247622966766357 0.796875 0.6640625 9 68 250
0.625 0.8046875 0.28657546639442444 5 66 252
0.625 0.8034066557884216 0.5703125 0 64 254
0.623561441898346 0.8046875 0.671875 7 67 251
0.6240056753158569 0.8125 0.3125 221 175 144
0.625 0.8107250928878784 0.484375 0 64 254
0.625 0.8156657814979553 0.3203125 255 192 127
0.6241994500160217 0.8203125 0.4765625 2 65 253
0.625 0.8176534175872803 0.5859375 0 64 254
0.625 0.828125 0.4414896070957184 4 66 252
0.625 0.828125 0.5009101033210754 2 65 253
0.625 0.8359375 0.3778553903102875 255 192 127
0.625 0.8359375 0.47361886501312256 79 104 215
0.625 0.8359375 0.5637418627738953 169 149 170
0.625 0.84375 0.3873034417629242 5 66 252
0.6178191304206848 0.84375 0.53125 255 192 127
0.625 0.8460599780082703 0.3671875 255 192 127
0.625 0.8486178517341614 0.453125 9 68 250
0.625 0.8475176095962524 0.5390625 49 88 230
0.6292553544044495 0.1796875 0.5078125 0 64 254
0.6328125 0.18348704278469086 0.4375 7 67 251
0.63202965259552 0.1875 0.515625 0 64 254
0.627654492855072 0.1875 0.59375 255 192 127
0.6328125 0.19197367131710052 0.375 22 75 243
0.6328125 0.1910417675971985 0.515625 0 64 254
0.6328125 0.203125 0.35487625002861023 1 64 254
0.6328125 0.2005520612001419 0.59375 158 143 175
0.6328125 0.2109375 0.41793113946914673 0 64 254
0.6328125 0.21001513302326202 0.6640625 215 172 147
0.632387638092041 0.21875 0.3515625 18 73 245
0.6328125 0.2139490693807602 0.5 0 64 254
0.6319348812103271 0.21875 0.6171875 2 65 253
0.626262903213501 0.2265625 0.421875 11 69 249
0.6328125 0.2255377471446991 0.5859375 0 64 254
0.6279703974723816 0.2265625 0.6796875 103 116 203
0.6328125 0.23075233399868011 0.3984375 0 64 254
0.6328125 0.22995278239250183 0.5703125 0 64 254
0.6273450255393982 0.2421875 0.3046875 17 72 246
0.6328125 0.2421875 0.6455975770950317 9 68 250
0.6316741704940796 0.25 0.2421875 0 64 254
0.6306374669075012 0.25 0.328125 3 65 253
0.6328125 0.25 0.6714250445365906 222 175 143
0.6328125 0.2578125 0.2809481918811798 118 123 195
0.6305184364318848 0.2578125 0.6953125 1 64 254
0.6328125 0.2734375 0.21539489924907684 255 192 127
0.6328125 0.27225857973098755 0.703125 24 76 242
0.6328125 0.27886220812797546 0.6875 6 67 251
0.6328125 0.2857586443424225 0.2421875 250 189 129
0.6328125 0.29292964935302734 0.703125 9 68 250
0.627899169921875 0.3046875 0.7421875 6 67 251
0.6328125 0.3203125 0.1970783770084381 49 88 230
0.6328125 0.328125 0.23368600010871887 54 91 227
0.6328125 0.3359375 0.23941239714622498 142 135 183
0.6328125 0.33839115500450134 0.7578125 49 89 230
0.6259691119194031 0.3515625 0.7578125 9 68 250
0.6328125 0.3671875 0.2419688105583191 10 69 249
0.6292901039123535 0.375 0.2265625 4 66 252
0.6328125 0.3828125 0.18993371725082397 0 64 254
0.6328125 0.390625 0.18876975774765015 3 65 253
0.6328125 0.3984375 0.7216222286224365 13 70 248
0.6328125 0.40625 0.7498841285705566 238 183 135
0.6328125 0.4132947027683258 0.7265625 0 64 254
0.6290913820266724 0.421875 0.1953125 12 70 248
0.6328125 0.4161359369754791 0.796875 10 69 249
0.6328125 0.4296875 0.8135256767272949 0 64 254
0.6328125 0.43569546937942505 0.8125 0 64 254
0.6279986500740051 0.453125 0.1953125 0 64 254
0.6312379837036133 0.4609375 0.2421875 225 177 142
0.6328125 0.46875 0.7623106837272644 10 69 249
0.6328125 0.4751778542995453 0.796875 4 66 252
0.6328125 0.48590660095214844 0.234375 60 94 224
0.6328125 0.5 0.7398402690887451 255 192 127
0.6328125 0.5065900087356567 0.7890625 1 64 254
0.6328125 0.5234375 0.17235805094242096 17 72 246
0.6328125 0.5287767648696899 0.734375 0 64 254
0.6294427514076233 0.5390625 0.7734375 0 64 254
0.6283087730407715 0.5546875 0.1953125 0 64 254
0.6277914643287659 0.5625 0.1953125 0 64 254
0.6328125 0.5648874640464783 0.1875 4 66 252
0.6328125 0.5641668438911438 0.7734375 1 64 254
0.6270363926887512 0.5859375 0.1796875 15 71 247
0.6328125 0.59375 0.20601002871990204 21 75 244
0.6328125 0.6015625 0.7670477628707886 0 64 254
0.6282322406768799 0.6171875 0.765625 0 64 254
0.6252772212028503 0.6328125 0.171875 160 144 174
0.6328125 0.6395086050033569 0.21875 2 65 253
0.6268892884254456 0.6484375 0.703125 4 66 252
0.6328089833259583 0.65625 0.7578125 0 64 254
0.6328125 0.6640625 0.7548781633377075 0 64 254
0.6328125 0.6796875 0.23031578958034515 9 68 250
0.6328125 0.6845788955688477 0.6875 0 64 254
0.6328125 0.703125 0.1944558024406433 35 81 237
0.6328125 0.7041131258010864 0.1953125 78 103 215
0.6319634914398193 0.7109375 0.7421875 0 64 254
0.6328125 0.71875 0.7264262437820435 77 102 216
0.6328125 0.7316854000091553 0.234375 90 109 209
0.6328125 0.7421875 0.671082079410553 0 64 254
0.6328125 0.75 0.25944167375564575 176 152 166
0.6292209029197693 0.7578125 0.2734375 173 151 168
0.6328125 0.7550073862075806 0.703125 115 121 197
0.6328125 0.765625 0.7035773992538452 45 87 232
0.6328125 0.7734375 0.7079954147338867 1 64 254
0.6328125 0.7784161567687988 0.609375 0 64 254
0.6328125 0.7851163744926453 0.3125 1 64 254
0.626867413520813 0.7890625 0.65625 0 64 254
0.6328125 0.796875 0.593066930770874 0 64 254
0.6328125 0.7964446544647217 0.703125 3 65 253
0.6328125 0.8046875 0.5703936815261841 0 64 255
0.6294048428535461 0.8125 0.2890625 1 64 254
0.6328125 0.8125 0.3299679756164551 255 192 127
0.6259849071502686 0.8125 0.4921875 1 64 254
0.6328125 0.8180404305458069 0.296875 1 64 254
0.6328125 0.8203125 0.44475406408309937 9 68 250
0.6318923830986023 0.8203125 0.5859375 0 64 254
0.6328125 0.828125 0.3676571547985077 82 105 213
0.6328125 0.8218821287155151 0.5 4 66 252
0.6328125 0.828125 0.5934414267539978 8 68 250
0.6311043500900269 0.8359375 0.390625 231 179 139
0.6328125 0.8301529288291931 0.484375 11 69 249
0.6328125 0.8359375 0.5626963376998901 5 66 252
0.6309536695480347 0.84375 0.3984375 66 97 221
0.632047712802887 0.84375 0.546875 4 66 252
0.6328125 0.850334644317627 0.375 0 64 254
0.6328125 0.8452783823013306 0.5390625 37 82 236
0.640625 0.17422038316726685 0.5390625 3 65 253
0.640625 0.18185876309871674 0.4921875 0 64 254
0.636274516582489 0.1875 0.6171875 3 65 253
0.6399897336959839 0.1953125 0.4609375 2 65 253
0.640625 0.18869972229003906 0.5625 5 66 252
0.640625 0.203125 0.3606947064399719 255 192 127
0.636755645275116 0.203125 0.5078125 3 65 253
0.640625 0.20278598368167877 0.6015625 18 73 245
0.6367998123168945 0.2109375 0.421875 0 64 255
0.640625 0.2109375 0.5159493088722229 3 65 253
0.640625 0.21875 0.30092039704322815 0 64 255
0.640625 0.21205803751945496 0.40625 0 64 254
0.6356455683708191 0.21875 0.5234375 9 68 250
0.640625 0.2265625 0.28532788157463074 159 143 175
0.640625 0.2265625 0.4638260304927826 17 72 246
0.6372289657592773 0.2265625 0.6015625 0 64 254
0.640625 0.234375 0.2759247124195099 35 81 237
0.640625 0.23251761496067047 0.3984375 1 64 254
0.640625 0.22930903732776642 0.4609375 0 64 254
0.640625 0.22709757089614868 0.6171875 0 64 254
0.640625 0.23638202250003815 0.40625 1 64 254
0.640625 0.2399616241455078 0.6953125 0 64 254
0.6361580491065979 0.25 0.3515625 0 64 254
0.640625 0.2578125 0.2375071942806244 2 65 253
0.640625 0.25682970881462097 0.328125 4 66 252
0.6369776129722595 0.265625 0.2265625 21 74 244
0.6352226138114929 0.265625 0.703125 2 65 253
0.640625 0.2691579759120941 0.6875 7 67 251
0.6358920931816101 0.28125 0.6953125 59 94 225
0.6403768062591553 0.2890625 0.2578125 0 64 254
0.640625 0.2941031754016876 0.203125 19 73 245
0.640625 0.29157182574272156 0.7265625 23 75 243
0.640625 0.2971472442150116 0.734375 10 69 249
0.6339332461357117 0.3125 0.7578125 33 80 238
0.6337339282035828 0.328125 0.203125 18 73 245
0.640625 0.3359375 0.2120686173439026 4 66 252
0.634454607963562 0.34375 0.7265625 28 78 240
0.640625 0.3515625 0.25081127882003784 175 151 167
0.6331717371940613 0.3671875 0.2421875 3 65 253
0.6331851482391357 0.375 0.7265625 255 192 127
0.640625 0.3828125 0.7566498517990112 7 67 251
0.640573263168335 0.390625 0.7578125 52 90 228
0.640625 0.3984375 0.7456680536270142 6 67 251
0.6397168636322021 0.40625 0.7578125 2 65 253
0.6346383094787598 0.4140625 0.7265625 4 66 252
0.640625 0.4143832325935364 0.1875 4 66 252
0.6400598287582397 0.421875 0.7578125 10 69 249
0.640625 0.4296875 0.2162914127111435 15 71 247
0.6401529908180237 0.4296875 0.8046875 0 64 254
0.6332027316093445 0.4453125 0.1875 0 64 254
0.640625 0.44541749358177185 0.21875 45 86 232
0.640625 0.4609375 0.230333611369133 24 76 242
0.6389214992523193 0.46875 0.1875 19 73 245
0.640625 0.4664711654186249 0.796875 3 65 253
0.6397074460983276 0.4765625 0.7890625 29 79 240
0.640625 0.484375 0.7445248365402222 25 77 242
0.640625 0.5 0.18052564561367035 48 88 230
0.640625 0.5078125 0.21372832357883453 15 71 247
0.640625 0.5104890465736389 0.2109375 3 65 253
0.640625 0.5234375 0.7307596206665039 0 64 254
0.640625 0.5390625 0.18002715706825256 5 66 252
0.6343481540679932 0.546875 0.7734375 16 72 246
0.640625 0.5625 0.7230716943740845 101 114 204
0.640625 0.5703125 0.7466328144073486 2 65 253
0.6351661086082458 0.578125 0.71875 255 192 127
0.640625 0.5859375 0.7579615712165833 38 83 235
0.6371108293533325 0.6015625 0.765625 0 64 254
0.6383206844329834 0.6171875 0.2109375 0 64 254
0.640625 0.625 0.21468423306941986 0 64 254
0.640625 0.6267447471618652 0.7578125 0 64 254
0.640625 0.640625 0.7554441690444946 0 64 254
0.640625 0.6518312692642212 0.1796875 35 81 237
0.640625 0.6640625 0.18884557485580444 1 64 254
0.640625 0.671875 0.6897255182266235 0 64 254
0.640625 0.6875 0.23278652131557465 0 64 255
0.640625 0.6913262009620667 0.7421875 0 64 254
0.640625 0.703125 0.7185993194580078 0 64 254
0.640625 0.7103098034858704 0.71875 0 64 254
0.640625 0.7265625 0.23875366151332855 0 64 254
0.640625 0.734375 0.7261364459991455 1 64 254
0.634589433670044 0.75 0.2578125 0 64 255
0.640625 0.7515677213668823 0.2578125 28 78 240
0.640625 0.7544746994972229 0.7109375 0 64 254
0.640625 0.7596200704574585 0.6328125 0 64 254
0.640625 0.7718435525894165 0.296875 2 65 253
0.640625 0.7776414752006531 0.2421875 21 74 244
0.6333407163619995 0.78125 0.6484375 10 69 249
0.640625 0.7847591638565063 0.328125 19 73 245
0.640625 0.7876103520393372 0.59375 0 64 254
0.6361698508262634 0.7890625 0.6640625 3 65 253
0.640625 0.7905442714691162 0.3515625 0 64 254
0.6334860324859619 0.796875 0.5859375 0 64 254
0.640625 0.7962706685066223 0.6875 3 65 253
0.640625 0.8046875 0.4844781160354614 0 64 255
0.640625 0.8037220239639282 0.6171875 13 70 248
0.640625 0.809477686882019 0.3203125 18 73 245
0.640625 0.8081161975860596 0.5 42 85 233
0.640625 0.8197641968727112 0.2890625 83 105 213
0.640625 0.8185024261474609 0.3515625 0 64 254
0.6343520283699036 0.8203125 0.5 1 64 254
0.640625 0.828125 0.39728060364723206 2 65 253
0.640625 0.8236509561538696 0.515625 0 64 254
0.6331953406333923 0.828125 0.59375 13 70 248
0.640625 0.8308145403862 0.4140625 10 69 249
0.640625 0.8309647440910339 0.53125 8 68 250
0.6379607319831848 0.8359375 0.6015625 208 168 150
0.640625 0.83870929479599 0.4140625 255 192 127
0.640625 0.850445568561554 0.375 233 181 138
0.640625 0.856211245059967 0.453125 185 157 162
0.6484375 0.17362156510353088 0.5390625 255 192 127
0.6484375 0.18077930808067322 0.5234375 20 74 244
0.6484375 0.1953125 0.516040563583374 2 65 253
0.6419292688369751 0.203125 0.4375 7 67 251
0.6484375 0.20188206434249878 0.5703125 3 65 253
0.6484375 0.19560426473617554 0.640625 0 64 254
0.6474971771240234 0.2109375 0.4375 0 64 254
0.6419566869735718 0.2109375 0.5859375 11 69 249
0.6439098715782166 0.21875 0.3203125 0 64 254
0.6406766772270203 0.21875 0.46875 40 84 234
0.6484375 0.21518191695213318 0.5859375 0 64 254
0.6484375 0.22038093209266663 0.3203125 4 66 252
0.6484375 0.2227853387594223 0.5078125 4 66 252
0.6447609066963196 0.234375 0.28125 2 65 253
0.6484375 0.23431900143623352 0.3984375 1 64 254
0.6452656984329224 0.234375 0.546875 0 64 254
0.6408258080482483 0.234375 0.6015625 8 68 250
0.6484375 0.23915787041187286 0.2734375 6 67 251
0.6484375 0.23990587890148163 0.4296875 0 64 254
0.6437929272651672 0.2421875 0.640625 0 64 255
0.6484375 0.2427479773759842 0.3671875 1 64 254
0.6484375 0.25 0.7009530663490295 0 64 254
0.6440801024436951 0.2578125 0.3359375 0 64 254
0.6484375 0.25188782811164856 0.703125 2 65 253
0.6484375 0.265625 0.30736207962036133 0 64 254
0.6484375 0.2734375 0.22199110686779022 80 104 214
0.6484375 0.28125 0.21379341185092926 205 166 152
0.6484375 0.2838042974472046 0.2109375 9 68 250
0.6484375 0.29489564895629883 0.265625 0 64 254
0.6484375 0.3046875 0.24757933616638184 1 64 254
0.645099401473999 0.3125 0.2265625 1 64 254
0.6484375 0.3203125 0.2033434957265854 5 66 252
0.6484375 0.325124591588974 0.7109375 3 65 253
0.6484375 0.3359375 0.23948334157466888 20 74 244
0.6471196413040161 0.34375 0.75 7 67 251
0.6484375 0.3515625 0.7486813068389893 0 64 254
0.6470891237258911 0.3671875 0.1953125 0 64 254
0.6484375 0.375 0.23348145186901093 10 69 249
0.6477398872375488 0.390625 0.1953125 0 64 255
0.6484375 0.39589905738830566 0.1953125 0 64 254
0.6413085460662842 0.40625 0.765625 0 64 254
0.6484375 0.41090670228004456 0.765625 56 92 226
0.645086944103241 0.4296875 0.1796875 2 65 253
0.6462494730949402 0.4296875 0.796875 0 64 254
0.6484375 0.4375 0.7976731061935425 0 64 254
0.645786702632904 0.453125 0.21875 253 191 128
0.6484375 0.45855584740638733 0.21875 47 87 231
0.646247386932373 0.46875 0.2265625 11 69 249
0.646012008190155 0.4765625 0.2265625 210 169 149
0.6484375 0.4818466007709503 0.2265625 29 78 240
0.6484375 0.4921875 0.7424442172050476 7 67 251
0.6484375 0.4931459128856659 0.7734375 1 64 254
0.6484375 0.5031241178512573 0.734375 255 192 127
0.6484375 0.515625 0.7555333971977234 0 64 254
0.6484375 0.53125 0.20934244990348816 4 66 252
0.6469990015029907 0.5390625 0.71875 1 64 254
0.6483856439590454 0.546875 0.71875 0 64 254
0.6484375 0.5494641065597534 0.78125 3 65 253
0.6484375 0.5703125 0.20976868271827698 13 70 248
0.6484375 0.578125 0.2103542536497116 1 64 254
0.6484375 0.5859375 0.2158600389957428 25 76 242
0.6484375 0.59375 0.7293723225593567 0 64 255
0.6484375 0.6015625 0.7668679356575012 0 64 254
0.6484375 0.6171875 0.17621594667434692 0 64 254
0.6484375 0.625 0.17316614091396332 2 65 253
0.6484375 0.6328125 0.17320093512535095 3 65 253
0.6484375 0.640625 0.1749264895915985 68 98 220
0.6462243795394897 0.6484375 0.21875 0 64 254
0.6462792754173279 0.65625 0.6875 40 84 234
0.6468803286552429 0.6640625 0.6875 0 64 254
0.6484375 0.671875 0.7451571822166443 0 64 254
0.6484375 0.6766682267189026 0.7421875 0 64 254
0.6484375 0.6875 0.7397587895393372 0 64 254
0.6483628749847412 0.6953125 0.7109375 0 64 255
0.6484375 0.6975501179695129 0.203125 5 66 252
0.6484375 0.7109375 0.23720477521419525 3 65 253
0.6422078013420105 0.71875 0.6796875 0 64 254
0.6484375 0.7265625 0.6727485060691833 3 65 253
0.6407862305641174 0.734375 0.6796875 0 64 254
0.6484375 0.7410013675689697 0.671875 1 64 254
0.6484375 0.7578125 0.21661892533302307 255 192 127
0.6484375 0.7592887878417969 0.21875 140 134 184
0.6484375 0.765625 0.6341568231582642 0 64 254
0.6484375 0.7732521295547485 0.625 3 65 253
0.6426940560340881 0.78125 0.25 9 69 250
0.6428782939910889 0.78125 0.609375 0 64 254
0.6442211866378784 0.7890625 0.265625 221 175 144
0.6418426036834717 0.7890625 0.5703125 0 64 255
0.6434041857719421 0.7890625 0.6953125 13 70 248
0.6484375 0.7922457456588745 0.5546875 0 64 254
0.6484375 0.80178302526474 0.5 0 64 255
0.6484375 0.8046875 0.6545079350471497 9 68 250
0.6484375 0.8125 0.38701361417770386 26 77 241
0.6484375 0.8075219988822937 0.4921875 0 64 255
0.644311249256134 0.8125 0.5546875 0 64 254
0.6484375 0.8198941946029663 0.2890625 52 90 228
0.6484375 0.8199331760406494 0.3671875 8 68 250
0.6484375 0.8177924156188965 0.4375 0 64 254
0.6484375 0.8203125 0.48607364296913147 9 68 250
0.6415518522262573 0.8203125 0.59375 0 64 254
0.6484375 0.8223573565483093 0.3984375 2 65 253
0.6424400806427002 0.828125 0.46875 132 130 188
0.6484375 0.8222125172615051 0.546875 2 65 253
0.6484375 0.8306291103363037 0.4296875 4 66 252
0.6484375 0.8359375 0.5374658703804016 30 79 239
0.6421679854393005 0.84375 0.3984375 1 64 254
0.6484375 0.8420716524124146 0.53125 26 77 241
0.6442036032676697 0.8515625 0.46875 209 169 150
0.6528679132461548 0.1796875 0.546875 114 121 197
0.65625 0.18208014965057373 0.546875 0 64 254
0.65625 0.203125 0.38926973938941956 255 192 127
0.6506275534629822 0.203125 0.5546875 96 112 206
0.65625 0.203125 0.596599817276001 10 69 249
0.65625 0.2070942223072052 0.3828125 0 64 254
0.6526389122009277 0.2109375 0.453125 1 64 254
0.65625 0.2109375 0.5534465909004211 241 185 134
0.6538239121437073 0.2109375 0.6640625 13 70 248
0.65625 0.21851900219917297 0.4765625 6 67 251
0.6552309989929199 0.21875 0.6015625 3 65 253
0.65625 0.2265625 0.31919270753860474 6 67 251
0.6526557803153992 0.2265625 0.3671875 1 64 254
0.65625 0.21908611059188843 0.6015625 0 64 254
0.65625 0.2267850637435913 0.375 6 67 251
0.65625 0.23288680613040924 0.53125 0 64 254
0.6514073014259338 0.234375 0.6328125 0 64 254
0.65625 0.2421875 0.38218554854393005 1 64 254
0.65625 0.23826716840267181 0.4453125 0 64 254
0.65625 0.2421875 0.6101940870285034 0 64 254
0.65625 0.24275873601436615 0.28125 0 64 254
0.65625 0.24255190789699554 0.609375 0 64 254
0.6487194895744324 0.2578125 0.3203125 0 64 254
0.6527917981147766 0.2578125 0.6484375 0 64 254
0.65625 0.265625 0.23090502619743347 255 192 127
0.65625 0.2648336589336395 0.65625 7 67 251
0.65625 0.2734375 0.2804257273674011 0 64 254
0.65625 0.27512550354003906 0.2265625 78 103 215
0.65625 0.2890625 0.2757827341556549 5 66 252
0.6531802415847778 0.296875 0.6953125 17 72 246
0.6526056528091431 0.3046875 0.6953125 15 71 247
0.65625 0.3119776248931885 0.2421875 2 65 253
0.65625 0.3086395263671875 0.75 0 64 254
0.65625 0.31255674362182617 0.7265625 7 67 251
0.6558062434196472 0.328125 0.75 240 184 134
0.65625 0.3359375 0.7072356939315796 8 68 250
0.6521977186203003 0.34375 0.71875 0 64 254
0.65625 0.34460124373435974 0.7421875 1 64 254
0.65625 0.3671875 0.19718985259532928 0 64 254
0.65625 0.375 0.720064103603363 6 67 251
0.65625 0.38535651564598083 0.2265625 30 79 239
0.65625 0.40625 0.19647936522960663 0 64 255
0.65625 0.4140625 0.22212132811546326 0 64 254
0.65625 0.41980957984924316 0.21875 1 64 254
0.6518862843513489 0.4296875 0.7421875 119 123 195
0.65625 0.4375 0.7437511682510376 68 98 220
0.6514028310775757 0.4453125 0.7421875 113 121 198
0.65625 0.453125 0.2166905701160431 22 75 243
0.65625 0.4609375 0.2219277024269104 27 77 241
0.65625 0.46875 0.2271471470594406 1 64 254
0.65625 0.4765625 0.7752253413200378 255 192 127
0.65625 0.4866948127746582 0.234375 67 97 221
0.65625 0.5 0.233512744307518 0 64 255
0.65625 0.5078125 0.22594322264194489 2 65 253
0.65625 0.515625 0.7256776094436646 193 161 158
0.65625 0.53125 0.21408340334892273 0 64 255
0.65625 0.5390625 0.7074111700057983 0 64 254
0.65625 0.546875 0.7075604200363159 0 64 254
0.65625 0.5546875 0.7845906615257263 0 64 254
0.65625 0.5703125 0.2169177234172821 0 64 254
0.65625 0.5742614269256592 0.21875 0 64 254
0.65625 0.5859375 0.18313643336296082 3 65 253
0.65625 0.59375 0.2294009029865265 0 64 254
0.65625 0.5950012803077698 0.765625 1 64 254
0.65625 0.609375 0.7313023805618286 0 64 255
0.65625 0.6171875 0.7216755747795105 6 67 251
0.65625 0.625 0.7074277400970459 255 192 127
0.65625 0.6302732825279236 0.234375 3 65 253
0.65625 0.640625 0.6890468597412109 10 69 249
0.6492937207221985 0.6484375 0.6875 0 64 254
0.65625 0.6518039107322693 0.21875 0 64 254
0.65625 0.65625 0.7288501858711243 3 65 253
0.65625 0.6640625 0.7348310351371765 0 64 254
0.65625 0.671875 0.7322901487350464 0 64 254
0.65625 0.6782850623130798 0.6796875 0 64 255
0.655777633190155 0.6875 0.2421875 0 64 254
0.65625 0.6842892169952393 0.7109375 0 64 254
0.65625 0.6953125 0.24348226189613342 0 64 254
0.65625 0.6962684988975525 0.2109375 116 122 196
0.6530025601387024 0.7109375 0.2421875 2 65 253
0.650819718837738 0.71875 0.203125 255 192 127
0.654717206954956 0.71875 0.6640625 0 64 254
0.6550396680831909 0.7265625 0.625 64 96 222
0.65625 0.7265625 0.6649238467216492 61 94 224
0.6490392684936523 0.734375 0.6328125 50 89 229
0.65625 0.7387951612472534 0.2578125 0 64 254
0.6537649631500244 0.7421875 0.7109375 255 192 127
0.6529121398925781 0.75 0.6328125 250 189 129
0.650383710861206 0.7578125 0.21875 33 80 238
0.65625 0.7578125 0.2943887412548065 0 64 254
0.65625 0.765625 0.30295246839523315 0 64 254
0.6548624038696289 0.7734375 0.3203125 1 64 254
0.65625 0.7733594179153442 0.6875 0 64 254
0.6513316035270691 0.78125 0.3359375 0 64 255
0.6536487936973572 0.78125 0.6015625 0 64 254
0.65625 0.784017026424408 0.2734375 175 151 167
0.65625 0.7823066711425781 0.5703125 0 64 254
0.65625 0.7917959094047546 0.40625 0 64 254
0.65625 0.7971863150596619 0.3671875 12 70 248
0.65625 0.8046875 0.4909052550792694 0 64 254
0.6494417786598206 0.8125 0.28125 255 192 127
0.65625 0.8125 0.3863581120967865 9 68 250
0.65625 0.809848964214325 0.453125 2 65 253
0.65625 0.8125 0.5150274634361267 0 64 254
0.65625 0.8077465891838074 0.609375 0 64 254
0.6537770628929138 0.8203125 0.296875 141 134 184
0.6513608694076538 0.8203125 0.40625 86 107 211
0.65625 0.8187417387962341 0.5390625 2 65 253
0.65625 0.8271749019622803 0.3671875 39 83 235
0.65625 0.828125 0.5749078989028931 3 65 253
0.65625 0.8351292610168457 0.5390625 46 87 231
0.65625 0.8411080241203308 0.515625 131 129 189
0.65625 0.8448463082313538 0.5234375 40 84 234
0.6640625 0.1953125 0.4651016294956207 69 99 220
0.6640625 0.1934678554534912 0.578125 45 87 232
0.6640625 0.19616863131523132 0.3984375 66 97 221
0.6608840227127075 0.203125 0.5234375 3 66 253
0.6622368097305298 0.203125 0.625 44 86 232
0.6640625 0.20498472452163696 0.4453125 6 67 251
0.6625813841819763 0.2109375 0.546875 16 72 246
0.6563271284103394 0.2109375 0.65625 1 64 254
0.6640625 0.21100644767284393 0.4609375 78 103 215
0.6640625 0.21875 0.5640418529510498 0 64 254
0.6580360531806946 0.21875 0.671875 216 172 146
0.6607862710952759 0.2265625 0.4140625 2 65 253
0.6627269983291626 0.2265625 0.5625 0 64 254
0.6622163653373718 0.234375 0.3046875 164 146 172
0.6640625 0.227647602558136 0.46875 231 180 139
0.6640625 0.2341465950012207 0.5859375 0 64 254
0.6640625 0.2421875 0.2783889174461365 0 64 254
0.6640625 0.2420111894607544 0.4296875 2 65 253
0.6610152125358582 0.2421875 0.5625 1 64 254
0.6640625 0.23635601997375488 0.65625 0 64 254
0.6633592247962952 0.25 0.296875 7 67 251
0.6569011807441711 0.25 0.421875 17 72 246
0.6640625 0.24350102245807648 0.671875 1 64 254
0.6640625 0.2578125 0.3274900019168854 2 65 253
0.6640625 0.2578125 0.4100269377231598 17 72 246
0.6628316044807434 0.265625 0.25 29 78 240
0.6640625 0.2640218734741211 0.6484375 0 64 255
0.6640625 0.265625 0.7145783305168152 7 67 251
0.6640625 0.26640012860298157 0.3125 2 65 253
0.6640625 0.276704877614975 0.25 227 177 141
0.6640625 0.28241389989852905 0.234375 71 100 219
0.6640625 0.296875 0.27490541338920593 16 72 246
0.6634195446968079 0.3046875 0.6796875 13 70 248
0.657477617263794 0.3125 0.25 1 64 254
0.6565283536911011 0.3125 0.734375 66 97 221
0.6584571599960327 0.3203125 0.6875 3 65 253
0.6640625 0.3280133605003357 0.234375 9 68 250
0.6640625 0.3359375 0.19612756371498108 4 66 252
0.6640625 0.34375 0.23810599744319916 45 87 232
0.6640625 0.3515625 0.7226800918579102 5 66 252
0.6640625 0.3671875 0.720995306968689 4 66 252
0.6640625 0.3824980556964874 0.2265625 7 67 251
0.6640625 0.3984375 0.7217685580253601 116 122 196
0.6629083156585693 0.4140625 0.1953125 0 64 254
0.6640625 0.41835325956344604 0.1875 0 64 254
0.6640625 0.4296875 0.18102401494979858 0 64 254
0.6567569971084595 0.4375 0.7421875 255 192 127
0.6640625 0.4453125 0.7797496914863586 0 64 254
0.6640625 0.453125 0.7786141037940979 36 82 236
0.6640625 0.4609375 0.7719666361808777 243 186 133
0.6640625 0.47330573201179504 0.234375 255 192 127
0.6573960781097412 0.484375 0.234375 2 65 253
0.6640625 0.4921875 0.735914945602417 201 165 154
0.6640625 0.5 0.7589573264122009 0 64 254
0.6640625 0.5052453875541687 0.7265625 89 109 210
0.6640625 0.511605978012085 0.75 0 64 254
0.6640625 0.5234375 0.7494649887084961 0 64 254
0.6640625 0.53125 0.7527543902397156 13 70 248
0.6640625 0.5367283821105957 0.765625 1 64 254
0.6580650806427002 0.5546875 0.2265625 1 64 254
0.6599137187004089 0.5625 0.7109375 0 64 255
0.6640625 0.5703125 0.7116585373878479 117 122 196
0.6640625 0.5780163407325745 0.2265625 0 64 254
0.6640625 0.5859375 0.19800181686878204 46 87 231
0.6620298027992249 0.59375 0.203125 236 182 136
0.6597690582275391 0.6015625 0.203125 37 83 236
0.6618553996086121 0.609375 0.2109375 4 66 252
0.6640625 0.6171875 0.21391433477401733 4 66 252
0.6639726161956787 0.625 0.2109375 21 74 244
0.6640625 0.6328125 0.19696228206157684 9 68 250
0.6640625 0.640625 0.18545478582382202 88 108 210
0.6574526429176331 0.6484375 0.21875 0 64 255
0.6606330275535583 0.65625 0.21875 0 64 254
0.6640625 0.6640625 0.22082039713859558 0 64 254
0.6640625 0.671875 0.2282821387052536 234 181 137
0.657197117805481 0.6796875 0.203125 58 93 225
0.657189667224884 0.6796875 0.671875 0 64 254
0.6640625 0.6805930733680725 0.6484375 0 64 254
0.6640625 0.6953125 0.6994405388832092 0 64 254
0.6640625 0.7109375 0.2073701173067093 6 67 251
0.6562804579734802 0.7109375 0.65625 5 66 252
0.6640625 0.7137950658798218 0.625 0 64 255
0.6629641056060791 0.7265625 0.6171875 107 117 201
0.6640625 0.7284287810325623 0.21875 17 72 246
0.6640625 0.734375 0.6599176526069641 3 65 253
0.6568772792816162 0.7421875 0.625 68 98 220
0.6640625 0.7435974478721619 0.2734375 0 64 254
0.6640625 0.75 0.7024332284927368 10 69 249
0.6610407829284668 0.7578125 0.703125 0 64 254
0.6640625 0.765625 0.6984134316444397 0 64 254
0.6640625 0.7704814076423645 0.328125 0 64 254
0.6640625 0.7690669298171997 0.6953125 0 64 254
0.6640625 0.7757064700126648 0.3359375 0 64 255
0.6640625 0.7777454853057861 0.6015625 1 64 254
0.6601448059082031 0.7890625 0.28125 1 64 254
0.6640625 0.7853677868843079 0.4140625 0 64 254
0.6605151891708374 0.796875 0.28125 51 89 229
0.6637558937072754 0.796875 0.4296875 2 65 253
0.6632736325263977 0.796875 0.5859375 0 64 254
0.6640625 0.8046875 0.3185986578464508 2 65 253
0.6640625 0.8046875 0.4840543270111084 39 83 235
0.6639590859413147 0.8046875 0.5625 0 64 254
0.6640625 0.8012083172798157 0.609375 0 64 255
0.6625701189041138 0.8125 0.3046875 0 64 254
0.6640625 0.8089298009872437 0.4375 0 64 254
0.6592440009117126 0.8125 0.4765625 7 67 251
0.6596221327781677 0.8125 0.5390625 10 69 249
0.6640625 0.813958466053009 0.296875 169 148 170
0.6616169214248657 0.8203125 0.4765625 66 97 221
0.6640625 0.8145900964736938 0.6328125 32 80 238
0.6580054759979248 0.828125 0.375 85 106 212
0.6640625 0.8270962238311768 0.453125 20 74 244
0.6620228886604309 0.8359375 0.3671875 21 74 244
0.6640625 0.8359375 0.5137014389038086 17 72 246
0.6590503454208374 0.84375 0.4140625 28 78 240
0.666012167930603 0.1875 0.4765625 16 72 246
0.671875 0.19366194307804108 0.5859375 93 110 208
0.671875 0.203125 0.46198219060897827 6 67 251
0.6662889719009399 0.203125 0.6328125 127 128 191
0.671875 0.20448270440101624 0.4609375 49 88 230
0.6675618290901184 0.2109375 0.625 11 69 249
0.671875 0.21701544523239136 0.484375 1 64 254
0.6692173480987549 0.21875 0.625 2 65 253
0.671875 0.2265625 0.3614523112773895 29 78 240
0.671875 0.22186703979969025 0.5546875 1 64 254
0.671875 0.2265625 0.6443483233451843 1 64 254
0.671875 0.234375 0.4513821303844452 0 64 254
0.671875 0.22777974605560303 0.6484375 174 151 167
0.671875 0.2421875 0.43699654936790466 0 64 254
0.671875 0.2404472827911377 0.59375 0 64 254
0.671875 0.25 0.2887471616268158 0 64 255
0.671875 0.25 0.4325859844684601 18 73 245
0.671875 0.24327777326107025 0.671875 50 89 229
0.6716468334197998 0.2578125 0.3046875 20 74 244
0.6661948561668396 0.2578125 0.3828125 0 64 255
0.671875 0.2578125 0.643841028213501 6 67 251
0.671875 0.26257577538490295 0.3203125 3 65 253
0.671875 0.26280224323272705 0.6484375 11 69 249
0.671875 0.27321210503578186 0.2890625 0 64 254
0.671875 0.2734375 0.7169081568717957 5 66 252
0.671875 0.2853378355503082 0.234375 12 70 248
0.6704235672950745 0.296875 0.2109375 1 64 254
0.671875 0.296875 0.7086693644523621 5 66 252
0.671875 0.3125 0.20031385123729706 0 64 254
0.671875 0.3202173709869385 0.25 4 66 252
0.671875 0.328125 0.19263692200183868 2 65 253
0.671875 0.3359375 0.19535617530345917 205 167 152
0.671875 0.34375 0.23365755379199982 57 93 226
0.671875 0.3515625 0.234364852309227 172 150 168
0.671875 0.3671875 0.23321276903152466 111 119 199
0.671875 0.3828125 0.7204225659370422 23 75 243
0.671875 0.3984375 0.7167421579360962 8 68 250
0.671875 0.4140625 0.19923369586467743 0 64 254
0.671875 0.4217277765274048 0.2265625 19 73 245
0.671875 0.4296875 0.19157257676124573 2 65 253
0.671875 0.4375 0.19061779975891113 0 64 254
0.671875 0.4453125 0.19583305716514587 10 69 249
0.671875 0.453125 0.20384350419044495 2 65 253
0.671875 0.4602402150630951 0.1953125 228 178 140
0.671875 0.4644598960876465 0.1875 6 67 251
0.671875 0.4689285457134247 0.7265625 201 165 154
0.6705762147903442 0.484375 0.765625 19 73 245
0.671875 0.4845307767391205 0.765625 2 65 253
0.6704182028770447 0.5078125 0.1953125 6 67 251
0.671875 0.515625 0.19044315814971924 1 64 254
0.671875 0.515625 0.7466458678245544 0 64 254
0.671875 0.5242393612861633 0.21875 0 64 255
0.671875 0.5313665866851807 0.2265625 0 64 254
0.671875 0.546875 0.18966078758239746 1 64 254
0.671875 0.5441330075263977 0.765625 1 64 254
0.671875 0.5546875 0.7307105660438538 0 64 254
0.6705653071403503 0.5625 0.734375 1 64 254
0.6665101051330566 0.5703125 0.2265625 1 64 254
0.671875 0.5727769732475281 0.1953125 17 72 246
0.671875 0.5803029537200928 0.203125 18 73 245
0.671875 0.5872482657432556 0.2109375 2 65 253
0.671875 0.5942538380622864 0.2265625 16 72 246
0.671875 0.5990907549858093 0.765625 2 65 253
0.664437472820282 0.609375 0.71875 5 66 252
0.671875 0.625 0.22516818344593048 0 64 254
0.671875 0.629473865032196 0.2109375 24 76 242
0.6656247973442078 0.6328125 0.75 7 67 251
0.6666136980056763 0.640625 0.734375 1 64 254
0.671875 0.6484375 0.7239246368408203 0 64 254
0.671875 0.6640625 0.22259332239627838 1 64 254
0.671875 0.671875 0.6496557593345642 47 87 231
0.671875 0.6763556003570557 0.2265625 3 65 253
0.6691851019859314 0.6875 0.640625 3 65 253
0.671875 0.6953125 0.7028573155403137 0 64 254
0.6712662577629089 0.703125 0.6875 6 67 251
0.671875 0.7109375 0.6176784634590149 30 79 239
0.671875 0.71875 0.26359042525291443 0 64 255
0.671875 0.7227644324302673 0.265625 0 64 255
0.671875 0.734375 0.23677696287631989 5 66 252
0.671875 0.734375 0.6481046080589294 0 64 254
0.671875 0.7421875 0.6101743578910828 13 70 248
0.671875 0.7492488622665405 0.2890625 0 64 254
0.671875 0.7578125 0.24392813444137573 25 76 242
0.671875 0.7642213106155396 0.2578125 1 64 254
0.671875 0.765625 0.6127066612243652 1 64 254
0.671875 0.7682868242263794 0.328125 0 64 254
0.671875 0.7807533740997314 0.2890625 42 85 233
0.671875 0.7783913016319275 0.5859375 0 64 254
0.671875 0.7814627885818481 0.34375 2 65 253
0.6697947978973389 0.7890625 0.4296875 0 64 254
0.671875 0.78325355052948 0.671875 39 83 235
0.6701943278312683 0.796875 0.3828125 78 103 215
0.6703316569328308 0.796875 0.5859375 5 66 252
0.6692717671394348 0.8046875 0.2890625 18 73 245
0.671875 0.8046875 0.37361955642700195 14 71 247
0.671875 0.7998195886611938 0.5078125 7 67 251
0.671875 0.8046875 0.6255647540092468 5 66 252
0.671875 0.8125 0.41571351885795593 5 66 252
0.671875 0.8052330613136292 0.53125 0 64 254
0.6642338633537292 0.8203125 0.4140625 1 64 254
0.671875 0.8156214952468872 0.5078125 64 96 222
0.6644220948219299 0.828125 0.34375 35 81 237
0.666754961013794 0.828125 0.4609375 38 83 235
0.6670848727226257 0.828125 0.5625 32 80 238
0.6679364442825317 0.8359375 0.40625 76 102 216
0.671875 0.8350951075553894 0.546875 41 85 234
0.671875 0.8418745994567871 0.53125 0 64 254
0.6796875 0.1982346475124359 0.3828125 37 83 236
0.6796875 0.19630397856235504 0.46875 10 69 249
0.6796875 0.2109375 0.37571609020233154 5 66 252
0.6796875 0.2109375 0.5686985850334167 8 68 250
0.6796875 0.21808752417564392 0.484375 8 68 250
0.6796875 0.2231002151966095 0.3203125 33 80 238
0.6766706109046936 0.2265625 0.4609375 69 98 220
0.6796875 0.2265625 0.6079766750335693 2 65 253
0.6794502139091492 0.234375 0.3125 132 130 188
0.6796875 0.23150217533111572 0.515625 15 71 247
0.6731137037277222 0.234375 0.6640625 5 66 252
0.6796875 0.24006032943725586 0.4453125 0 64 254
0.6796875 0.23570264875888824 0.609375 3 65 253
0.6772793531417847 0.25 0.3359375 6 67 251
0.6796875 0.2448873072862625 0.5703125 0 64 255
0.6796875 0.25 0.6937479972839355 0 64 254
0.6796875 0.2578125 0.3248181939125061 2 65 253
0.6796875 0.2541526257991791 0.6171875 8 68 250
0.6796875 0.265625 0.261394739151001 1 64 254
0.6796875 0.265625 0.38790810108184814 0 64 254
0.6796875 0.265625 0.667389988899231 8 68 250
0.6796875 0.2728423476219177 0.296875 0 64 254
0.6796875 0.266821026802063 0.6875 2 65 253
0.6796875 0.277205228805542 0.359375 3 65 253
0.6796875 0.2890625 0.7125315070152283 33 80 238
0.6789007186889648 0.3046875 0.21875 2 65 253
0.6796875 0.3125 0.2073022723197937 0 64 254
0.6796875 0.3203125 0.1971868872642517 0 64 254
0.6796875 0.328125 0.1957484781742096 0 64 254
0.6796875 0.3359375 0.19623742997646332 1 64 254
0.6796875 0.33878299593925476 0.2421875 1 64 254
0.6796875 0.3515625 0.7193554639816284 1 64 254
0.678997814655304 0.3671875 0.71875 2 65 253
0.6796875 0.375 0.7186951041221619 0 64 254
0.6732296943664551 0.390625 0.2265625 1 64 254
0.6738436818122864 0.3984375 0.75 0 64 254
0.6745644807815552 0.4140625 0.2265625 57 92 226
0.6796875 0.421875 0.23343850672245026 80 104 214
0.6796875 0.4296875 0.23840656876564026 3 65 253
0.6742530465126038 0.4375 0.234375 72 100 218
0.6796875 0.4453125 0.24001386761665344 24 76 242
0.6743100881576538 0.453125 0.765625 3 65 253
0.6796875 0.4572036862373352 0.765625 1 64 254
0.6755990386009216 0.46875 0.234375 234 181 137
0.6780000925064087 0.4765625 0.21875 55 91 227
0.6796875 0.4843524992465973 0.21875 5 66 252
0.6796875 0.487580269575119 0.734375 255 192 127
0.6796875 0.4971562325954437 0.71875 2 65 253
0.6750677227973938 0.5078125 0.7109375 218 173 145
0.6796875 0.5085623860359192 0.703125 5 66 252
0.6796875 0.5234375 0.6987437009811401 0 64 254
0.6755607724189758 0.53125 0.734375 0 64 255
0.6796875 0.5390625 0.7276578545570374 0 64 254
0.6787214279174805 0.546875 0.7421875 3 65 253
0.6796875 0.5546875 0.6972106695175171 7 67 251
0.6796875 0.5625 0.24168294668197632 0 64 254
0.6796875 0.5628443360328674 0.703125 13 70 248
0.6796875 0.5780590176582336 0.7421875 0 64 254
0.6796875 0.5935384035110474 0.2109375 0 64 254
0.6796875 0.6015625 0.6967215538024902 156 142 176
0.6796875 0.609375 0.6899775266647339 255 192 127
0.6796875 0.6171875 0.7611894011497498 2 65 253
0.6796875 0.625 0.7446960210800171 6 67 251
0.6796875 0.6328125 0.734359860420227 0 64 254
0.6796875 0.6484375 0.18531709909439087 9 68 250
0.6729300618171692 0.65625 0.2265625 20 74 244
0.6796875 0.6640625 0.2304833084344864 0 64 254
0.6796875 0.6640625 0.7131648659706116 0 64 254
0.6796875 0.671875 0.7096518278121948 0 64 254
0.6796875 0.6847929954528809 0.2421875 19 73 245
0.6796875 0.6953125 0.25383949279785156 1 64 254
0.6776683926582336 0.703125 0.6796875 3 65 253
0.6796875 0.7109375 0.2244875431060791 134 131 187
0.6730917692184448 0.71875 0.2265625 16 72 246
0.6796875 0.7265625 0.23559516668319702 255 192 127
0.6796875 0.734375 0.6085730791091919 9 68 250
0.6796875 0.7421875 0.2516424357891083 9 68 250
0.6796875 0.7421875 0.6419480443000793 2 65 253
0.6748560667037964 0.75 0.609375 73 100 218
0.6796875 0.7578125 0.2605307698249817 1 64 254
0.6796875 0.7653038501739502 0.265625 28 78 240
0.6748318076133728 0.7734375 0.2734375 3 65 253
0.6796875 0.7779912948608398 0.2734375 15 71 247
0.6796875 0.7806804180145264 0.421875 0 64 254
0.6796875 0.7744583487510681 0.59375 0 64 255
0.6796875 0.7890625 0.34872376918792725 4 66 252
0.6719865798950195 0.7890625 0.5390625 0 64 254
0.674955427646637 0.796875 0.3046875 48 88 230
0.6796875 0.7900211215019226 0.3828125 106 117 201
0.6727150082588196 0.796875 0.578125 0 64 254
0.6796875 0.8046875 0.31589096784591675 21 74 244
0.6796875 0.7994475364685059 0.5078125 0 64 254
0.6796875 0.8046875 0.5859929323196411 3 65 253
0.6796875 0.8125 0.4022373557090759 89 108 210
0.6787710189819336 0.8125 0.5390625 78 103 215
0.6796875 0.8187105059623718 0.328125 28 78 240
0.6796875 0.8203125 0.540758490562439 37 82 236
0.6796875 0.8206903338432312 0.4296875 171 149 169
0.6796875 0.828125 0.5446848273277283 4 66 252
0.6796875 0.8354488015174866 0.4609375 18 73 245
0.6796875 0.8359375 0.5388745069503784 72 100 218
0.6862221956253052 0.203125 0.3828125 255 192 127
0.6875 0.19715836644172668 0.4765625 193 161 158
0.6875 0.2080288529396057 0.40625 0 64 254
0.6813904047012329 0.2109375 0.5703125 255 192 127
0.6875 0.21692968904972076 0.4296875 230 179 139
0.6875 0.21875 0.5730413198471069 184 156 162
0.6841681599617004 0.2265625 0.3515625 0 64 254
0.6875 0.22377756237983704 0.4921875 0 64 254
0.6875 0.2265625 0.6267126202583313 20 74 244
0.6875 0.22990724444389343 0.3125 81 105 214
0.6875 0.234375 0.4222119450569153 44 86 232
0.6841251254081726 0.234375 0.6171875 12 70 248
0.6861459612846375 0.2421875 0.4453125 17 72 246
0.6875 0.23517002165317535 0.6171875 6 67 251
0.6875 0.2451096475124359 0.5390625 0 64 255
0.6875 0.24271470308303833 0.6875 6 67 251
0.6841861009597778 0.2578125 0.34375 2 65 253
0.6827555298805237 0.2578125 0.6171875 0 64 254
0.6872040629386902 0.265625 0.265625 0 64 254
0.6875 0.2654663324356079 0.390625 6 67 251
0.6875 0.2596551179885864 0.65625 0 64 254
0.6875 0.2691003382205963 0.2578125 0 64 255
0.6804152131080627 0.2734375 0.375 0 64 254
0.6875 0.28125 0.24350100755691528 0 64 254
0.684541642665863 0.28125 0.3671875 1 64 254
0.6806000471115112 0.2890625 0.28125 1 64 254
0.6875 0.29018914699554443 0.234375 0 64 254
0.6856303811073303 0.3046875 0.265625 0 64 255
0.6875 0.3125 0.2249104380607605 148 138 180
0.6875 0.3203125 0.21968042850494385 0 64 254
0.6875 0.32248643040657043 0.2109375 255 192 127
0.6875 0.328125 0.738834798336029 0 64 254
0.6814566850662231 0.34375 0.2421875 16 72 246
0.6875 0.351157546043396 0.703125 0 64 254
0.6800370812416077 0.359375 0.71875 3 65 253
0.6875 0.3620293140411377 0.7421875 3 65 253
0.6798075437545776 0.3828125 0.234375 13 70 248
0.6875 0.3880639970302582 0.2421875 31 79 239
0.6875 0.3959507942199707 0.7421875 55 91 227
0.6875 0.4047684371471405 0.7265625 0 64 254
0.686203122138977 0.4140625 0.703125 70 99 219
0.6875 0.41079264879226685 0.75 1 64 254
0.6875 0.4199356734752655 0.765625 1 64 254
0.6875 0.4296875 0.7084388732910156 3 65 253
0.6875 0.4323514997959137 0.7109375 6 67 251
0.6875 0.4351199269294739 0.75 174 151 167
0.6875 0.4453125 0.7161673903465271 61 95 224
0.6844767332077026 0.453125 0.2421875 59 93 225
0.6875 0.4566097557544708 0.2421875 11 69 249
0.6875 0.46875 0.7327636480331421 6 67 251
0.6875 0.4795953035354614 0.21875 211 170 149
0.6875 0.4921875 0.20648053288459778 5 66 252
0.6875 0.4856887757778168 0.7265625 186 157 161
0.6875 0.4944927394390106 0.6953125 4 66 252
0.6875 0.5077425837516785 0.75 146 137 181
0.6875 0.5197566747665405 0.1953125 5 66 252
0.6875 0.53125 0.23405009508132935 0 64 254
0.6875 0.5423356294631958 0.1953125 152 140 178
0.6836611032485962 0.546875 0.6953125 1 64 254
0.6875 0.551472008228302 0.21875 3 65 253
0.6875 0.5561926364898682 0.21875 18 73 245
0.6875 0.5692643523216248 0.2421875 3 65 253
0.6797597408294678 0.578125 0.7421875 2 65 253
0.6875 0.5859375 0.7410612106323242 0 64 254
0.6875 0.5890673398971558 0.7421875 1 65 254
0.6875 0.6015625 0.7486156225204468 4 66 252
0.6875 0.6171875 0.21382823586463928 0 64 254
0.6875 0.6245899796485901 0.21875 1 64 254
0.6875 0.6328125 0.6801256537437439 0 64 254
0.6875 0.6349106431007385 0.6796875 0 64 254
0.6875 0.6484375 0.24202285706996918 0 64 255
0.6875 0.65625 0.23856815695762634 7 67 251
0.6875 0.6627121567726135 0.65625 5 66 252
0.6875 0.671875 0.2392219603061676 24 76 242
0.6875 0.6875 0.19625410437583923 0 64 254
0.6875 0.6953125 0.1965840756893158 90 109 209
0.6875 0.703125 0.2607157826423645 2 65 253
0.6875 0.7093533873558044 0.21875 0 64 254
0.6875 0.71875 0.23434880375862122 18 73 245
0.6875 0.7188190221786499 0.234375 10 69 249
0.6833520531654358 0.734375 0.2734375 0 64 254
0.6875 0.734375 0.6870043873786926 8 68 250
0.6875 0.7421875 0.6872530579566956 227 178 141
0.6840665340423584 0.75 0.640625 1 64 254
0.6852821707725525 0.7578125 0.625 0 64 254
0.6875 0.7641993761062622 0.3046875 158 143 175
0.6808543801307678 0.765625 0.6875 0 64 254
0.6875 0.7711626291275024 0.546875 0 64 254
0.6834093332290649 0.7734375 0.5859375 0 64 254
0.6875 0.78125 0.33553117513656616 52 90 228
0.6852650046348572 0.78125 0.4296875 0 64 254
0.6807425022125244 0.78125 0.5390625 0 64 254
0.6875 0.7890625 0.30005332827568054 0 64 254
0.6875 0.7820062041282654 0.3828125 0 64 254
0.6811559200286865 0.7890625 0.4765625 0 64 254
0.6875 0.7886580228805542 0.5703125 20 74 244
0.6828781366348267 0.796875 0.46875 114 121 197
0.6875 0.7892324924468994 0.5234375 2 65 253
0.6875 0.7957088351249695 0.609375 0 64 254
0.6875 0.8046875 0.4454725384712219 23 75 243
0.6824358105659485 0.8046875 0.6328125 4 66 252
0.680196225643158 0.8125 0.421875 47 87 231
0.6875 0.8125 0.5509595274925232 7 67 251
0.6875 0.8173528909683228 0.3515625 0 64 254
0.6875 0.8203125 0.43143031001091003 95 112 207
0.6871330738067627 0.828125 0.375 244 186 132
0.6875 0.8204061985015869 0.5078125 20 74 244
0.6875 0.8350229263305664 0.46875 100 114 204
0.690974235534668 0.203125 0.390625 89 109 210
0.6915997266769409 0.2109375 0.3828125 12 70 248
0.6953125 0.2059263288974762 0.4765625 12 70 248
0.6953014135360718 0.21875 0.3984375 255 192 127
0.6953125 0.21875 0.5399854779243469 13 70 248
0.6953125 0.22240588068962097 0.3359375 255 192 127
0.6920945048332214 0.2265625 0.4609375 198 163 155
0.6936253309249878 0.2265625 0.5078125 24 76 242
0.6953125 0.2265625 0.633780837059021 6 67 251
0.6953125 0.226706400513649 0.34375 7 67 251
0.6953125 0.234375 0.45512235164642334 18 73 245
0.6953125 0.22877173125743866 0.5625 2 65 253
0.6953125 0.2421875 0.35799315571784973 55 91 227
0.6891143918037415 0.2421875 0.5859375 5 66 252
0.6953125 0.25 0.4465242922306061 34 81 237
0.6953125 0.25 0.5998414158821106 0 64 254
0.6953125 0.2515302002429962 0.4453125 30 79 239
0.6953125 0.2578125 0.6394792199134827 0 64 254
0.68798828125 0.265625 0.328125 0 64 254
0.6953125 0.26319772005081177 0.609375 0 64 255
0.6953125 0.265625 0.6991937160491943 2 65 253
0.6953125 0.2734375 0.3822759687900543 9 68 250
0.6953125 0.28125 0.2507147490978241 0 64 254
0.6953125 0.28055399656295776 0.3359375 2 65 253
0.6953125 0.28125 0.6966718435287476 1 64 254
0.6953125 0.2857249677181244 0.359375 4 66 252
0.6953125 0.296875 0.293997198343277 0 64 254
0.6875923871994019 0.3046875 0.265625 3 65 253
0.6891739964485168 0.3046875 0.71875 0 64 254
0.6951849460601807 0.3125 0.6953125 1 64 254
0.6953125 0.3203125 0.6964271068572998 69 98 220
0.6953125 0.328125 0.6931976079940796 4 66 252
0.6953125 0.334728866815567 0.2578125 14 71 247
0.6953125 0.3390929400920868 0.2109375 9 68 250
0.6953125 0.3515625 0.249582901597023 16 72 246
0.6905320882797241 0.359375 0.703125 0 64 255
0.6953125 0.3671875 0.7395594716072083 1 64 254
0.6901499032974243 0.375 0.7421875 0 64 254
0.6953125 0.3828125 0.7413903474807739 0 64 254
0.6949953436851501 0.3984375 0.203125 0 64 254
0.6906746625900269 0.40625 0.703125 0 64 254
0.6953125 0.4140625 0.7006459832191467 13 71 248
0.6920265555381775 0.421875 0.2109375 19 73 245
0.6938768029212952 0.421875 0.75 0 64 254
0.6953125 0.4296875 0.7049580812454224 1 64 254
0.6953125 0.4375 0.7088250517845154 0 64 255
0.6920246481895447 0.4453125 0.7109375 17 72 246
0.6953125 0.4467265009880066 0.734375 241 185 134
0.6953125 0.4609375 0.7139056324958801 2 65 253
0.6953125 0.46875 0.7703548073768616 1 64 254
0.6953125 0.4765625 0.7685629725456238 1 64 254
0.6888668537139893 0.484375 0.71875 9 68 250
0.6953125 0.4921875 0.6895343661308289 3 65 253
0.6953125 0.4986734390258789 0.6875 14 71 247
0.694438636302948 0.5078125 0.6875 0 64 254
0.6953125 0.515625 0.6878747940063477 0 64 254
0.6953125 0.5226494073867798 0.2421875 4 66 252
0.6947233080863953 0.53125 0.6953125 1 64 254
0.6953125 0.5390625 0.7262978553771973 0 64 254
0.6932597756385803 0.5546875 0.2265625 0 64 254
0.6953125 0.5574899315834045 0.203125 11 69 249
0.6953125 0.5703125 0.24651262164115906 12 70 248
0.6953125 0.5713538527488708 0.734375 0 64 254
0.6953125 0.59375 0.20966166257858276 2 65 253
0.6953125 0.5942881107330322 0.703125 15 71 247
0.6941203474998474 0.609375 0.734375 2 65 253
0.6953125 0.6171875 0.7198089957237244 0 64 254
0.693857729434967 0.625 0.7265625 1 64 254
0.6953125 0.6311847567558289 0.6796875 0 64 255
0.6948360800743103 0.640625 0.7109375 0 64 254
0.6953125 0.6484375 0.6722009181976318 0 64 255
0.6906161904335022 0.65625 0.2421875 0 64 254
0.6953125 0.6564945578575134 0.2109375 186 157 161
0.6947800517082214 0.671875 0.2421875 1 64 254
0.6953125 0.6796875 0.6378442645072937 2 65 253
0.6905293464660645 0.6875 0.703125 4 66 252
0.6953125 0.6953125 0.6864345073699951 2 65 253
0.6953125 0.6969136595726013 0.2578125 0 64 254
0.6953125 0.7109375 0.2620888948440552 2 65 253
0.6953125 0.71875 0.6661995649337769 0 64 254
0.6953125 0.7251348495483398 0.640625 1 64 254
0.6953125 0.734375 0.28292834758758545 0 64 255
0.6953125 0.7421875 0.25153183937072754 3 65 253
0.6953125 0.7421875 0.6803709864616394 14 71 247
0.6953125 0.75 0.6784228086471558 22 75 243
0.6953125 0.7578125 0.6576861143112183 1 64 254
0.6953125 0.7623053193092346 0.5625 3 66 253
0.6953125 0.765625 0.6554988026618958 110 119 199
0.6953125 0.7733291387557983 0.3203125 2 65 253
0.6925384998321533 0.7734375 0.3828125 0 64 254
0.6902331709861755 0.7734375 0.5390625 0 64 254
0.6921591758728027 0.7734375 0.640625 6 67 251
0.6953125 0.78125 0.27494800090789795 41 84 234
0.6882050633430481 0.78125 0.3828125 0 64 254
0.6953125 0.78125 0.4630933701992035 0 64 254
0.6942898035049438 0.78125 0.6328125 4 66 252
0.6953125 0.7822717428207397 0.3984375 0 64 254
0.6920358538627625 0.7890625 0.5078125 1 64 254
0.6953125 0.7890625 0.6224316358566284 0 64 255
0.6895409226417542 0.796875 0.5 5 66 252
0.6913076043128967 0.796875 0.6328125 0 64 254
0.6953125 0.809535026550293 0.3203125 92 110 208
0.6953125 0.8122711181640625 0.359375 86 107 211
0.6953125 0.812312126159668 0.53125 0 64 254
0.6953125 0.8203125 0.3838321268558502 91 109 209
0.6953125 0.8203125 0.46351325511932373 162 145 173
0.6953125 0.8252773284912109 0.3984375 108 118 200
0.6953125 0.828125 0.4714127480983734 0 64 255
0.6904053688049316 0.8359375 0.53125 255 192 127
0.703125 0.20700696110725403 0.5 0 64 254
0.703125 0.21689832210540771 0.4609375 67 98 221
0.703125 0.21482230722904205 0.578125 255 192 127
0.703125 0.2265625 0.37650781869888306 232 180 138
0.703125 0.22114604711532593 0.46875 11 69 249
0.7027247548103333 0.2265625 0.6171875 192 160 158
0.703125 0.234375 0.3149466812610626 179 153 165
0.703125 0.234375 0.4260317087173462 1 64 254
0.703125 0.234375 0.5074450969696045 62 95 223
0.6959549188613892 0.234375 0.6171875 92 110 208
0.703125 0.2421875 0.3091278374195099 2 65 253
0.703125 0.23638713359832764 0.46875 7 67 251
0.703125 0.24144813418388367 0.6796875 0 64 254
0.703125 0.25 0.3573799431324005 4 66 252
0.703125 0.24927088618278503 0.6015625 0 64 254
0.703125 0.2578125 0.36400532722473145 14 71 247
0.6993780136108398 0.2578125 0.5546875 19 73 245
0.703125 0.25424885749816895 0.6875 0 64 254
0.703125 0.26507750153541565 0.4140625 1 64 254
0.703125 0.26148295402526855 0.609375 3 65 253
0.6994029879570007 0.2734375 0.265625 1 64 254
0.6975236535072327 0.2734375 0.65625 6 67 251
0.695963442325592 0.28125 0.3359375 2 65 253
0.703125 0.28125 0.6907660365104675 10 69 249
0.703125 0.28780224919319153 0.328125 7 67 251
0.7026583552360535 0.2890625 0.6953125 6 67 251
0.70196133852005 0.296875 0.6796875 3 65 253
0.703125 0.297474205493927 0.671875 1 64 254
0.7023780941963196 0.3125 0.28125 14 71 247
0.703125 0.3203125 0.23516319692134857 0 64 254
0.703125 0.328125 0.2309149205684662 1 64 254
0.6956382989883423 0.3359375 0.2578125 255 192 127
0.703125 0.33623960614204407 0.2265625 5 66 252
0.703125 0.3515625 0.21656590700149536 255 192 127
0.7016858458518982 0.359375 0.2109375 45 87 232
0.703125 0.3671875 0.22106026113033295 2 65 253
0.703125 0.375 0.6906439661979675 0 64 254
0.703125 0.390625 0.20580582320690155 0 64 255
0.703125 0.3984375 0.2484157383441925 65 96 222
0.703125 0.40625 0.7002212405204773 3 65 253
0.6961635947227478 0.4140625 0.734375 2 65 253
0.7023025751113892 0.421875 0.734375 0 64 254
0.703125 0.42812880873680115 0.7265625 1 64 254
0.703125 0.435504674911499 0.71875 0 64 254
0.703125 0.453125 0.21572613716125488 4 66 252
0.703125 0.44748029112815857 0.7578125 157 143 176
0.7011167407035828 0.46875 0.2421875 8 68 250
0.6990631222724915 0.4765625 0.703125 9 68 250
0.703125 0.484375 0.6904410123825073 9 68 250
0.703125 0.4921875 0.2522691786289215 0 64 254
0.703125 0.5 0.6834513545036316 0 64 254
0.700164258480072 0.515625 0.203125 0 64 254
0.703125 0.5234375 0.2063230574131012 0 64 255
0.703125 0.53125 0.6924342513084412 0 64 255
0.703125 0.5415672659873962 0.21875 3 65 253
0.703125 0.539614200592041 0.7265625 0 64 254
0.703125 0.560356080532074 0.203125 210 169 149
0.703125 0.5625 0.7349634766578674 8 68 250
0.6983920931816101 0.578125 0.2421875 0 64 254
0.703125 0.5859375 0.7020063996315002 1 64 254
0.703125 0.59375 0.6969854235649109 0 64 254
0.697843074798584 0.6015625 0.6953125 1 64 254
0.703125 0.6045798063278198 0.7265625 1 64 254
0.6958978176116943 0.6171875 0.71875 0 64 254
0.6968429088592529 0.6328125 0.2265625 4 66 252
0.703125 0.640625 0.25627151131629944 0 64 254
0.703125 0.6484375 0.7022770047187805 2 65 253
0.703125 0.6640625 0.2174147367477417 183 156 163
0.69828200340271 0.671875 0.203125 0 64 254
0.703125 0.6796875 0.2116333544254303 0 64 254
0.703125 0.6875 0.21472160518169403 74 101 217
0.6972586512565613 0.6953125 0.203125 12 70 248
0.703125 0.6953125 0.6122906804084778 1 64 254
0.703125 0.703125 0.6078058481216431 1 64 254
0.703125 0.7053486704826355 0.671875 3 65 253
0.697874128818512 0.71875 0.6640625 1 64 254
0.703125 0.7265625 0.2911606431007385 0 64 254
0.7020766735076904 0.7265625 0.65625 4 66 252
0.6962006092071533 0.734375 0.6015625 0 64 254
0.703125 0.7359662652015686 0.2421875 6 67 251
0.7026953101158142 0.7421875 0.6640625 21 74 244
0.6998384594917297 0.75 0.6640625 2 65 253
0.6971369385719299 0.7578125 0.671875 4 66 252
0.703125 0.7597245573997498 0.375 0 64 254
0.703125 0.765625 0.47427698969841003 0 64 255
0.703125 0.7593953609466553 0.5546875 2 65 253
0.703125 0.7662701606750488 0.265625 255 192 127
0.703125 0.7697840929031372 0.34375 2 65 253
0.703125 0.7666515111923218 0.5 0 64 254
0.7019950151443481 0.78125 0.28125 27 77 241
0.703125 0.78125 0.45487746596336365 0 64 254
0.703125 0.7877117395401001 0.3046875 40 84 234
0.703125 0.7825673818588257 0.5234375 0 64 254
0.703125 0.7862234115600586 0.6171875 0 64 255
0.703125 0.7918499708175659 0.59375 1 64 254
0.7010660171508789 0.8046875 0.5546875 10 69 249
0.703125 0.8117168545722961 0.375 143 135 183
0.703125 0.8125 0.5008082389831543 255 192 127
0.7015300393104553 0.8203125 0.3984375 70 99 219
0.7000190615653992 0.8203125 0.46875 250 189 129
0.703125 0.8274036049842834 0.4765625 6 67 251
0.7109375 0.20494575798511505 0.5078125 255 192 127
0.7109375 0.2180582731962204 0.40625 13 70 248
0.7109375 0.21126702427864075 0.53125 8 68 250
0.7109375 0.2265625 0.37699317932128906 14 71 247
0.7109375 0.22236570715904236 0.484375 255 192 127
0.7069259285926819 0.234375 0.3203125 1 64 254
0.7109375 0.234375 0.4312070608139038 44 86 232
0.7109375 0.234375 0.6305858492851257 166 147 171
0.709467351436615 0.2421875 0.3203125 62 95 223
0.7091034650802612 0.2421875 0.484375 0 64 254
0.7109375 0.23966436088085175 0.5625 33 80 238
0.7086237072944641 0.25 0.3125 0 64 254
0.7109375 0.24580618739128113 0.4609375 122 125 193
0.7064715027809143 0.25 0.53125 2 65 253
0.7109375 0.25269123911857605 0.28125 0 64 254
0.7109375 0.2551466226577759 0.3984375 8 68 250
0.7088241577148438 0.2578125 0.5390625 230 179 139
0.7109375 0.2535586953163147 0.6640625 39 83 235
0.7040740847587585 0.265625 0.3671875 0 64 254
0.7109375 0.265625 0.5057024359703064 32 80 238
0.7109375 0.26325905323028564 0.578125 1 64 254
0.7085539102554321 0.265625 0.6796875 19 74 245
0.7109375 0.2734375 0.5070946216583252 231 180 139
0.7109375 0.2658650577068329 0.625 3 65 253
0.7092286944389343 0.28125 0.3671875 37 82 236
0.7109375 0.27449408173561096 0.5390625 73 100 218
0.7033883929252625 0.2890625 0.3125 9 68 250
0.7109375 0.2856711149215698 0.53125 2 65 253
0.7109375 0.2934979796409607 0.2734375 0 64 254
0.7109375 0.296875 0.6952170729637146 2 65 253
0.7075523138046265 0.3046875 0.6796875 3 65 253
0.7109375 0.3061404228210449 0.3046875 0 64 254
0.7109375 0.3203125 0.2430335432291031 29 79 240
0.7063604593276978 0.328125 0.234375 16 72 246
0.7109375 0.3359375 0.23666347563266754 20 74 244
0.7107864022254944 0.34375 0.265625 41 84 234
0.7109375 0.3515625 0.2330641895532608 3 65 253
0.7039939761161804 0.3515625 0.734375 0 64 254
0.7039910554885864 0.359375 0.734375 3 65 253
0.7083051800727844 0.375 0.2265625 0 64 255
0.7109375 0.3806372284889221 0.2265625 255 192 127
0.7109375 0.3887200951576233 0.2578125 112 120 198
0.7097859382629395 0.3984375 0.6953125 0 64 255
0.7109375 0.40625 0.6947707533836365 0 64 254
0.7109375 0.4140625 0.724596381187439 1 64 254
0.7109375 0.421875 0.7293826937675476 7 67 251
0.7034141421318054 0.4296875 0.703125 0 64 254
0.7109375 0.4375 0.27362245321273804 15 71 247
0.7109375 0.43811681866645813 0.2734375 34 81 237
0.7109375 0.45300212502479553 0.265625 41 84 234
0.7109375 0.45637738704681396 0.21875 12 70 248
0.7109375 0.46875 0.21890582144260406 2 65 253
0.7109375 0.4765625 0.2572411000728607 0 64 254
0.7109375 0.484375 0.6892515420913696 9 68 250
0.7109375 0.4921875 0.7604508996009827 4 66 252
0.7045286893844604 0.5078125 0.2578125 51 89 229
0.7109375 0.5028544664382935 0.75 0 64 255
0.7109375 0.5234375 0.2195405811071396 0 64 254
0.706326425075531 0.53125 0.25 24 76 242
0.7079194188117981 0.5390625 0.2265625 3 65 253
0.7109375 0.5390625 0.7254210710525513 0 64 254
0.7109375 0.5546875 0.23045550286769867 4 66 252
0.7109375 0.5589935183525085 0.2109375 0 64 254
0.7109375 0.5664003491401672 0.203125 0 64 254
0.7109375 0.578125 0.2496718019247055 0 64 254
0.7101578712463379 0.5859375 0.6953125 0 64 254
0.7048017978668213 0.59375 0.6953125 1 64 254
0.7109375 0.6015625 0.6847276091575623 0 64 254
0.7037762999534607 0.609375 0.6875 0 64 255
0.7109375 0.6171875 0.7164602279663086 4 66 252
0.7109375 0.6328125 0.2221442013978958 5 66 252
0.7099828720092773 0.640625 0.65625 0 64 254
0.7058541178703308 0.6484375 0.2578125 0 64 254
0.7109375 0.65625 0.25744757056236267 27 78 241
0.7109375 0.6640625 0.6432288289070129 0 64 255
0.7109375 0.6662763953208923 0.2734375 2 65 253
0.7064638137817383 0.6796875 0.2578125 57 92 226
0.7109375 0.6796875 0.6787368059158325 0 64 254
0.7109375 0.6855592131614685 0.6328125 0 64 255
0.7109375 0.6953125 0.611996054649353 0 64 255
0.7109375 0.703125 0.6733719706535339 85 106 212
0.7054331302642822 0.71875 0.2734375 1 64 254
0.7109375 0.7170674204826355 0.625 0 64 254
0.7109375 0.7265625 0.3027423620223999 1 64 254
0.7109375 0.731971263885498 0.2421875 3 66 253
0.7109375 0.7421875 0.259319931268692 1 64 254
0.7081368565559387 0.75 0.3046875 0 64 254
0.7109375 0.7549420595169067 0.359375 13 70 248
0.7060250043869019 0.7578125 0.3984375 0 64 254
0.7060368061065674 0.7578125 0.5546875 2 65 253
0.7109375 0.760798990726471 0.3125 30 79 239
0.7109375 0.7599436044692993 0.3515625 1 64 254
0.7109375 0.7582539916038513 0.4921875 0 64 254
0.7109375 0.7607905864715576 0.578125 3 65 253
0.7109375 0.7677923440933228 0.421875 6 67 251
0.7109375 0.7691237330436707 0.5234375 0 64 254
0.7109375 0.7753816843032837 0.4375 0 64 254
0.7109375 0.78125 0.5540556907653809 0 64 254
0.7109375 0.7890625 0.5534510016441345 0 64 255
0.70636385679245 0.7890625 0.609375 0 64 254
0.7094149589538574 0.8046875 0.359375 10 69 249
0.7109375 0.804011881351471 0.390625 202 165 153
0.7109375 0.8035777807235718 0.546875 0 64 254
0.7109375 0.8061596155166626 0.40625 0 64 255
0.7109375 0.8125 0.533135712146759 2 65 253
0.7109375 0.8203125 0.49512428045272827 2 65 253
0.71875 0.2109375 0.5024116039276123 9 69 250
0.71875 0.21312215924263 0.390625 52 90 228
0.717690646648407 0.21875 0.6015625 255 192 127
0.71875 0.22213855385780334 0.4609375 27 77 241
0.715745210647583 0.2265625 0.578125 23 75 243
0.7144762873649597 0.234375 0.375 255 192 127
0.71875 0.234375 0.507068932056427 10 69 249
0.71875 0.2421875 0.37581124901771545 172 150 168
0.7181009650230408 0.2421875 0.5703125 11 69 249
0.71875 0.24849042296409607 0.2890625 52 90 228
0.71875 0.24647793173789978 0.46875 62 95 223
0.71875 0.2428566962480545 0.640625 78 103 215
0.7158925533294678 0.2578125 0.328125 29 78 240
0.71875 0.25667911767959595 0.390625 113 121 198
0.712407648563385 0.2578125 0.5 13 70 248
0.71875 0.265625 0.3264157474040985 75 102 217
0.71875 0.2654874622821808 0.4140625 236 182 136
0.71875 0.265625 0.5909297466278076 255 192 127
0.71875 0.2734375 0.28287965059280396 11 69 249
0.71875 0.2707689106464386 0.4296875 0 64 254
0.71875 0.2706376612186432 0.578125 1 64 254
0.71875 0.2737826406955719 0.3359375 4 66 252
0.71875 0.27796483039855957 0.5546875 11 69 249
0.7136296629905701 0.2890625 0.34375 0 64 254
0.7176327705383301 0.2890625 0.6484375 7 67 251
0.71875 0.29466941952705383 0.328125 0 64 254
0.71875 0.29244187474250793 0.6953125 193 160 158
0.71875 0.3046875 0.3131963312625885 0 64 254
0.71875 0.3125 0.30002203583717346 1 64 254
0.71875 0.31862032413482666 0.2890625 102 115 203
0.71875 0.3210616707801819 0.28125 30 79 239
0.71875 0.3359375 0.27309346199035645 1 64 254
0.71875 0.34375 0.6655288934707642 3 65 253
0.7174971699714661 0.3515625 0.7109375 1 64 254
0.71875 0.359375 0.7126019597053528 0 64 254
0.7173333168029785 0.3671875 0.71875 8 68 250
0.71875 0.375 0.7165831923484802 1 64 254
0.71875 0.3828125 0.7160576581954956 1 64 254
0.7177293300628662 0.390625 0.71875 23 75 243
0.71875 0.3984375 0.7165807485580444 5 66 252
0.7178481817245483 0.4140625 0.2265625 255 192 127
0.7151616811752319 0.421875 0.6953125 0 64 254
0.71875 0.4221644699573517 0.2734375 3 65 253
0.7175074815750122 0.4375 0.28125 9 68 250
0.71875 0.4453125 0.2814615070819855 24 76 242
0.71875 0.453125 0.695802628993988 1 64 254
0.7128167748451233 0.4609375 0.265625 86 107 211
0.7153091430664062 0.46875 0.265625 1 64 254
0.71875 0.4765625 0.6951757073402405 3 65 253
0.71875 0.484375 0.7585657238960266 1 64 254
0.71875 0.48542433977127075 0.7578125 1 64 254
0.71875 0.49549809098243713 0.734375 0 64 254
0.71875 0.5078125 0.26539915800094604 0 64 254
0.7137730717658997 0.515625 0.6953125 0 64 254
0.71875 0.5234375 0.7341854572296143 0 64 254
0.71875 0.53125 0.7326472997665405 0 64 254
0.7134200930595398 0.546875 0.234375 0 64 255
0.71875 0.5546875 0.2598598897457123 10 69 249
0.71875 0.5558109879493713 0.234375 77 102 216
0.71875 0.5703125 0.20620207488536835 0 64 255
0.711497962474823 0.578125 0.25 0 64 254
0.71875 0.5859375 0.26206526160240173 0 64 254
0.71875 0.59375 0.6824288964271545 0 64 255
0.71875 0.6015625 0.6797598600387573 0 64 255
0.71875 0.6017825603485107 0.6796875 0 64 254
0.718732476234436 0.6171875 0.7109375 1 64 254
0.71875 0.625 0.7040967345237732 11 70 249
0.7144383192062378 0.6328125 0.6640625 0 64 254
0.7141081094741821 0.640625 0.6484375 0 64 254
0.7135885953903198 0.65625 0.2265625 0 64 254
0.7168219685554504 0.6640625 0.2265625 18 73 245
0.7128584384918213 0.6640625 0.640625 0 64 254
0.71875 0.6712470054626465 0.6796875 199 164 155
0.71875 0.6796875 0.6715112328529358 62 95 223
0.71875 0.6948878765106201 0.234375 25 76 242
0.71875 0.7018508315086365 0.2421875 2 65 253
0.71875 0.703125 0.6717104911804199 70 99 219
0.71875 0.71875 0.24262626469135284 8 68 250
0.71875 0.7181384563446045 0.6640625 51 89 229
0.71875 0.7262822389602661 0.625 0 64 255
0.71875 0.734375 0.3102830946445465 0 64 254
0.7183472514152527 0.7421875 0.2734375 5 66 252
0.7170036435127258 0.7421875 0.5859375 0 64 254
0.71875 0.75 0.3482324779033661 58 93 225
0.71875 0.74435955286026 0.390625 0 64 255
0.71875 0.75 0.4218803942203522 0 64 254
0.71875 0.75 0.5756069421768188 2 65 253
0.71875 0.7578125 0.32806190848350525 34 81 237
0.71875 0.7578125 0.44305694103240967 0 64 254
0.71875 0.7578125 0.5030474662780762 0 64 254
0.7123424410820007 0.7578125 0.5859375 0 64 254
0.7117488384246826 0.765625 0.4296875 0 64 254
0.7111598253250122 0.765625 0.5078125 0 64 254
0.711256206035614 0.7734375 0.4375 0 64 254
0.71875 0.7796655297279358 0.359375 10 69 249
0.71875 0.7780716419219971 0.5625 0 64 254
0.7173437476158142 0.7890625 0.359375 51 89 229
0.71875 0.7890625 0.4897751212120056 67 98 221
0.71875 0.796875 0.3317740559577942 18 73 245
0.71875 0.796875 0.47865524888038635 1 64 254
0.71875 0.8029240965843201 0.3984375 29 79 240
0.71875 0.8046875 0.47564831376075745 156 142 176
0.7183507680892944 0.8125 0.484375 237 183 136
0.71875 0.8075351715087891 0.5390625 0 64 254
0.7155910730361938 0.8203125 0.4921875 255 192 127
0.7265625 0.2133403718471527 0.390625 0 64 254
0.7265625 0.219498410820961 0.40625 0 64 255
0.7265625 0.2265625 0.4788709878921509 97 112 206
0.7265625 0.2217067927122116 0.6171875 76 102 216
0.7265625 0.234375 0.48887914419174194 255 192 127
0.7265625 0.234375 0.5908663868904114 255 192 127
0.7265625 0.2399989366531372 0.5 0 64 255
0.7265625 0.23852038383483887 0.5859375 25 76 242
0.7206135988235474 0.25 0.3515625 1 64 254
0.7247462868690491 0.25 0.4765625 0 64 255
0.7265625 0.247219979763031 0.5546875 109 118 200
0.7265625 0.25 0.6506620645523071 7 67 251
0.7265625 0.2545037269592285 0.390625 0 64 254
0.7265625 0.2578125 0.48494672775268555 1 64 254
0.7265625 0.2591291069984436 0.3125 3 65 253
0.7265625 0.265625 0.4517785906791687 0 64 254
0.7265625 0.2618139684200287 0.6640625 33 80 238
0.7265625 0.2734375 0.36514192819595337 109 119 200
0.7209628224372864 0.2734375 0.5859375 0 64 254
0.7265625 0.28125 0.28961482644081116 3 65 253
0.7265625 0.27956274151802063 0.578125 47 88 231
0.7265625 0.2858230471611023 0.3515625 1 64 254
0.7265625 0.2837827503681183 0.6796875 16 72 246
0.7205385565757751 0.296875 0.5234375 0 64 254
0.7263202667236328 0.3046875 0.28125 0 64 254
0.7265625 0.297453373670578 0.65625 2 65 253
0.7265625 0.3112604022026062 0.3046875 32 80 238
0.7265625 0.31839194893836975 0.2890625 2 65 253
0.7265625 0.325053334236145 0.28125 46 87 231
0.7265625 0.34073853492736816 0.2734375 0 64 254
0.7265625 0.3515625 0.6617504954338074 2 65 253
0.7265625 0.3605347275733948 0.2734375 255 192 127
0.7265625 0.375 0.28024065494537354 0 64 254
0.7265625 0.3828125 0.27417469024658203 0 64 254
0.7265625 0.38339337706565857 0.2734375 1 64 254
0.7265625 0.3984375 0.6884918808937073 2 65 253
0.7265625 0.4013020694255829 0.6875 1 64 254
0.72235107421875 0.4140625 0.7109375 3 65 253
0.7265625 0.4154978096485138 0.7109375 2 65 253
0.7265625 0.42447778582572937 0.28125 255 192 127
0.7265625 0.4375 0.2885526120662689 198 163 155
0.7265625 0.4453125 0.6927977204322815 1 64 254
0.7265625 0.453125 0.7239423990249634 1 64 254
0.7245616912841797 0.4609375 0.7265625 4 66 252
0.7227842211723328 0.46875 0.28125 0 64 254
0.7199531197547913 0.4765625 0.2265625 29 78 240
0.7249047160148621 0.4765625 0.7421875 0 64 255
0.7265625 0.484375 0.281430184841156 0 64 255
0.725892961025238 0.4921875 0.2421875 241 185 134
0.7203744649887085 0.4921875 0.75 0 64 254
0.7265625 0.5 0.7361085414886475 0 64 254
0.7265625 0.5078125 0.6963425874710083 64 96 222
0.7265625 0.5234375 0.2364453375339508 6 67 251
0.7265625 0.5234375 0.7351399660110474 0 64 254
0.7265625 0.5390625 0.241902157664299 44 86 232
0.7265625 0.546875 0.2618848979473114 3 65 253
0.7265625 0.5546875 0.711434006690979 0 64 255
0.7265625 0.5625 0.6687332391738892 2 65 253
0.7265625 0.5650736689567566 0.671875 18 73 245
0.7265625 0.571483850479126 0.265625 3 65 253
0.7265625 0.578125 0.2989327609539032 1 64 254
0.7265094518661499 0.5859375 0.2265625 44 86 232
0.7265625 0.5859375 0.6783367395401001 0 64 255
0.7265625 0.5878363847732544 0.234375 4 66 252
0.7209256887435913 0.59375 0.6796875 0 64 254
0.7192028164863586 0.6015625 0.28125 3 65 253
0.7251598238945007 0.609375 0.2265625 55 91 227
0.7265625 0.609375 0.7019057869911194 5 66 252
0.7242257595062256 0.6171875 0.65625 0 64 254
0.7265625 0.6216323971748352 0.2421875 255 192 127
0.7196575999259949 0.625 0.703125 2 65 253
0.7265625 0.640625 0.2365482598543167 23 75 243
0.7265625 0.6484375 0.2716251015663147 0 64 254
0.7265625 0.6508883237838745 0.2734375 2 65 253
0.7265625 0.6604853868484497 0.2890625 0 64 254
0.7265625 0.671875 0.2261481136083603 20 74 244
0.7265625 0.6652911901473999 0.671875 91 109 209
0.7228245139122009 0.6875 0.2890625 3 65 253
0.7265625 0.6953125 0.23618793487548828 20 74 244
0.7234569787979126 0.6953125 0.6171875 4 66 252
0.7245379090309143 0.703125 0.2890625 0 64 254
0.719677746295929 0.7109375 0.28125 0 64 254
0.7265625 0.7109375 0.5478129386901855 87 107 211
0.7265625 0.71875 0.5255842208862305 0 64 254
0.7265625 0.71875 0.6632485389709473 0 64 254
0.7264089584350586 0.7265625 0.5546875 38 83 235
0.7265552878379822 0.734375 0.515625 0 64 254
0.7265625 0.734375 0.5668801665306091 0 64 254
0.7265625 0.7363187670707703 0.25 13 70 248
0.7262773513793945 0.7421875 0.3203125 29 78 240
0.7222859859466553 0.7421875 0.359375 0 64 254
0.7220868468284607 0.7421875 0.3984375 0 64 254
0.7213028073310852 0.7421875 0.5234375 0 64 254
0.7265625 0.7464444637298584 0.28125 107 118 201
0.7265625 0.748869776725769 0.4453125 0 64 254
0.7265625 0.75 0.4950900673866272 0 64 254
0.7265625 0.7578125 0.28127434849739075 158 143 175
0.7265625 0.7508907318115234 0.5 0 64 255
0.7265625 0.7734375 0.2931123673915863 11 69 249
0.7265625 0.7659382820129395 0.484375 0 64 254
0.7265625 0.7724289298057556 0.609375 2 65 253
0.7217663526535034 0.78125 0.3828125 255 192 127
0.7265625 0.7744116187095642 0.5703125 0 64 254
0.7265625 0.7878097891807556 0.3359375 42 85 233
0.7265625 0.7890625 0.550022304058075 1 64 254
0.7265625 0.7901099324226379 0.4765625 221 175 144
0.7218994498252869 0.8046875 0.4375 116 122 196
0.7265625 0.8031972646713257 0.5078125 21 74 244
0.7214551568031311 0.8125 0.4453125 103 116 203
0.7273498177528381 0.2109375 0.5234375 205 167 152
0.734375 0.2188027948141098 0.3984375 0 64 254
0.7291910648345947 0.2265625 0.5234375 250 189 129
0.734375 0.234375 0.4876320958137512 40 84 234
0.734375 0.2387312650680542 0.375 253 191 128
0.734375 0.23789608478546143 0.59375 0 64 254
0.7339985966682434 0.25 0.421875 41 85 234
0.734375 0.25 0.5063419342041016 0 64 255
0.734375 0.24576415121555328 0.640625 2 65 253
0.728698194026947 0.2578125 0.40625 1 64 254
0.734375 0.2517700493335724 0.5078125 148 138 180
0.734375 0.2573598325252533 0.65625 17 72 246
0.734375 0.2633744180202484 0.3828125 0 64 254
0.7330335974693298 0.265625 0.515625 23 75 243
0.734375 0.2734375 0.302721232175827 12 70 248
0.734375 0.2734375 0.428244948387146 0 64 254
0.7330253720283508 0.2734375 0.53125 255 192 127
0.734375 0.2734375 0.6708282828330994 255 192 127
0.734375 0.27900826930999756 0.515625 51 89 229
0.7273975610733032 0.28125 0.59375 255 192 127
0.734375 0.28125 0.6754895448684692 255 192 127
0.734375 0.2832721471786499 0.53125 1 64 254
0.734375 0.2890625 0.6022704839706421 11 69 249
0.734375 0.296875 0.35095927119255066 0 64 254
0.734375 0.296875 0.6545789241790771 0 64 255
0.734375 0.30250415205955505 0.515625 0 64 254
0.734375 0.3046875 0.6977226734161377 117 123 196
0.734375 0.31132230162620544 0.3203125 1 64 254
0.734375 0.3203125 0.24459053575992584 2 65 253
0.7311137914657593 0.328125 0.28125 28 78 240
0.734375 0.3359375 0.6623444557189941 84 106 212
0.734375 0.3515625 0.23939171433448792 255 192 127
0.7269732356071472 0.359375 0.2734375 255 192 127
0.734375 0.3612689673900604 0.2890625 4 66 252
0.7314040660858154 0.375 0.6640625 0 64 255
0.734375 0.3828125 0.6666932106018066 0 64 254
0.7320098280906677 0.390625 0.6796875 0 64 254
0.727387547492981 0.3984375 0.6875 0 64 254
0.734375 0.40409401059150696 0.703125 4 66 252
0.734375 0.421875 0.2442956417798996 20 74 244
0.734375 0.4264412522315979 0.25 87 108 211
0.7311621904373169 0.4375 0.265625 1 64 254
0.734375 0.4453125 0.2616705596446991 255 192 127
0.734375 0.4489084482192993 0.2578125 79 104 215
0.734375 0.4609375 0.2520448863506317 54 91 227
0.734375 0.46875 0.25039610266685486 45 86 232
0.734375 0.4765625 0.2501423954963684 5 66 252
0.7294647693634033 0.484375 0.2890625 0 64 254
0.7270016670227051 0.4921875 0.6953125 0 64 254
0.734375 0.5 0.7415962219238281 1 64 254
0.734375 0.515625 0.27708908915519714 167 147 171
0.7268346548080444 0.515625 0.6953125 2 65 253
0.734375 0.53125 0.26535823941230774 3 65 253
0.7337805032730103 0.5390625 0.6640625 0 64 254
0.7277871370315552 0.546875 0.6640625 0 64 254
0.734375 0.551915168762207 0.7109375 64 96 222
0.732062816619873 0.5625 0.7109375 1 64 254
0.734375 0.565421998500824 0.2890625 255 192 127
0.7266237139701843 0.5703125 0.71875 0 64 254
0.7304768562316895 0.578125 0.703125 0 64 254
0.7317209839820862 0.5859375 0.3125 44 86 232
0.7268868088722229 0.59375 0.296875 9 68 250
0.7278468608856201 0.6015625 0.25 2 65 253
0.734375 0.5946924686431885 0.6640625 1 64 254
0.7300838828086853 0.609375 0.65625 2 65 253
0.734375 0.6171875 0.2750556468963623 0 64 254
0.729884684085846 0.625 0.2734375 0 64 254
0.7326858639717102 0.6328125 0.6328125 0 64 255
0.729363203048706 0.640625 0.6328125 0 64 255
0.7329518795013428 0.6484375 0.2890625 3 65 253
0.734375 0.65625 0.24419887363910675 0 64 254
0.7327331304550171 0.65625 0.6796875 0 64 254
0.7278293967247009 0.6640625 0.6640625 0 64 255
0.734375 0.671875 0.6608915328979492 3 65 253
0.734375 0.6762443780899048 0.6015625 0 64 254
0.734375 0.6875 0.23778092861175537 1 64 254
0.734375 0.6875 0.6294240951538086 0 64 255
0.734375 0.6952018141746521 0.578125 0 64 254
0.734375 0.703125 0.2526225447654724 1 64 254
0.7332296967506409 0.703125 0.546875 0 64 254
0.7323880791664124 0.7109375 0.3125 0 64 254
0.734375 0.7109375 0.6646063923835754 0 64 255
0.734375 0.711020290851593 0.5703125 0 64 254
0.734375 0.7265625 0.33593282103538513 0 64 254
0.734375 0.734375 0.255241334438324 19 73 245
0.734375 0.7265633344650269 0.3359375 0 64 254
0.734375 0.729137122631073 0.375 0 64 255
0.734375 0.7277269959449768 0.4140625 0 64 255
0.734375 0.734375 0.4723525643348694 0 64 254
0.734375 0.7294492721557617 0.59375 0 64 255
0.734375 0.734375 0.6377248167991638 34 81 237
0.7310799956321716 0.7421875 0.453125 0 64 254
0.7314579486846924 0.7421875 0.5078125 0 64 254
0.7278717756271362 0.7421875 0.609375 32 80 238
0.727666437625885 0.75 0.484375 0 64 254
0.7307486534118652 0.75 0.609375 46 87 231
0.7328560948371887 0.765625 0.4765625 4 66 252
0.734375 0.765625 0.5394611358642578 0 64 254
0.734375 0.7707502841949463 0.296875 20 74 244
0.7310808897018433 0.7734375 0.390625 6 67 251
0.734375 0.7711130976676941 0.546875 0 64 254
0.7316530346870422 0.78125 0.328125 12 70 248
0.734375 0.78125 0.535763680934906 1 64 254
0.734375 0.7861492037773132 0.34375 38 83 235
0.7323275208473206 0.796875 0.3984375 65 96 222
0.734375 0.796875 0.45822760462760925 218 173 145
0.734375 0.7964556217193604 0.5234375 30 79 239
0.734375 0.7969099283218384 0.4296875 0 64 254
0.7415555119514465 0.2265625 0.3984375 170 149 169
0.7421875 0.2273334413766861 0.390625 0 64 254
0.735880434513092 0.234375 0.6171875 52 90 228
0.7421875 0.2421875 0.49198997020721436 255 192 127
0.7421875 0.24661172926425934 0.3671875 3 65 253
0.7421875 0.25 0.5019943714141846 34 81 237
0.7421875 0.2467886507511139 0.609375 1 64 254
0.7351889610290527 0.2578125 0.3984375 9 68 250
0.7421875 0.2578125 0.539801299571991 0 64 254
0.7421875 0.2578125 0.6509459018707275 4 66 252
0.7421875 0.265625 0.39224550127983093 22 75 243
0.7421875 0.265625 0.6545612215995789 65 97 222
0.7421875 0.26949185132980347 0.3828125 1 64 254
0.7421875 0.2734375 0.4868013560771942 255 192 127
0.7421875 0.2762719690799713 0.40625 8 68 250
0.7421875 0.28125 0.49285221099853516 3 65 253
0.7421875 0.28125 0.6286672949790955 44 86 232
0.7373971343040466 0.2890625 0.4296875 0 64 254
0.7421875 0.2890625 0.5453985929489136 8 68 250
0.7421875 0.2890625 0.6378989815711975 1 64 254
0.7421875 0.296875 0.40928977727890015 17 72 246
0.7421875 0.29540205001831055 0.5390625 11 69 249
0.7375493049621582 0.296875 0.6015625 3 65 253
0.7421875 0.3043557405471802 0.2734375 1 64 254
0.7421875 0.30190831422805786 0.5859375 1 64 254
0.7401923537254333 0.3125 0.296875 15 71 247
0.7421875 0.312065988779068 0.53125 0 64 254
0.7421875 0.3136521875858307 0.265625 0 64 254
0.7388461232185364 0.3203125 0.6640625 6 67 251
0.7421875 0.328125 0.6907238960266113 5 66 252
0.7380245923995972 0.34375 0.28125 16 72 246
0.7419381737709045 0.3515625 0.6953125 0 64 254
0.7421875 0.359375 0.6978133916854858 0 64 254
0.7421875 0.375 0.3022734522819519 59 94 225
0.7385962605476379 0.3828125 0.2421875 1 64 254
0.7401130199432373 0.3828125 0.3359375 0 64 254
0.7421875 0.38818955421447754 0.296875 1 64 254
0.736562967300415 0.390625 0.6640625 3 65 253
0.7421875 0.39631858468055725 0.3203125 1 64 254
0.7421875 0.40625 0.24359466135501862 64 96 222
0.7389149069786072 0.4140625 0.2421875 5 66 252
0.7421875 0.421875 0.2459520697593689 9 68 250
0.7364019751548767 0.4296875 0.2578125 255 192 127
0.7421875 0.4343796968460083 0.2578125 0 64 255
0.7379259467124939 0.4453125 0.265625 21 74 244
0.7370998859405518 0.453125 0.2578125 255 192 127
0.7421875 0.453125 0.710663378238678 0 64 254
0.7397444844245911 0.46875 0.2578125 0 64 254
0.7409712076187134 0.4765625 0.2578125 0 64 254
0.7421875 0.4833720326423645 0.2578125 6 67 251
0.7421875 0.48779308795928955 0.7421875 27 77 241
0.7421875 0.4952145516872406 0.6796875 0 64 254
0.7421875 0.5045226812362671 0.25 0 64 255
0.7421875 0.5078125 0.741814374923706 9 68 250
0.7409407496452332 0.5234375 0.2421875 0 64 254
0.7421875 0.53125 0.24491548538208008 4 66 252
0.7421875 0.5390625 0.2501974403858185 10 69 249
0.7421875 0.5420967936515808 0.28125 25 76 242
0.7391634583473206 0.5546875 0.2734375 1 64 254
0.7421875 0.5548374652862549 0.2578125 3 65 253
0.7421875 0.5651737451553345 0.2890625 18 73 245
0.7412659525871277 0.578125 0.2421875 0 64 254
0.7421875 0.5859375 0.24673156440258026 1 64 254
0.7421875 0.59375 0.25581416487693787 2 65 253
0.7421875 0.6015625 0.2685215175151825 1 64 254
0.7421875 0.6075877547264099 0.2578125 21 74 244
0.7421875 0.6077842116355896 0.6875 0 64 254
0.7391464114189148 0.6171875 0.6875 0 64 254
0.7421875 0.6189837455749512 0.6328125 1 64 254
0.7421875 0.6328125 0.6180387735366821 0 64 255
0.7360584735870361 0.640625 0.625 0 64 254
0.7409855723381042 0.640625 0.6796875 255 192 127
0.7421875 0.6484375 0.6492196321487427 0 64 254
0.7421875 0.65625 0.621477484703064 0 64 254
0.7399817109107971 0.671875 0.25 2 65 253
0.7421875 0.6697015166282654 0.6015625 0 64 254
0.7394946217536926 0.6796875 0.25 2 65 253
0.7417452335357666 0.6796875 0.6171875 0 64 255
0.73798668384552 0.6875 0.296875 2 65 253
0.7351230978965759 0.6953125 0.25 193 161 158
0.7421875 0.6953125 0.6549481749534607 32 80 238
0.7421875 0.7021918892860413 0.5546875 0 64 255
0.7421875 0.7109375 0.2539469301700592 0 64 255
0.7421875 0.7059353590011597 0.46875 0 64 254
0.7344045042991638 0.7109375 0.5703125 0 64 254
0.7401034832000732 0.71875 0.3359375 0 64 254
0.7401449084281921 0.71875 0.484375 19 73 245
0.7421875 0.7190006375312805 0.34375 0 64 254
0.7421875 0.7265625 0.382589191198349 0 64 254
0.7421875 0.7265625 0.4619984030723572 0 64 254
0.7421875 0.7221710681915283 0.5390625 0 64 254
0.7414803504943848 0.7265625 0.6484375 1 64 254
0.7421875 0.7316101789474487 0.2890625 26 77 241
0.7421875 0.7270151972770691 0.4609375 0 64 254
0.7359045147895813 0.734375 0.5859375 0 64 254
0.7421875 0.7360749244689941 0.4453125 0 64 255
0.738829493522644 0.7421875 0.578125 38 83 235
0.7416718006134033 0.75 0.328125 137 133 186
0.7388312220573425 0.75 0.5390625 162 145 173
0.7421875 0.7575819492340088 0.3203125 31 79 239
0.7421875 0.7578125 0.404979944229126 37 83 236
0.7398416996002197 0.7578125 0.578125 0 64 254
0.7411472797393799 0.765625 0.3203125 253 191 128
0.7421875 0.7627480030059814 0.4140625 1 64 254
0.7391932010650635 0.765625 0.546875 0 64 254
0.7391462326049805 0.7734375 0.328125 1 64 254
0.7418118119239807 0.7734375 0.4140625 16 72 246
0.7421875 0.7734375 0.4669206738471985 30 79 239
0.7384426593780518 0.78125 0.3359375 179 154 165
0.741753101348877 0.78125 0.4296875 122 125 193
0.7401549816131592 0.78125 0.5 219 174 145
0.7412209510803223 0.7890625 0.421875 56 92 226
0.7403503060340881 0.7890625 0.515625 21 74 244
0.75 0.2265625 0.4465533196926117 25 76 242
0.75 0.23067814111709595 0.4765625 0 64 254
0.75 0.25 0.34596166014671326 18 73 245
0.75 0.24897804856300354 0.40625 255 192 127
0.75 0.25 0.5449596047401428 12 70 248
0.75 0.2511134743690491 0.3671875 101 114 204
0.75 0.2578125 0.4780603051185608 53 91 228
0.7493953704833984 0.2578125 0.59375 12 70 248
0.7446510195732117 0.265625 0.3203125 8 68 250
0.75 0.265625 0.5108250975608826 25 76 242
0.75 0.2734375 0.31742069125175476 44 86 232
0.75 0.2734375 0.39154407382011414 28 78 240
0.75 0.2734375 0.6579712629318237 1 64 254
0.75 0.2791156470775604 0.3984375 11 69 249
0.749921977519989 0.28125 0.5390625 4 66 252
0.75 0.2890625 0.32245099544525146 4 66 252
0.75 0.288569837808609 0.4921875 0 64 254
0.7424553036689758 0.2890625 0.6796875 10 69 249
0.7436861395835876 0.296875 0.359375 0 64 254
0.75 0.296875 0.4576885998249054 0 64 254
0.7422234416007996 0.296875 0.609375 3 65 253
0.75 0.3046875 0.26986631751060486 18 73 245
0.7478495240211487 0.3046875 0.4296875 0 64 255
0.75 0.30215537548065186 0.5546875 66 97 221
0.75 0.2979183793067932 0.6171875 2 65 253
0.75 0.30829739570617676 0.3671875 2 65 253
0.75 0.3125 0.44634848833084106 0 64 255
0.7465014457702637 0.3125 0.6015625 26 77 241
0.75 0.3136199414730072 0.265625 13 70 248
0.75 0.3203125 0.34098511934280396 0 64 254
0.75 0.3203125 0.6862742900848389 171 149 169
0.75 0.323878675699234 0.3359375 0 64 254
0.75 0.3359375 0.29051002860069275 255 192 127
0.7473837733268738 0.34375 0.2421875 240 184 134
0.7448865175247192 0.3515625 0.2421875 0 64 254
0.75 0.3535034954547882 0.296875 255 192 127
0.7443346977233887 0.3671875 0.3046875 227 177 141
0.7482817769050598 0.3671875 0.6640625 122 125 193
0.75 0.3711257576942444 0.34375 42 85 233
0.742255687713623 0.3828125 0.3046875 7 67 251
0.7424781322479248 0.390625 0.296875 22 75 243
0.7426812648773193 0.3984375 0.2421875 96 112 206
0.7447848916053772 0.3984375 0.6484375 4 66 252
0.75 0.4054252803325653 0.3125 0 64 255
0.75 0.4140625 0.2936761975288391 255 192 127
0.7483869194984436 0.421875 0.28125 0 64 254
0.75 0.421875 0.33738964796066284 192 160 158
0.75 0.4296875 0.2514093518257141 255 192 127
0.7474988102912903 0.4296875 0.703125 7 67 251
0.75 0.4375 0.7015472650527954 14 71 247
0.75 0.43751251697540283 0.6640625 0 64 254
0.75 0.45218515396118164 0.3046875 5 66 252
0.75 0.4609375 0.6795501708984375 0 64 255
0.75 0.4639568626880646 0.71875 1 64 254
0.75 0.4765625 0.6854930520057678 0 64 254
0.75 0.48387929797172546 0.6875 0 64 254
0.7495182752609253 0.4921875 0.671875 15 71 247
0.7432283759117126 0.5 0.2578125 0 64 254
0.75 0.5 0.7417042851448059 0 64 254
0.7485029101371765 0.515625 0.25 0 64 254
0.75 0.5234375 0.28313884139060974 51 89 229
0.75 0.5296835899353027 0.7265625 59 93 225
0.747708797454834 0.5390625 0.71875 223 176 143
0.75 0.546875 0.7040053009986877 220 174 144
0.7493753433227539 0.5625 0.25 0 64 254
0.75 0.5634944438934326 0.296875 7 67 251
0.75 0.5699261426925659 0.3515625 22 75 243
0.7494015097618103 0.578125 0.28125 0 64 254
0.7466613054275513 0.578125 0.3515625 0 64 254
0.75 0.5810319185256958 0.265625 8 68 250
0.7484259009361267 0.5859375 0.65625 0 64 255
0.75 0.59375 0.32590410113334656 227 178 141
0.75 0.5877860188484192 0.6875 12 70 248
0.7464677691459656 0.6015625 0.6484375 2 65 253
0.743603527545929 0.609375 0.640625 4 66 252
0.7462514638900757 0.6171875 0.6171875 0 64 254
0.7449735403060913 0.625 0.2890625 6 67 251
0.75 0.621523380279541 0.6796875 0 64 254
0.7430899739265442 0.6328125 0.6171875 0 64 255
0.75 0.6298741698265076 0.671875 1 64 254
0.75 0.6484375 0.2529385983943939 255 192 127
0.7426677942276001 0.65625 0.3046875 9 68 250
0.7488741278648376 0.6640625 0.265625 0 64 254
0.7477940320968628 0.6640625 0.6171875 0 64 255
0.746266782283783 0.671875 0.5859375 0 64 254
0.75 0.6721290349960327 0.2734375 0 64 255
0.75 0.6786737442016602 0.359375 4 66 252
0.75 0.6796875 0.5594450235366821 3 65 253
0.7450571060180664 0.6875 0.3203125 1 64 254
0.7462023496627808 0.6875 0.5390625 6 67 251
0.7424748539924622 0.6953125 0.3125 0 64 254
0.75 0.6953125 0.40589994192123413 3 65 253
0.75 0.6953125 0.6456621289253235 1 64 254
0.7451714277267456 0.703125 0.40625 0 64 254
0.75 0.6959794163703918 0.4765625 1 64 254
0.75 0.7020027041435242 0.5625 0 64 254
0.75 0.7109375 0.2896745502948761 115 122 197
0.742805004119873 0.7109375 0.4140625 0 64 255
0.75 0.7109375 0.5215810537338257 0 64 254
0.75 0.71875 0.28110191226005554 40 84 234
0.75 0.71875 0.38228023052215576 0 64 255
0.7462335824966431 0.71875 0.515625 0 64 254
0.7429707050323486 0.7265625 0.2578125 12 70 248
0.75 0.7192118167877197 0.3828125 0 64 254
0.7427066564559937 0.7265625 0.4609375 14 71 247
0.75 0.7196500897407532 0.5390625 0 64 254
0.75 0.7339432835578918 0.328125 2 65 253
0.7494262456893921 0.734375 0.5 0 64 255
0.7475137114524841 0.7421875 0.296875 3 65 253
0.7459957599639893 0.7421875 0.34375 25 76 242
0.75 0.7378528714179993 0.6171875 11 69 249
0.75 0.7471150755882263 0.40625 0 64 254
0.7456148862838745 0.7578125 0.3046875 1 64 254
0.75 0.7578125 0.41452842950820923 1 64 254
0.7426347732543945 0.7578125 0.5625 0 64 255
0.75 0.765625 0.3827720880508423 8 68 250
0.7471814751625061 0.765625 0.4453125 2 65 253
0.75 0.765625 0.5150426626205444 10 69 249
0.75 0.7719563841819763 0.4921875 5 66 252
0.7578125 0.2330930083990097 0.4453125 2 65 253
0.7543937563896179 0.25 0.3515625 0 64 254
0.7578125 0.25 0.49663299322128296 0 64 255
0.7578125 0.2576735317707062 0.3828125 34 81 237
0.7578125 0.2578125 0.47689369320869446 255 192 127
0.7546541094779968 0.2578125 0.6171875 10 69 249
0.7578125 0.265625 0.43999236822128296 171 150 169
0.7550591230392456 0.265625 0.59375 43 85 233
0.7518472075462341 0.2734375 0.328125 2 65 253
0.7578125 0.2702445983886719 0.5078125 15 71 247
0.7578125 0.26650452613830566 0.6015625 0 64 255
0.7547228336334229 0.28125 0.4609375 6 67 251
0.7578125 0.2755260467529297 0.65625 0 64 254
0.7578125 0.2890625 0.3919849991798401 9 68 250
0.7552680969238281 0.2890625 0.671875 0 64 254
0.7578125 0.296875 0.32527437806129456 1 64 254
0.7578125 0.296875 0.4915621876716614 0 64 255
0.7578125 0.3001970052719116 0.2734375 0 64 254
0.7578125 0.30258825421333313 0.5 0 64 255
0.7502226233482361 0.3046875 0.640625 3 65 253
0.7578125 0.3125 0.4026627838611603 10 69 249
0.7501115202903748 0.3125 0.53125 0 64 254
0.7578125 0.3125 0.5799127817153931 22 75 243
0.7578125 0.3125 0.6844596266746521 50 89 229
0.7578125 0.31883010268211365 0.4140625 5 66 252
0.7578125 0.3150086998939514 0.546875 2 65 253
0.7578125 0.3193921446800232 0.6484375 0 64 254
0.7517765760421753 0.328125 0.3203125 0 64 254
0.7578125 0.3214915692806244 0.375 134 131 187
0.7578125 0.328125 0.4414949119091034 0 64 254
0.7578125 0.3359375 0.2578500509262085 45 86 232
0.7578125 0.3359375 0.3602275252342224 2 65 253
0.7578125 0.3364880383014679 0.2578125 138 133 185
0.7505753040313721 0.34375 0.6640625 15 71 247
0.7578125 0.3515625 0.3189738690853119 19 73 245
0.7578125 0.35799771547317505 0.2578125 8 68 250
0.7535207867622375 0.359375 0.3359375 255 192 127
0.7578125 0.3607315123081207 0.34375 255 192 127
0.7542166709899902 0.375 0.3515625 0 64 254
0.7538828253746033 0.3828125 0.3515625 1 64 254
0.7578125 0.390625 0.6419351696968079 157 142 176
0.7541680335998535 0.3984375 0.6953125 82 105 213
0.7508703470230103 0.40625 0.3125 0 64 254
0.7562155723571777 0.4140625 0.25 2 65 253
0.7519285082817078 0.4140625 0.3359375 2 65 253
0.7578125 0.4140625 0.6956661939620972 12 70 248
0.7562204599380493 0.421875 0.359375 2 65 253
0.7578125 0.42932093143463135 0.328125 0 64 254
0.7533822655677795 0.4296875 0.6875 0 64 255
0.7500342726707458 0.4375 0.6640625 7 67 251
0.7578125 0.439858615398407 0.6875 7 67 251
0.7578125 0.4476563036441803 0.671875 80 104 214
0.7578125 0.4548070430755615 0.703125 1 64 254
0.7578125 0.46342742443084717 0.328125 1 64 254
0.7578125 0.4765625 0.28653815388679504 5 66 252
0.7578125 0.4765625 0.6769063472747803 0 64 254
0.7542406916618347 0.484375 0.6796875 1 64 254
0.7578125 0.4921875 0.7379797101020813 255 192 127
0.7516672015190125 0.5078125 0.265625 1 64 254
0.7553095817565918 0.515625 0.265625 0 64 254
0.7578125 0.5234375 0.26284095644950867 10 69 249
0.7578125 0.5230048298835754 0.7109375 255 192 127
0.7578125 0.53125 0.6536734700202942 0 64 254
0.7578125 0.5320169925689697 0.2890625 95 111 207
0.7578125 0.5418611764907837 0.296875 12 70 248
0.7578125 0.5546875 0.2820722758769989 0 64 254
0.7569948434829712 0.5625 0.28125 36 82 236
0.7538095116615295 0.5625 0.34375 2 65 253
0.7567298412322998 0.5703125 0.2734375 1 64 254
0.7578125 0.5675090551376343 0.359375 5 66 252
0.7578125 0.578125 0.283306360244751 0 64 254
0.7578125 0.578125 0.687432587146759 89 109 210
0.7578125 0.5912721157073975 0.28125 0 64 254
0.7578125 0.5988012552261353 0.265625 12 70 248
0.7578125 0.5967118144035339 0.640625 0 64 254
0.7578125 0.6075252890586853 0.3359375 3 65 253
0.7512174248695374 0.609375 0.6328125 0 64 254
0.7550929188728333 0.6171875 0.328125 0 64 255
0.7578125 0.6113192439079285 0.671875 0 64 254
0.7578125 0.6243056654930115 0.65625 1 64 254
0.7500240802764893 0.6328125 0.609375 0 64 254
0.7578125 0.640625 0.6433930397033691 7 67 251
0.7578125 0.6484375 0.6427123546600342 23 75 243
0.7532852292060852 0.65625 0.3359375 0 64 254
0.7519145607948303 0.6640625 0.3125 0 64 254
0.7578125 0.6640625 0.5871515274047852 7 67 251
0.7505130767822266 0.671875 0.34375 1 64 254
0.7528343796730042 0.671875 0.484375 14 71 247
0.7518737316131592 0.671875 0.5546875 8 68 250
0.7578125 0.6744574308395386 0.2734375 103 115 203
0.7521604299545288 0.6796875 0.484375 7 67 251
0.7525877356529236 0.6796875 0.640625 3 65 253
0.7578125 0.6816309094429016 0.40625 0 64 254
0.7552494406700134 0.6875 0.4609375 9 68 250
0.7578125 0.6817675232887268 0.5234375 2 65 253
0.7578125 0.694564700126648 0.3828125 0 64 254
0.7548958659172058 0.6953125 0.4296875 0 64 254
0.7578125 0.6911064386367798 0.5 9 68 250
0.7562700510025024 0.703125 0.265625 0 64 255
0.7542635202407837 0.703125 0.4375 1 64 254
0.7578125 0.703125 0.6437793970108032 58 93 225
0.7511292695999146 0.7109375 0.3671875 0 64 255
0.7577165961265564 0.7109375 0.59375 2 65 253
0.7502790689468384 0.71875 0.3828125 0 64 255
0.7505409121513367 0.71875 0.6484375 97 112 206
0.7522596120834351 0.7265625 0.578125 3 65 253
0.7578125 0.7327572703361511 0.3125 19 73 245
0.7569698691368103 0.734375 0.359375 1 64 254
0.7578125 0.734375 0.5332120656967163 1 64 254
0.7578125 0.7335759401321411 0.6171875 7 67 251
0.7575483918190002 0.7421875 0.3828125 4 66 252
0.7567620277404785 0.7421875 0.578125 0 64 254
0.7578125 0.7461938858032227 0.4609375 0 64 254
0.7502577900886536 0.7578125 0.3671875 12 70 248
0.7578125 0.7512799501419067 0.4375 0 64 254
0.7578125 0.7606105208396912 0.4765625 0 64 254
0.7589550018310547 0.234375 0.4453125 10 69 249
0.765625 0.2421875 0.4716784954071045 81 105 214
0.7620118260383606 0.2578125 0.359375 1 64 254
0.7629148960113525 0.2578125 0.5 60 94 224
0.765625 0.26278841495513916 0.359375 10 69 249
0.7605658173561096 0.265625 0.46875 0 64 254
0.7611141800880432 0.265625 0.609375 2 65 253
0.765625 0.2734375 0.41348421573638916 4 66 252
0.765625 0.2734375 0.5286478996276855 36 82 236
0.765625 0.2734375 0.639894962310791 0 64 254
0.7600235342979431 0.28125 0.4765625 52 90 228
0.765625 0.27549368143081665 0.609375 132 130 188
0.765625 0.2834201753139496 0.4296875 21 74 244
0.7647543549537659 0.2890625 0.59375 109 119 200
0.765625 0.29253649711608887 0.3046875 1 64 254
0.765625 0.2900550663471222 0.59375 36 82 236
0.765625 0.29778215289115906 0.328125 1 64 254
0.765625 0.3046875 0.4885005056858063 0 64 255
0.765625 0.3125 0.40107059478759766 18 73 245
0.7581527233123779 0.3125 0.5625 62 95 223
0.7586255669593811 0.3203125 0.375 37 82 236
0.7592604160308838 0.3203125 0.453125 1 64 254
0.765625 0.3191301226615906 0.5546875 33 80 238
0.7590793967247009 0.3203125 0.6484375 2 65 253
0.765625 0.328125 0.4246639311313629 36 82 236
0.765625 0.3233061134815216 0.5859375 33 80 238
0.765625 0.32631978392601013 0.6484375 9 68 250
0.7627090811729431 0.3359375 0.34375 0 64 255
0.765625 0.33215636014938354 0.5390625 4 66 252
0.765625 0.34375 0.2581191956996918 220 174 144
0.765625 0.34375 0.3537593185901642 174 151 167
0.765625 0.34533384442329407 0.3359375 71 99 219
0.765625 0.3515625 0.4048129618167877 1 64 254
0.7608436346054077 0.359375 0.390625 18 73 245
0.765625 0.3598240613937378 0.375 210 169 149
0.765625 0.375 0.36222347617149353 46 87 231
0.7645741701126099 0.3828125 0.28125 88 108 210
0.765625 0.38475871086120605 0.2578125 233 181 138
0.765625 0.390625 0.6998634338378906 127 128 191
0.7630314826965332 0.40625 0.3515625 1 64 254
0.765625 0.41320276260375977 0.3671875 255 192 127
0.7619737982749939 0.421875 0.375 255 192 127
0.765625 0.421875 0.7035493850708008 3 65 253
0.7648517489433289 0.4296875 0.703125 91 109 209
0.7636061310768127 0.4375 0.375 3 65 253
0.765625 0.4453125 0.26008880138397217 21 74 244
0.760417640209198 0.4453125 0.671875 0 64 254
0.7617635726928711 0.453125 0.3359375 17 72 246
0.7597196102142334 0.4609375 0.3125 121 124 194
0.7579576373100281 0.46875 0.3046875 41 85 234
0.7606150507926941 0.4765625 0.3125 99 114 205
0.765625 0.484375 0.2821418344974518 57 92 226
0.7635564804077148 0.484375 0.71875 3 65 253
0.765625 0.4921875 0.31394529342651367 0 64 254
0.7644049525260925 0.4921875 0.71875 10 69 249
0.7651870250701904 0.5 0.7109375 3 65 253
0.765625 0.5078125 0.6430827975273132 4 66 252
0.765625 0.515625 0.2693508267402649 5 66 252
0.765625 0.5115253329277039 0.6875 28 78 240
0.7636142373085022 0.5234375 0.640625 0 64 255
0.7650232911109924 0.53125 0.2734375 4 66 252
0.765625 0.53125 0.6985347270965576 126 127 191
0.7596481442451477 0.5390625 0.703125 255 192 127
0.765625 0.5546875 0.2889670133590698 0 64 254
0.765625 0.5546875 0.35611632466316223 3 65 253
0.7608456015586853 0.5625 0.328125 2 65 253
0.765625 0.5625 0.6952934265136719 12 70 248
0.765625 0.5703125 0.37092822790145874 2 65 253
0.765625 0.578125 0.37277811765670776 67 97 221
0.765625 0.5859375 0.6856833696365356 11 69 249
0.765625 0.59375 0.6828785538673401 15 71 247
0.765625 0.6015625 0.36661428213119507 7 67 251
0.7587147951126099 0.6015625 0.6796875 5 66 252
0.7606059908866882 0.609375 0.359375 15 71 247
0.7653297185897827 0.609375 0.46875 0 64 254
0.7584903240203857 0.6171875 0.3359375 0 64 254
0.765625 0.6149678826332092 0.3984375 0 64 254
0.765625 0.6123632788658142 0.46875 0 64 255
0.7625790238380432 0.625 0.359375 2 65 253
0.765625 0.6189261078834534 0.4609375 19 73 245
0.7655956149101257 0.6328125 0.3671875 62 95 223
0.765625 0.6328125 0.5896575450897217 0 64 255
0.765625 0.6328614950180054 0.3671875 5 66 252
0.765625 0.640625 0.5866284966468811 1 64 254
0.765625 0.647725522518158 0.2890625 91 110 209
0.765625 0.6484375 0.5874360799789429 2 65 253
0.765625 0.6542303562164307 0.3671875 1 64 254
0.765625 0.649368941783905 0.640625 9 68 250
0.7615472674369812 0.6640625 0.4765625 0 64 254
0.765625 0.671875 0.2756456434726715 233 181 138
0.765625 0.671875 0.41714775562286377 3 65 253
0.765625 0.671875 0.5193241238594055 0 64 255
0.765625 0.6675454378128052 0.578125 0 64 254
0.765625 0.6742711067199707 0.390625 0 64 254
0.761021077632904 0.6796875 0.4375 0 64 254
0.7626389265060425 0.6796875 0.515625 0 64 254
0.7578210234642029 0.6875 0.453125 0 64 254
0.7630660533905029 0.6953125 0.6015625 0 64 255
0.7629783749580383 0.703125 0.2890625 10 69 249
0.765625 0.7004757523536682 0.6171875 19 73 245
0.765625 0.7109375 0.4760400950908661 5 66 252
0.763723611831665 0.71875 0.3046875 73 100 218
0.7647344470024109 0.71875 0.6328125 15 71 247
0.765625 0.7246559262275696 0.3359375 0 64 254
0.765625 0.7260127067565918 0.375 9 68 250
0.765625 0.7265625 0.5879160761833191 255 192 127
0.765625 0.7280330657958984 0.3828125 0 64 254
0.765625 0.734375 0.5396684408187866 0 64 254
0.765625 0.7379982471466064 0.4453125 0 64 255
0.765625 0.7421875 0.5570796132087708 1 64 254
0.7596701979637146 0.75 0.4453125 0 64 254
0.765625 0.7496781349182129 0.5703125 1 64 254
0.765625 0.7544295191764832 0.5078125 0 64 255
0.7667185068130493 0.2421875 0.46875 22 75 243
0.7734375 0.2566252648830414 0.4453125 98 113 205
0.7734375 0.265625 0.3700222074985504 3 65 253
0.7730673551559448 0.265625 0.4921875 23 75 243
0.7683110237121582 0.265625 0.625 14 71 247
0.7724344730377197 0.2734375 0.4921875 51 89 229
0.7685843706130981 0.28125 0.34375 0 64 255
0.7705545425415039 0.28125 0.4453125 0 64 254
0.7658289670944214 0.28125 0.578125 0 64 254
0.7734375 0.2837789058685303 0.3515625 1 64 254
0.7734375 0.28177371621131897 0.453125 255 192 127
0.7688853740692139 0.2890625 0.5859375 60 94 224
0.7662970423698425 0.2890625 0.6640625 122 125 193
0.7734375 0.2896478474140167 0.4375 14 71 247
0.7734375 0.296875 0.6548698544502258 255 192 127
0.7724626660346985 0.3046875 0.3203125 1 64 254
0.7721245884895325 0.3046875 0.6640625 35 82 237
0.7677894830703735 0.3125 0.3984375 4 66 252
0.7734375 0.3086332082748413 0.671875 0 64 254
0.7734375 0.31897613406181335 0.4609375 0 64 254
0.7734375 0.3176872432231903 0.6875 35 81 237
0.7734375 0.3247579038143158 0.4140625 0 64 254
0.7734375 0.3257780373096466 0.5546875 25 76 242
0.7734375 0.32310956716537476 0.6953125 57 92 226
0.7699611783027649 0.3359375 0.4296875 1 64 254
0.7732082605361938 0.3359375 0.5390625 7 67 251
0.7734375 0.33519285917282104 0.640625 85 106 212
0.7684605717658997 0.34375 0.34375 101 114 204
0.7734375 0.34055665135383606 0.6171875 227 177 141
0.7734375 0.3515625 0.6674816608428955 5 66 252
0.7729954123497009 0.359375 0.40625 155 141 177
0.7666904926300049 0.3671875 0.359375 79 104 215
0.7734375 0.36240002512931824 0.65625 36 82 236
0.7734375 0.375 0.7030925750732422 32 80 238
0.7734375 0.38240286707878113 0.3046875 51 89 229
0.7734375 0.3828125 0.7029878497123718 64 96 222
0.7734375 0.390625 0.6351525783538818 250 189 129
0.7734375 0.3984375 0.6937838792800903 111 119 199
0.7734375 0.40625 0.6993269920349121 82 105 213
0.7734375 0.4140625 0.6533408164978027 1 64 254
0.7734375 0.4190872609615326 0.6640625 189 158 160
0.7656955122947693 0.4296875 0.3828125 0 64 255
0.7727134227752686 0.4375 0.28125 1 64 254
0.7734375 0.4375 0.7078157067298889 111 119 199
0.7677298784255981 0.4453125 0.3671875 0 64 255
0.7734375 0.45131179690361023 0.296875 14 71 247
0.7734375 0.4609375 0.2854911983013153 4 66 252
0.7734375 0.46875 0.35975104570388794 11 69 249
0.7734375 0.4765625 0.7025362253189087 7 67 251
0.7734375 0.4823247790336609 0.703125 17 72 246
0.7734375 0.49002689123153687 0.65625 6 67 251
0.7734375 0.4985969066619873 0.3359375 9 68 250
0.7660712599754333 0.5078125 0.296875 4 66 252
0.7734375 0.515625 0.27195248007774353 1 64 254
0.7734375 0.5107696652412415 0.6796875 1 64 254
0.7698864936828613 0.5234375 0.3203125 115 121 197
0.7698684930801392 0.53125 0.3046875 0 64 254
0.7734375 0.53125 0.6950327754020691 2 65 253
0.7734375 0.5378862023353577 0.34375 1 64 254
0.7734375 0.5390625 0.7023963332176208 200 164 154
0.7677735090255737 0.546875 0.359375 13 70 248
0.7716907262802124 0.546875 0.6015625 0 64 254
0.7734375 0.5546875 0.2916242778301239 1 64 254
0.7734375 0.553338348865509 0.5859375 0 64 254
0.766423225402832 0.5625 0.3203125 2 65 253
0.7734375 0.5619140863418579 0.6484375 1 64 254
0.7734375 0.5703125 0.34562698006629944 40 84 234
0.7734375 0.5703125 0.643021285533905 2 65 253
0.7734375 0.578125 0.35251694917678833 16 72 246
0.7732776999473572 0.578125 0.4453125 1 64 254
0.7734375 0.578125 0.6753095388412476 5 66 252
0.7734375 0.5859375 0.42823466658592224 43 85 233
0.7734375 0.5859375 0.6762343049049377 4 66 252
0.7694882154464722 0.59375 0.453125 0 64 254
0.7734375 0.5914604663848877 0.6171875 4 66 252
0.7668914198875427 0.6015625 0.2890625 0 64 254
0.7659033536911011 0.6015625 0.4609375 0 64 254
0.7734375 0.5947043895721436 0.609375 238 183 135
0.7734375 0.6064864993095398 0.390625 216 172 146
0.7734375 0.609375 0.42438656091690063 2 65 253
0.7734375 0.609375 0.6643218398094177 0 64 254
0.7675370573997498 0.6171875 0.453125 71 100 219
0.7694956660270691 0.625 0.28125 0 64 255
0.7700923681259155 0.625 0.4609375 32 80 238
0.7734375 0.625 0.6464398503303528 58 93 225
0.7664242386817932 0.6328125 0.3515625 35 81 237
0.7734375 0.626660943031311 0.625 12 70 248
0.7734375 0.640625 0.29818710684776306 243 186 133
0.7734375 0.640625 0.41229426860809326 42 85 233
0.7667173147201538 0.6484375 0.359375 0 64 255
0.7734375 0.6450867652893066 0.421875 16 72 246
0.7711572647094727 0.65625 0.375 0 64 254
0.7734375 0.65625 0.6398830413818359 48 88 230
0.7683665156364441 0.6640625 0.421875 1 64 254
0.7734375 0.6640625 0.5021923184394836 17 72 246
0.7677075266838074 0.6640625 0.640625 117 122 196
0.7734375 0.6667671799659729 0.4375 0 64 254
0.7674723863601685 0.671875 0.515625 0 64 254
0.7722886204719543 0.6796875 0.546875 0 64 254
0.7734375 0.6826307773590088 0.5390625 0 64 254
0.7722804546356201 0.6953125 0.2890625 2 65 253
0.7734375 0.6953125 0.5464711785316467 0 64 254
0.7734375 0.6960672736167908 0.296875 0 64 254
0.7731816172599792 0.703125 0.40625 0 64 255
0.7734375 0.6967780590057373 0.5390625 0 64 254
0.7715177536010742 0.7109375 0.34375 13 70 248
0.7718203663825989 0.7109375 0.4921875 0 64 254
0.7686561346054077 0.71875 0.3515625 1 64 254
0.7717709541320801 0.71875 0.46875 0 64 254
0.7734375 0.7198843359947205 0.375 2 65 253
0.7734375 0.7230063080787659 0.4609375 0 64 254
0.769869327545166 0.734375 0.4140625 2 65 253
0.7707858085632324 0.734375 0.4765625 0 64 254
0.7732262015342712 0.734375 0.5625 6 67 251
0.7734375 0.7343903183937073 0.4296875 0 64 254
0.7688295245170593 0.7421875 0.5234375 3 65 253
0.7687922120094299 0.75 0.4921875 0 64 254
0.78125 0.2578125 0.4581133723258972 0 64 254
0.7748393416404724 0.265625 0.3984375 28 78 240
0.7760640978813171 0.265625 0.5625 38 83 235
0.7773723006248474 0.2734375 0.484375 1 64 254
0.78125 0.2781437635421753 0.40625 1 64 254
0.78125 0.2788143455982208 0.5390625 2 65 253
0.78125 0.28826144337654114 0.453125 245 187 132
0.78125 0.2819320559501648 0.53125 131 130 189
0.78125 0.2865638732910156 0.6328125 0 64 254
0.7777516841888428 0.296875 0.4296875 160 144 174
0.78125 0.29454150795936584 0.5703125 71 99 219
0.7763413786888123 0.3046875 0.3046875 8 68 250
0.78125 0.3046875 0.5459461808204651 255 192 127
0.7795496582984924 0.3125 0.3125 2 65 253
0.78125 0.3111749589443207 0.4921875 30 79 239
0.7795730829238892 0.3125 0.671875 37 82 236
0.77665114402771 0.3203125 0.5078125 94 111 207
0.78125 0.3226812183856964 0.4609375 1 64 254
0.78125 0.3275406062602997 0.59375 11 69 249
0.78125 0.3303203880786896 0.3046875 255 192 127
0.78125 0.33544647693634033 0.546875 50 89 229
0.78125 0.33572015166282654 0.65625 40 84 234
0.78125 0.3366333842277527 0.296875 0 64 254
0.78125 0.34375 0.519903838634491 0 64 254
0.78125 0.34375 0.6442902088165283 10 69 249
0.78125 0.3515625 0.4158056080341339 30 79 239
0.7811117172241211 0.3515625 0.6640625 40 84 234
0.78125 0.359375 0.6525366306304932 238 183 135
0.775501549243927 0.3671875 0.3984375 0 64 254
0.78125 0.3740190863609314 0.296875 255 192 127
0.7805750966072083 0.375 0.375 46 87 231
0.7785664796829224 0.3828125 0.265625 158 143 175
0.78125 0.3828125 0.32832881808280945 255 192 127
0.78125 0.390625 0.25644201040267944 0 64 254
0.78125 0.390625 0.37962085008621216 52 90 228
0.78125 0.3965629041194916 0.390625 14 71 247
0.78125 0.3984375 0.634937047958374 41 84 234
0.78125 0.404272198677063 0.3828125 202 165 153
0.7811640501022339 0.40625 0.6953125 0 64 254
0.78125 0.408235102891922 0.640625 16 72 246
0.78125 0.421875 0.2947750389575958 91 110 209
0.78125 0.42503905296325684 0.2578125 255 192 127
0.78125 0.4296875 0.41057536005973816 0 64 254
0.78125 0.42973631620407104 0.2734375 1 64 254
0.7770048379898071 0.4375 0.671875 0 64 254
0.78125 0.4453125 0.6682190895080566 1 64 254
0.7775192260742188 0.453125 0.671875 1 64 254
0.78125 0.4609375 0.6672560572624207 2 65 253
0.78125 0.4765625 0.28177088499069214 165 147 172
0.7756902575492859 0.484375 0.3515625 25 76 242
0.7759206891059875 0.484375 0.6640625 1 64 254
0.78125 0.48808175325393677 0.640625 3 65 253
0.78125 0.5078125 0.27327054738998413 36 82 236
0.7744832038879395 0.5078125 0.671875 0 64 254
0.78125 0.515625 0.27830970287323 50 89 229
0.78125 0.5203626751899719 0.28125 69 99 220
0.7754800915718079 0.53125 0.3359375 1 64 254
0.78125 0.5318387150764465 0.3515625 64 96 222
0.78125 0.5390625 0.39020049571990967 6 67 251
0.7759232521057129 0.5390625 0.6328125 0 64 254
0.7807003259658813 0.546875 0.578125 1 64 254
0.7780328989028931 0.546875 0.640625 6 67 251
0.7784343957901001 0.5546875 0.3828125 33 81 238
0.78125 0.5546875 0.6236507892608643 33 80 238
0.78125 0.5625 0.37877869606018066 90 109 209
0.78125 0.5582398176193237 0.546875 0 64 254
0.7758124470710754 0.5625 0.6484375 23 76 243
0.78125 0.5703125 0.3743791878223419 7 67 251
0.78125 0.5703125 0.533449649810791 0 64 254
0.78125 0.5697833895683289 0.6171875 41 84 234
0.7743389010429382 0.578125 0.3515625 6 67 251
0.7768069505691528 0.578125 0.5703125 0 64 254
0.78125 0.5757666230201721 0.671875 221 175 144
0.78125 0.5859375 0.4150342047214508 255 192 127
0.7804339528083801 0.5859375 0.578125 0 64 254
0.7772804498672485 0.59375 0.3359375 137 133 186
0.7767680287361145 0.59375 0.421875 255 192 127
0.7752808332443237 0.59375 0.5390625 0 64 254
0.78125 0.5902136564254761 0.6640625 0 64 254
0.78125 0.5984691381454468 0.3984375 84 106 212
0.7810449600219727 0.6015625 0.5234375 0 64 254
0.7810117602348328 0.6015625 0.578125 0 64 254
0.78125 0.609375 0.4915487766265869 6 67 251
0.78125 0.609375 0.584311842918396 0 64 254
0.7810880541801453 0.6171875 0.4140625 24 76 242
0.7787814736366272 0.6171875 0.5390625 0 64 254
0.773594856262207 0.6171875 0.59375 0 64 254
0.7774345874786377 0.625 0.4375 14 71 247
0.78125 0.6245477795600891 0.578125 0 64 255
0.78125 0.6199549436569214 0.6484375 234 181 137
0.78125 0.6328125 0.4430483281612396 57 92 226
0.7807969450950623 0.6328125 0.578125 1 64 254
0.78125 0.640625 0.44468191266059875 16 72 246
0.7807736396789551 0.6484375 0.4140625 6 67 251
0.78125 0.6477721929550171 0.625 32 80 238
0.7779751420021057 0.65625 0.4375 0 64 254
0.78125 0.65625 0.49296343326568604 0 64 254
0.78125 0.6640625 0.33532044291496277 16 72 246
0.778461217880249 0.6640625 0.4765625 15 71 247
0.78125 0.6633754968643188 0.5546875 1 64 254
0.7809371948242188 0.671875 0.296875 27 78 241
0.779074490070343 0.671875 0.4765625 0 64 254
0.7810047268867493 0.671875 0.5625 0 64 254
0.7811007499694824 0.6796875 0.3359375 22 75 243
0.7785334587097168 0.6796875 0.46875 1 64 254
0.7804685831069946 0.6796875 0.625 4 66 252
0.7794740200042725 0.6875 0.34375 23 75 243
0.78125 0.6875 0.4446662962436676 0 64 254
0.78125 0.6875 0.5584474205970764 254 191 127
0.7802194952964783 0.6953125 0.3359375 255 192 127
0.78125 0.6953125 0.4143518805503845 1 64 254
0.7799950838088989 0.6953125 0.5546875 6 67 251
0.7802004218101501 0.703125 0.328125 255 192 127
0.7791233658790588 0.703125 0.4140625 3 65 253
0.78125 0.703125 0.4907296895980835 0 64 254
0.7793191075325012 0.703125 0.5390625 3 65 253
0.7788195013999939 0.7109375 0.375 1 64 254
0.78125 0.7047547698020935 0.4375 6 67 251
0.7800950407981873 0.7109375 0.515625 2 65 253
0.7771017551422119 0.71875 0.4140625 0 64 254
0.7802063226699829 0.71875 0.5078125 25 76 242
0.7789453864097595 0.7265625 0.421875 0 64 254
0.7798553109169006 0.7265625 0.5703125 3 65 253
0.78125 0.7321885824203491 0.5390625 0 64 254
0.7845646739006042 0.265625 0.3828125 46 87 231
0.7820655107498169 0.2734375 0.4765625 8 68 250
0.7826399803161621 0.28125 0.46875 47 88 231
0.7822248339653015 0.2890625 0.453125 3 65 253
0.7843930125236511 0.2890625 0.53125 87 108 211
0.7815994024276733 0.296875 0.421875 61 94 224
0.7890625 0.29677826166152954 0.515625 84 106 212
0.7890625 0.2912474572658539 0.6015625 86 107 211
0.7890625 0.2974962294101715 0.4453125 0 64 254
0.7837874889373779 0.3125 0.34375 0 64 254
0.7890625 0.3125 0.5456860065460205 7 67 251
0.7824182510375977 0.3203125 0.3125 209 169 150
0.7890625 0.3163186311721802 0.4921875 0 64 254
0.7815452218055725 0.3203125 0.6796875 2 65 253
0.7890625 0.328125 0.46181267499923706 0 64 254
0.7890625 0.328125 0.6842185258865356 10 69 249
0.7890625 0.3346708416938782 0.5 0 64 254
0.7887431979179382 0.3359375 0.59375 0 64 255
0.7890625 0.34375 0.3062896728515625 151 139 179
0.7887687087059021 0.34375 0.546875 9 68 250
0.7841739654541016 0.34375 0.6640625 0 64 254
0.7890625 0.3464699685573578 0.4296875 0 64 254
0.7890625 0.3441433310508728 0.546875 20 74 244
0.7874329686164856 0.3515625 0.6953125 255 192 127
0.7850725650787354 0.359375 0.53125 1 64 254
0.7864745855331421 0.359375 0.6953125 4 66 252
0.7890625 0.3647817075252533 0.5234375 0 64 254
0.7890625 0.3671875 0.6920452117919922 61 94 224
0.7888098359107971 0.375 0.4140625 130 129 189
0.7828275561332703 0.375 0.6171875 1 64 254
0.7890625 0.3828125 0.2952987551689148 255 192 127
0.7890625 0.3828125 0.5575796365737915 0 64 254
0.7885411381721497 0.3828125 0.6953125 3 65 253
0.7846742272377014 0.390625 0.3671875 155 142 177
0.7877321243286133 0.390625 0.578125 10 69 249
0.7885538935661316 0.390625 0.6328125 4 66 252
0.7890625 0.39804667234420776 0.2578125 7 67 251
0.7845258116722107 0.3984375 0.578125 0 64 254
0.7890625 0.3984375 0.6752629280090332 1 64 254
0.7865248322486877 0.40625 0.578125 0 64 255
0.7890625 0.40625 0.6778967976570129 255 192 127
0.7837933301925659 0.4140625 0.5859375 0 64 254
0.7890625 0.4140625 0.6700477600097656 255 192 127
0.7890625 0.41635027527809143 0.28125 12 70 248
0.7890625 0.41664808988571167 0.609375 8 68 250
0.787892758846283 0.421875 0.6953125 29 79 240
0.7890625 0.4244002401828766 0.6015625 1 64 254
0.7890625 0.4375 0.41230228543281555 74 101 217
0.7856317162513733 0.4453125 0.3984375 190 159 159
0.7890625 0.4453125 0.6552367806434631 0 64 254
0.7890625 0.4529798924922943 0.3359375 255 192 127
0.7890625 0.45221227407455444 0.625 1 64 254
0.7875699996948242 0.4609375 0.3203125 21 74 244
0.7890625 0.45973068475723267 0.4296875 136 132 186
0.7890625 0.4598565995693207 0.6328125 22 75 243
0.7890625 0.46875 0.29718270897865295 6 67 251
0.7890625 0.4628024995326996 0.3828125 101 115 204
0.7890625 0.46444156765937805 0.421875 63 95 223
0.7815208435058594 0.46875 0.6171875 0 64 254
0.7890625 0.4668665826320648 0.703125 255 192 127
0.7854363918304443 0.4765625 0.375 9 68 250
0.7847827076911926 0.4765625 0.453125 1 64 254
0.7890625 0.4765625 0.6515728831291199 37 82 236
0.7890625 0.4832826554775238 0.3828125 124 126 192
0.7833370566368103 0.484375 0.4375 4 66 252
0.7890625 0.484375 0.6298927068710327 0 64 254
0.7890625 0.4921875 0.35587993264198303 54 91 227
0.7819629907608032 0.4921875 0.453125 0 64 255
0.788365364074707 0.4921875 0.6953125 98 113 205
0.7890625 0.49893683195114136 0.4140625 1 64 254
0.7858282923698425 0.5 0.4765625 0 64 254
0.7875808477401733 0.5078125 0.28125 11 69 249
0.7854672074317932 0.5078125 0.4140625 0 64 254
0.7890625 0.5068613886833191 0.484375 0 64 254
0.7890625 0.5062440037727356 0.65625 85 106 212
0.7890625 0.515625 0.35472944378852844 1 64 254
0.7862249612808228 0.515625 0.4765625 0 64 254
0.7890625 0.5234375 0.29334408044815063 2 65 253
0.7857236862182617 0.5234375 0.40625 0 64 254
0.7877336740493774 0.5234375 0.65625 51 90 229
0.7890625 0.5261616110801697 0.3671875 13 70 248
0.7877238988876343 0.53125 0.5859375 3 65 253
0.7890625 0.53125 0.6177889704704285 25 76 242
0.7886386513710022 0.5390625 0.3046875 0 64 254
0.7820334434509277 0.5390625 0.5859375 1 64 254
0.7890625 0.546875 0.30814501643180847 1 64 254
0.7853196263313293 0.546875 0.5546875 0 64 254
0.7890625 0.546875 0.6859076023101807 226 177 141
0.7890625 0.5469149351119995 0.4375 9 68 250
0.78840571641922 0.5546875 0.6328125 39 83 235
0.7890625 0.5607998371124268 0.34375 63 96 223
0.7830304503440857 0.5625 0.5390625 4 66 252
0.7841171026229858 0.5703125 0.3359375 16 72 246
0.7890625 0.5703125 0.4117245078086853 6 67 251
0.7815768122673035 0.5703125 0.6171875 255 192 127
0.7868408560752869 0.578125 0.328125 2 65 253
0.7844893336296082 0.578125 0.453125 190 159 159
0.7890625 0.578125 0.4987220764160156 0 64 254
0.7890625 0.578125 0.6256659626960754 40 84 234
0.782494843006134 0.5859375 0.328125 8 68 250
0.7836864590644836 0.5859375 0.4765625 7 67 251
0.7822504043579102 0.5859375 0.5859375 0 64 254
0.7868378758430481 0.59375 0.3046875 0 64 255
0.7886829376220703 0.59375 0.3984375 171 149 169
0.7820699214935303 0.59375 0.5234375 0 64 255
0.7881925106048584 0.6015625 0.3046875 0 64 255
0.7821000218391418 0.6015625 0.515625 2 65 253
0.7890625 0.609375 0.313571035861969 4 66 252
0.7825389504432678 0.609375 0.65625 6 67 251
0.7888560891151428 0.6171875 0.375 6 67 251
0.7890625 0.6152375936508179 0.5 7 68 251
0.7890625 0.6144892573356628 0.625 245 187 132
0.7890625 0.6183491945266724 0.3125 0 64 254
0.78452467918396 0.625 0.421875 5 66 252
0.7854982018470764 0.625 0.5625 0 64 254
0.7890625 0.6284730434417725 0.328125 0 64 254
0.7890625 0.6328125 0.48892003297805786 55 91 227
0.7890625 0.6305496692657471 0.5625 0 64 254
0.7890625 0.640625 0.402948796749115 2 65 253
0.7890625 0.6379677057266235 0.515625 1 64 254
0.7890482544898987 0.640625 0.609375 0 64 255
0.7890625 0.6484375 0.4315430223941803 2 65 253
0.7890625 0.6484375 0.49120041728019714 0 64 254
0.7887656688690186 0.6484375 0.6171875 0 64 254
0.7890625 0.65625 0.33978042006492615 2 65 253
0.784538745880127 0.65625 0.46875 0 64 254
0.7890625 0.65625 0.5544009804725647 3 65 253
0.7890625 0.6581173539161682 0.3203125 131 129 189
0.7890625 0.6613152623176575 0.4765625 18 73 245
0.7890625 0.6581464409828186 0.5703125 0 64 255
0.7890625 0.666837751865387 0.3515625 2 65 253
0.7874164581298828 0.671875 0.453125 31 79 239
0.7890625 0.6665369868278503 0.5390625 0 64 254
0.7866313457489014 0.6796875 0.3125 0 64 255
0.7835253477096558 0.6796875 0.453125 0 64 254
0.7890625 0.6796875 0.5674947500228882 1 64 254
0.7890625 0.6804422736167908 0.3828125 0 64 255
0.7885246276855469 0.6875 0.4921875 7 67 251
0.7877812385559082 0.6875 0.5859375 1 64 254
0.7867031097412109 0.6953125 0.390625 0 64 255
0.7890625 0.6945763826370239 0.4921875 0 64 254
0.7890625 0.6888687610626221 0.609375 64 96 222
0.7890625 0.6965342164039612 0.515625 0 64 254
0.7878232002258301 0.7109375 0.5546875 91 110 209
0.785885751247406 0.7265625 0.546875 0 64 254
0.796875 0.2847197949886322 0.375 0 64 254
0.796875 0.28851112723350525 0.484375 0 64 255
0.796875 0.296875 0.4349081814289093 255 192 127
0.796875 0.29303044080734253 0.578125 0 64 254
0.7967790365219116 0.3046875 0.3671875 2 65 253
0.796875 0.3046875 0.5661265850067139 65 96 222
0.796875 0.3066387474536896 0.3828125 11 69 249
0.7895380854606628 0.3125 0.546875 0 64 254
0.796875 0.31502699851989746 0.34375 0 64 254
0.790898859500885 0.3203125 0.4765625 18 73 245
0.7959474325180054 0.3203125 0.625 255 192 127
0.7961458563804626 0.3203125 0.671875 22 75 243
0.7927506566047668 0.328125 0.484375 0 64 254
0.796875 0.328125 0.6794272065162659 49 88 230
0.7961651086807251 0.3359375 0.484375 0 64 254
0.796875 0.34375 0.3134211003780365 241 185 134
0.7918618321418762 0.34375 0.5546875 39 83 235
0.796875 0.3515625 0.3125801086425781 68 98 220
0.7967042326927185 0.3515625 0.5078125 1 64 254
0.796875 0.3515625 0.58448326587677 25 76 242
0.7901558876037598 0.359375 0.4375 0 64 254
0.7968118786811829 0.359375 0.5703125 2 65 253
0.796875 0.359375 0.6815770268440247 37 83 236
0.7908613085746765 0.3671875 0.453125 0 64 254
0.7950619459152222 0.3671875 0.5546875 22 75 243
0.7938079833984375 0.3671875 0.6796875 0 64 254
0.79172283411026 0.375 0.453125 0 64 254
0.796875 0.375 0.5477374792098999 30 79 239
0.7899963855743408 0.375 0.6953125 43 85 233
0.7925215363502502 0.3828125 0.4375 0 64 254
0.790550708770752 0.3828125 0.5546875 0 64 254
0.7928038835525513 0.3828125 0.6875 255 192 127
0.7894421219825745 0.390625 0.4296875 0 64 254
0.7894619703292847 0.390625 0.5703125 0 64 255
0.796875 0.3984375 0.3154281973838806 48 88 230
0.796875 0.39360132813453674 0.46875 255 192 127
0.796875 0.3984375 0.6327516436576843 70 99 219
0.796875 0.4041878283023834 0.328125 2 65 253
0.796875 0.40156090259552 0.484375 107 118 201
0.796875 0.40625 0.6442232131958008 37 83 236
0.796875 0.4140625 0.3365839123725891 85 107 212
0.796875 0.4140625 0.4918573796749115 0 64 254
0.796875 0.4140625 0.6702184081077576 53 90 228
0.796875 0.420585960149765 0.3203125 29 78 240
0.796875 0.4157749116420746 0.453125 10 69 249
0.7921531200408936 0.421875 0.609375 1 64 254
0.7964372634887695 0.4296875 0.3203125 3 65 253
0.7907984256744385 0.4296875 0.453125 3 65 253
0.791490912437439 0.4296875 0.609375 3 65 253
0.7953630685806274 0.4375 0.3203125 1 64 254
0.7919523119926453 0.4375 0.453125 0 64 255
0.7929584383964539 0.4375 0.5859375 0 64 255
0.796875 0.4327044188976288 0.6953125 219 174 145
0.796875 0.4453125 0.42781588435173035 255 192 127
0.7911667823791504 0.4453125 0.5234375 0 64 254
0.7922088503837585 0.4453125 0.625 1 64 254
0.7954360842704773 0.453125 0.390625 40 84 234
0.7920730113983154 0.453125 0.453125 5 66 252
0.7901437878608704 0.453125 0.6015625 0 64 255
0.796875 0.46087881922721863 0.3515625 211 170 149
0.7903258204460144 0.4609375 0.421875 255 192 127
0.796875 0.4540415108203888 0.5390625 2 65 253
0.7927725315093994 0.46875 0.3046875 9 68 250
0.796875 0.46875 0.5268788933753967 10 69 249
0.7950206398963928 0.4765625 0.3046875 2 65 253
0.796875 0.4708070755004883 0.5234375 0 64 254
0.796875 0.4765625 0.6021263003349304 5 66 252
0.7953420877456665 0.484375 0.3203125 0 64 254
0.7930612564086914 0.484375 0.4765625 27 77 241
0.796875 0.484375 0.6061179637908936 60 94 224
0.796875 0.48819199204444885 0.3125 0 64 254
0.790157675743103 0.4921875 0.3984375 2 65 253
0.796875 0.4910021424293518 0.5 33 81 238
0.7909445762634277 0.4921875 0.5625 0 64 254
0.796875 0.4921875 0.6850515604019165 161 145 174
0.7909979224205017 0.5 0.390625 46 87 231
0.796875 0.5 0.5147130489349365 255 192 127
0.7959704995155334 0.5 0.578125 0 64 254
0.796875 0.5078125 0.30035367608070374 12 70 248
0.7893350124359131 0.5078125 0.4921875 0 64 254
0.7908400297164917 0.5078125 0.5625 0 64 254
0.7932700514793396 0.515625 0.296875 8 68 250
0.796875 0.515625 0.37478089332580566 54 91 227
0.796875 0.515625 0.4546196162700653 3 65 253
0.7903900742530823 0.515625 0.546875 0 64 254
0.7943035364151001 0.5234375 0.3125 1 64 254
0.790701150894165 0.5234375 0.421875 71 100 219
0.792312741279602 0.5234375 0.5 0 64 254
0.7924256920814514 0.5234375 0.5703125 0 64 254
0.796875 0.5234375 0.6468103528022766 18 73 245
0.796875 0.5287497043609619 0.46875 174 151 167
0.796875 0.5307115316390991 0.5390625 0 64 255
0.790760338306427 0.53125 0.6171875 243 186 133
0.7893362641334534 0.5390625 0.40625 0 64 254
0.796875 0.5390625 0.5440333485603333 0 64 255
0.796535849571228 0.546875 0.328125 0 64 254
0.796875 0.5420474410057068 0.6796875 100 114 204
0.796875 0.5546026229858398 0.3515625 130 129 189
0.7947307229042053 0.5546875 0.46875 39 83 235
0.796875 0.5546875 0.5989875197410583 0 64 254
0.7944913506507874 0.5625 0.390625 12 70 248
0.7935746312141418 0.5625 0.4765625 0 64 254
0.796875 0.5595788955688477 0.6484375 103 116 203
0.796875 0.5649299621582031 0.390625 5 66 252
0.796875 0.5703125 0.4485050439834595 109 118 200
0.796875 0.5674997568130493 0.5078125 1 64 254
0.7934796214103699 0.5703125 0.640625 13 71 248
0.796875 0.578125 0.3800867795944214 0 64 254
0.796875 0.570916473865509 0.515625 0 64 254
0.796875 0.5859375 0.38623782992362976 5 66 252
0.796875 0.5806512236595154 0.6640625 19 73 245
0.7906553149223328 0.59375 0.6015625 0 64 254
0.796875 0.6014769673347473 0.5390625 1 64 254
0.795092761516571 0.609375 0.359375 20 74 244
0.796875 0.6107562184333801 0.3515625 14 71 247
0.7898865342140198 0.6171875 0.3984375 11 69 249
0.796875 0.6128813028335571 0.6328125 38 83 235
0.7917938828468323 0.625 0.390625 235 182 137
0.796875 0.6254523992538452 0.375 7 67 251
0.7926146388053894 0.6328125 0.609375 0 64 254
0.7933081388473511 0.640625 0.3984375 4 66 252
0.7944227457046509 0.640625 0.5078125 1 64 254
0.7922163605690002 0.6484375 0.3359375 0 64 254
0.7944236397743225 0.6484375 0.5078125 1 64 254
0.7894604206085205 0.65625 0.3203125 0 64 254
0.7893965840339661 0.65625 0.515625 1 64 254
0.7947560548782349 0.65625 0.6015625 0 64 254
0.7926188707351685 0.6640625 0.40625 0 64 255
0.796875 0.6590744853019714 0.4609375 6 67 251
0.7913199067115784 0.6640625 0.546875 0 64 254
0.796875 0.6641345620155334 0.3828125 239 184 135
0.796875 0.6715564131736755 0.53125 15 71 247
0.796875 0.6796875 0.4115401804447174 1 64 254
0.7941035628318787 0.6796875 0.5625 0 64 254
0.7955887317657471 0.6875 0.421875 5 66 252
0.796875 0.6843823790550232 0.5703125 10 69 249
0.8012700080871582 0.2890625 0.3828125 13 70 248
0.8046875 0.2890625 0.4992169737815857 161 144 174
0.8046875 0.296875 0.43447351455688477 255 192 127
0.8046875 0.296875 0.5804092288017273 10 69 249
0.7974362969398499 0.3046875 0.375 185 157 162
0.8046875 0.30036112666130066 0.515625 32 80 238
0.8046875 0.3125 0.43688228726387024 86 107 211
0.8046875 0.3125 0.6096057295799255 201 164 154
0.7987744212150574 0.3203125 0.546875 3 65 253
0.7968801259994507 0.328125 0.328125 10 69 249
0.8046875 0.328125 0.5299263000488281 255 192 127
0.8038510084152222 0.328125 0.640625 31 79 239
0.7997739911079407 0.3359375 0.375 1 64 254
0.8046875 0.328982949256897 0.640625 69 98 220
0.8046875 0.34059080481529236 0.3671875 2 65 253
0.8046875 0.34375 0.6764098405838013 89 109 210
0.8001423478126526 0.3515625 0.5 0 64 255
0.8046875 0.359375 0.46871355175971985 76 102 216
0.8046875 0.359375 0.6756582856178284 255 192 127
0.8018778562545776 0.3671875 0.4921875 0 64 254
0.8046875 0.375 0.4833463430404663 2 65 253
0.8046875 0.375 0.6621479392051697 123 125 193
0.7975659370422363 0.3828125 0.46875 0 64 254
0.8046875 0.3828125 0.6633725762367249 11 69 249
0.8046875 0.390625 0.33606472611427307 18 73 245
0.8019298911094666 0.390625 0.5078125 0 64 254
0.8034065961837769 0.3984375 0.2734375 255 192 127
0.798113226890564 0.3984375 0.484375 66 97 221
0.8046875 0.39154577255249023 0.5390625 0 64 255
0.8046875 0.40625 0.300798237323761 6 67 251
0.8046875 0.40625 0.5057390928268433 4 66 252
0.8046875 0.4078858494758606 0.28125 16 72 246
0.8046875 0.4140625 0.34628114104270935 70 99 219
0.8024612665176392 0.4140625 0.5625 0 64 254
0.8046875 0.4145949184894562 0.2890625 145 137 182
0.8046875 0.416265070438385 0.5625 0 64 254
0.8046875 0.421875 0.656552255153656 140 134 184
0.8030029535293579 0.4296875 0.515625 0 64 254
0.8036770820617676 0.4296875 0.578125 117 122 196
0.799908459186554 0.4296875 0.6796875 255 192 127
0.8046875 0.43043071031570435 0.5 1 64 254
0.8046875 0.43012553453445435 0.6328125 3 65 253
0.7986538410186768 0.4453125 0.4140625 0 64 255
0.8046875 0.4453125 0.5539113283157349 0 64 254
0.8046875 0.453125 0.3439147472381592 0 64 255
0.8046875 0.453125 0.5527850985527039 0 64 254
0.8046875 0.4609375 0.3499208092689514 51 89 229
0.8046875 0.4609375 0.5592662692070007 1 64 254
0.8046875 0.4609375 0.6792649626731873 255 192 127
0.8020288348197937 0.46875 0.5078125 255 192 127
0.8005390167236328 0.46875 0.578125 2 65 253
0.802284300327301 0.4765625 0.3671875 0 64 254
0.7999903559684753 0.4765625 0.5390625 0 64 255
0.8008678555488586 0.484375 0.3359375 0 64 255
0.8046875 0.4803110361099243 0.5 15 71 247
0.8045888543128967 0.484375 0.5859375 234 181 137
0.8028621077537537 0.4921875 0.328125 12 70 248
0.8046875 0.4909853935241699 0.609375 34 81 237
0.8046875 0.4930476248264313 0.3359375 1 64 254
0.8046875 0.5 0.6557977199554443 239 184 135
0.8046875 0.5078125 0.32899239659309387 20 74 244
0.8046875 0.5078125 0.6185487508773804 23 75 243
0.8046875 0.515625 0.40195444226264954 37 82 236
0.8046875 0.515625 0.6475727558135986 1 64 254
0.7973887324333191 0.5234375 0.515625 0 64 254
0.8002611398696899 0.53125 0.4375 69 98 220
0.797529399394989 0.53125 0.53125 0 64 254
0.8046875 0.5313629508018494 0.4453125 21 74 244
0.8005579113960266 0.5390625 0.4921875 0 64 254
0.8025924563407898 0.5390625 0.671875 255 192 127
0.7982361316680908 0.546875 0.453125 19 73 245
0.8046875 0.546875 0.5027716159820557 0 64 254
0.8046875 0.546875 0.6015709042549133 209 169 150
0.8046875 0.549299418926239 0.5078125 2 65 253
0.8046875 0.5484066605567932 0.6796875 25 76 242
0.7984674572944641 0.5625 0.53125 0 64 254
0.8029066324234009 0.5625 0.609375 3 65 253
0.8046875 0.5703125 0.4240371286869049 90 109 209
0.8046875 0.5703125 0.5616468787193298 255 192 127
0.7989950180053711 0.578125 0.3359375 24 76 242
0.8046875 0.5777643918991089 0.5546875 0 64 255
0.8046875 0.5796592235565186 0.421875 113 120 198
0.8046875 0.5859375 0.6547842025756836 26 77 241
0.8046875 0.5910501480102539 0.5390625 19 73 245
0.8046875 0.6013115644454956 0.3515625 234 181 137
0.8046875 0.6014767289161682 0.46875 83 105 213
0.8026126027107239 0.6015625 0.546875 3 65 253
0.8046875 0.6028634905815125 0.453125 1 64 254
0.8046875 0.609375 0.5276719331741333 0 64 254
0.8046875 0.606928288936615 0.640625 255 192 127
0.8046875 0.6101955771446228 0.3984375 99 114 205
0.8046875 0.6171875 0.4939268231391907 0 64 254
0.803659975528717 0.625 0.3515625 0 64 254
0.8046875 0.625 0.5348662734031677 69 99 220
0.8020243048667908 0.6328125 0.3828125 3 65 253
0.8046875 0.6328125 0.5475351214408875 0 64 254
0.8046875 0.6375435590744019 0.3671875 1 64 254
0.8046875 0.6343943476676941 0.4921875 11 69 249
0.8016473650932312 0.6484375 0.3515625 0 64 254
0.798816442489624 0.6484375 0.4921875 9 68 250
0.8009851574897766 0.65625 0.3515625 1 64 254
0.8046875 0.6556469798088074 0.4609375 6 67 251
0.8012257814407349 0.65625 0.59375 3 65 253
0.8013379573822021 0.6640625 0.4296875 29 78 240
0.8014720678329468 0.671875 0.4140625 1 64 254
0.7982615828514099 0.671875 0.6015625 2 65 253
0.8046875 0.6796875 0.5864999890327454 10 69 249
0.809818685054779 0.296875 0.3984375 14 71 247
0.8085932731628418 0.296875 0.5 0 64 254
0.805653989315033 0.3046875 0.4609375 0 64 254
0.8125 0.3009072244167328 0.5859375 255 192 127
0.8095713257789612 0.3125 0.453125 6 67 251
0.810253918170929 0.3125 0.515625 113 120 198
0.8125 0.3172241747379303 0.453125 25 76 242
0.8125 0.3203125 0.5183143615722656 37 82 236
0.8071990609169006 0.328125 0.359375 34 81 237
0.8103193044662476 0.328125 0.578125 7 67 251
0.8112156987190247 0.3359375 0.34375 81 105 214
0.8125 0.33228084444999695 0.578125 54 91 227
0.809184730052948 0.3359375 0.6484375 255 192 127
0.8072418570518494 0.34375 0.375 0 64 254
0.8125 0.3401983380317688 0.6328125 76 102 216
0.8108612895011902 0.3515625 0.3515625 6 67 251
0.8125 0.3445923924446106 0.5390625 96 112 206
0.8125 0.359375 0.3465290367603302 26 77 241
0.8048299551010132 0.359375 0.484375 1 64 254
0.812095582485199 0.3671875 0.65625 0 64 254
0.8125 0.37432655692100525 0.390625 2 65 253
0.8125 0.3828125 0.37618640065193176 4 66 252
0.8100860118865967 0.390625 0.34375 54 91 227
0.8125 0.38696423172950745 0.40625 2 65 253
0.8084890842437744 0.3984375 0.34375 68 98 220
0.8064234256744385 0.3984375 0.5 5 66 252
0.8048142790794373 0.40625 0.34375 67 97 221
0.8125 0.40625 0.40625274181365967 1 64 254
0.8050715327262878 0.4140625 0.2890625 4 66 252
0.8114434480667114 0.4140625 0.3984375 0 64 254
0.8052171468734741 0.4140625 0.6328125 6 67 251
0.8125 0.421875 0.39042750000953674 6 67 251
0.809147298336029 0.421875 0.53125 0 64 254
0.8125 0.4218388795852661 0.65625 255 192 127
0.8125 0.42208513617515564 0.3984375 139 134 185
0.8125 0.4375 0.33785226941108704 10 69 249
0.8125 0.4327066242694855 0.6640625 14 71 247
0.8125 0.4423665702342987 0.5625 2 65 253
0.8125 0.453125 0.4759211242198944 2 65 253
0.8075845241546631 0.453125 0.6796875 255 192 127
0.8125 0.4553612768650055 0.6171875 0 64 254
0.8104106187820435 0.46875 0.3828125 118 123 195
0.8125 0.46875 0.41906556487083435 14 71 247
0.8098700642585754 0.4765625 0.3828125 79 103 215
0.8125 0.4707861840724945 0.484375 20 74 244
0.8125 0.4821326732635498 0.359375 56 92 226
0.8055210113525391 0.484375 0.6796875 193 161 158
0.8106557726860046 0.5 0.3359375 1 64 254
0.8125 0.5 0.6594102382659912 255 192 127
0.8125 0.5078125 0.42175906896591187 24 76 242
0.8125 0.5078125 0.5191017389297485 3 65 253
0.8125 0.515625 0.39526960253715515 7 67 251
0.8125 0.515625 0.5966732501983643 213 171 148
0.8056713938713074 0.5234375 0.3984375 87 107 211
0.8125 0.5234375 0.6460862159729004 19 73 245
0.8048791289329529 0.53125 0.4453125 35 81 237
0.8125 0.5365269780158997 0.3671875 5 66 252
0.8048797249794006 0.546875 0.5 1 64 254
0.8125 0.5470021367073059 0.3671875 6 67 251
0.8100482225418091 0.5546875 0.6171875 72 100 218
0.8125 0.5602492690086365 0.4296875 13 70 248
0.8125 0.5568687915802002 0.578125 6 67 251
0.8125 0.5631569623947144 0.359375 3 65 253
0.8097834587097168 0.5688639283180237 0.5647178292274475 2 65 253
0.8125 0.569894552230835 0.6640625 214 171 147
0.809761643409729 0.578125 0.46875 0 64 254
0.8117256760597229 0.578125 0.5078125 1 64 254
0.8125 0.5737858414649963 0.59375 72 100 218
0.8108370304107666 0.5859375 0.453125 1 64 254
0.8125 0.5859375 0.5095366835594177 4 66 252
0.8123583793640137 0.5859375 0.625 33 80 238
0.8107729554176331 0.59375 0.453125 5 66 252
0.8123270869255066 0.59375 0.515625 7 67 251
0.8125 0.5909947156906128 0.6484375 4 66 252
0.8056498169898987 0.6015625 0.4609375 40 84 234
0.8125 0.6015625 0.5838170051574707 63 96 223
0.8125 0.609375 0.3719700276851654 3 65 253
0.8110207915306091 0.609375 0.4296875 2 65 253
0.8112674355506897 0.609375 0.5703125 63 95 223
0.8125 0.6171875 0.4253360331058502 9 68 250
0.8072636127471924 0.6171875 0.5 3 65 253
0.8125 0.6171875 0.5819923281669617 160 144 174
0.8120312690734863 0.625 0.4765625 0 64 254
0.8125 0.625 0.5510679483413696 229 179 140
0.8112161159515381 0.6328125 0.4296875 4 66 252
0.8125 0.6328125 0.508699357509613 72 100 218
0.8125 0.634262204170227 0.4375 1 64 254
0.8125 0.640625 0.5044820308685303 1 64 254
0.8103526830673218 0.6484375 0.4609375 1 64 254
0.8053736090660095 0.65625 0.359375 1 64 254
0.8125 0.6640625 0.5033376216888428 154 141 177
0.8100345730781555 0.671875 0.5546875 159 144 175
0.8125 0.6796875 0.5761215090751648 29 78 240
0.8155503273010254 0.3046875 0.4296875 37 82 236
0.8136135935783386 0.3125 0.4765625 66 97 221
0.8203125 0.3203125 0.4438145160675049 3 65 253
0.8203125 0.328125 0.3947784900665283 12 70 248
0.8186554312705994 0.328125 0.4921875 255 192 127
0.8203125 0.3359375 0.4453103542327881 220 174 144
0.8203125 0.3359375 0.5271771550178528 255 192 127
0.8203125 0.3373107314109802 0.3984375 4 66 252
0.8203125 0.3365996778011322 0.5546875 42 85 233
0.8182576298713684 0.34375 0.625 66 97 221
0.8203125 0.3515625 0.5313382744789124 248 188 130
0.8158270716667175 0.3515625 0.6484375 3 65 253
0.8203125 0.359375 0.6091592311859131 62 95 223
0.8199235796928406 0.3671875 0.359375 14 71 247
0.8140028119087219 0.3671875 0.6484375 1 64 254
0.8160294890403748 0.375 0.6328125 255 192 127
0.8203125 0.3828125 0.41002386808395386 0 64 254
0.8203125 0.3828125 0.6519795656204224 146 137 181
0.8165144324302673 0.390625 0.6640625 255 192 127
0.8132748603820801 0.3984375 0.671875 72 100 218
0.8203125 0.40625 0.5952320694923401 0 64 254
0.8142278790473938 0.4140625 0.5390625 1 64 254
0.8203125 0.41487234830856323 0.4140625 218 173 145
0.8203125 0.42968618869781494 0.359375 5 66 252
0.8203125 0.42697644233703613 0.6015625 31 79 239
0.8203125 0.4375 0.5993785858154297 4 66 252
0.8203125 0.4453125 0.5989716649055481 0 64 255
0.8129587769508362 0.453125 0.4765625 1 64 254
0.8173542022705078 0.4609375 0.3515625 50 89 229
0.8179672360420227 0.4609375 0.421875 1 64 254
0.8148898482322693 0.4609375 0.484375 3 65 253
0.8203125 0.46478840708732605 0.375 34 81 237
0.8203125 0.46875 0.6160780787467957 27 77 241
0.8203125 0.4699706435203552 0.4296875 65 97 222
0.815958559513092 0.484375 0.3671875 85 107 212
0.8188146352767944 0.484375 0.453125 6 67 251
0.8203125 0.4921875 0.3896685838699341 34 81 237
0.8143321871757507 0.4921875 0.671875 0 64 254
0.8203125 0.5 0.4094657301902771 8 68 250
0.8203125 0.5 0.5126824378967285 2 65 253
0.8136385083198547 0.5 0.6015625 1 64 254
0.8151932954788208 0.5078125 0.3984375 227 178 141
0.8203125 0.5066845417022705 0.5 8 68 250
0.8203125 0.5033692121505737 0.5546875 1 64 254
0.8203125 0.5090309381484985 0.34375 32 80 238
0.8173815608024597 0.515625 0.484375 2 65 253
0.8203125 0.515625 0.5680163502693176 0 64 254
0.8203125 0.5234375 0.35286223888397217 1 64 254
0.8203125 0.5203514099121094 0.4765625 1 64 254
0.8203125 0.5200700163841248 0.5390625 0 64 254
0.8171622157096863 0.53125 0.359375 3 65 253
0.8203125 0.5250089764595032 0.5234375 14 71 247
0.8203125 0.531687319278717 0.390625 5 66 252
0.8145150542259216 0.546875 0.609375 3 65 253
0.8196055293083191 0.546875 0.65625 255 192 127
0.8203125 0.5546875 0.4382195472717285 37 82 236
0.817459762096405 0.5546875 0.625 72 100 218
0.8203125 0.5625 0.42044126987457275 52 90 228
0.8157484531402588 0.5625 0.625 3 65 253
0.8203125 0.5703125 0.3776084780693054 9 68 250
0.8203125 0.5703125 0.48309382796287537 5 66 252
0.8144163489341736 0.578125 0.3671875 0 64 254
0.8203125 0.578125 0.5115519165992737 4 66 252
0.8194740414619446 0.578125 0.6328125 255 192 127
0.8203125 0.5859375 0.3806896507740021 0 64 254
0.8203125 0.5835617780685425 0.5390625 16 72 246
0.8170434236526489 0.5859375 0.6328125 93 110 208
0.8195241093635559 0.59375 0.3828125 0 64 254
0.8178555965423584 0.59375 0.5859375 69 98 220
0.817995011806488 0.6015625 0.3828125 0 64 255
0.8203125 0.609375 0.5910021066665649 1 64 254
0.8203125 0.6137992143630981 0.59375 205 167 152
0.8157628774642944 0.625 0.4609375 0 64 254
0.8203125 0.6201348900794983 0.6015625 33 80 238
0.8203125 0.6303579211235046 0.5625 1 64 254
0.813755989074707 0.640625 0.5546875 207 167 151
0.8203125 0.6484375 0.5295963287353516 0 64 254
0.8149466514587402 0.65625 0.5625 7 67 251
0.8188745975494385 0.6640625 0.578125 3 65 253
0.8132122755050659 0.6796875 0.5703125 3 65 253
0.828125 0.3169949948787689 0.4375 20 74 244
0.8222596645355225 0.328125 0.515625 0 64 255
0.828125 0.33314016461372375 0.484375 0 64 254
0.828125 0.34044045209884644 0.453125 5 66 252
0.828125 0.3368496298789978 0.5625 1 64 254
0.828125 0.3506062924861908 0.4296875 249 189 130
0.8257869482040405 0.3515625 0.59375 11 69 249
0.8259643912315369 0.359375 0.453125 0 64 254
0.828125 0.3671875 0.3930491805076599 1 64 254
0.828125 0.3630446493625641 0.515625 9 68 250
0.828125 0.3728780150413513 0.3984375 2 65 253
0.8265658617019653 0.375 0.515625 0 64 254
0.828125 0.36770978569984436 0.609375 23 75 243
0.828125 0.3828125 0.4358993172645569 2 65 253
0.824168860912323 0.3828125 0.5625 10 69 249
0.828125 0.3835722804069519 0.4375 0 64 254
0.828125 0.3843062222003937 0.515625 2 65 253
0.828125 0.3866563141345978 0.625 15 71 247
0.8245219588279724 0.3984375 0.4609375 1 64 254
0.826397180557251 0.3984375 0.59375 205 167 152
0.8252837061882019 0.3984375 0.65625 41 84 234
0.828125 0.40625 0.4837614595890045 3 65 253
0.828125 0.4078151285648346 0.4296875 41 85 234
0.8240262866020203 0.4140625 0.59375 2 65 253
0.828125 0.41636085510253906 0.4453125 22 75 243
0.8214893341064453 0.421875 0.6015625 22 75 243
0.828125 0.4296875 0.3991193473339081 166 147 171
0.828125 0.4296875 0.6115487813949585 255 192 127
0.828125 0.43625932931900024 0.390625 2 65 253
0.8246173858642578 0.4375 0.6484375 133 130 188
0.8277937769889832 0.4453125 0.3984375 3 65 253
0.828125 0.4451945424079895 0.53125 50 89 229
0.8269204497337341 0.4453125 0.65625 169 149 170
0.828125 0.44724375009536743 0.40625 9 68 250
0.828125 0.453125 0.44506850838661194 96 112 206
0.8235111832618713 0.453125 0.6015625 4 66 252
0.8260083198547363 0.453125 0.671875 98 113 205
0.828125 0.4609375 0.5172881484031677 0 64 254
0.828125 0.4609375 0.6525493860244751 142 135 183
0.8243043422698975 0.46875 0.6484375 2 65 253
0.8280448317527771 0.4765625 0.5703125 9 68 250
0.8265961408615112 0.4765625 0.6328125 1 64 254
0.828125 0.484375 0.45603495836257935 153 141 178
0.8260108232498169 0.484375 0.671875 8 68 250
0.828125 0.4921875 0.4507327973842621 75 101 217
0.8251640796661377 0.4921875 0.6640625 255 192 127
0.828125 0.49690520763397217 0.46875 2 65 253
0.828125 0.5 0.5587513446807861 17 72 246
0.8231709003448486 0.5078125 0.3828125 13 70 248
0.828125 0.5064040422439575 0.546875 6 67 251
0.828125 0.5125505328178406 0.421875 4 66 252
0.8208702206611633 0.5234375 0.359375 0 64 254
0.8249478936195374 0.5234375 0.46875 4 66 252
0.828125 0.5234375 0.6385615468025208 35 82 237
0.8275565505027771 0.53125 0.4765625 0 64 255
0.8261874914169312 0.53125 0.5546875 0 64 254
0.828125 0.5335479378700256 0.4140625 0 64 254
0.828125 0.5390625 0.48368707299232483 0 64 254
0.828125 0.5390625 0.5408423542976379 1 64 254
0.827105700969696 0.546875 0.421875 1 64 254
0.828125 0.546875 0.5566489100456238 0 64 255
0.8228321075439453 0.546875 0.6484375 216 172 146
0.828125 0.5546875 0.4777262508869171 0 64 254
0.8262101411819458 0.5546875 0.6484375 3 65 253
0.828125 0.5625 0.4731130003929138 0 64 254
0.8258469700813293 0.5703125 0.390625 8 68 250
0.8214751482009888 0.5703125 0.484375 23 76 243
0.8242295980453491 0.578125 0.390625 1 64 254
0.828125 0.5766570568084717 0.546875 14 71 247
0.828125 0.5820411443710327 0.5234375 1 64 254
0.8229255080223083 0.609375 0.59375 2 65 253
0.82513827085495 0.6484375 0.515625 0 64 254
0.8359375 0.31666746735572815 0.421875 2 65 253
0.8358447551727295 0.3359375 0.4375 2 65 253
0.8356972932815552 0.34375 0.4296875 4 66 252
0.8359375 0.34375 0.487751841545105 2 65 253
0.8315842747688293 0.3515625 0.4140625 4 66 252
0.8337278366088867 0.3515625 0.5390625 1 64 254
0.8333510756492615 0.359375 0.40625 0 64 254
0.8357585072517395 0.359375 0.5390625 7 67 251
0.8337152600288391 0.3671875 0.421875 3 65 253
0.8318837285041809 0.3671875 0.5078125 11 69 249
0.831267237663269 0.3671875 0.578125 5 66 252
0.8315094709396362 0.375 0.453125 1 64 254
0.8332763314247131 0.375 0.546875 0 64 254
0.8306382298469543 0.3828125 0.4453125 4 66 252
0.8359375 0.3828125 0.5220531821250916 1 64 254
0.8352234363555908 0.3828125 0.609375 53 90 228
0.8348023891448975 0.390625 0.5625 46 87 231
0.8322036862373352 0.390625 0.640625 43 85 233
0.8346259593963623 0.3984375 0.640625 59 93 225
0.8359375 0.40207919478416443 0.625 0 64 254
0.8292170166969299 0.4140625 0.4453125 4 66 252
0.8316245079040527 0.4140625 0.6484375 0 64 255
0.8359375 0.421875 0.5907091498374939 50 89 229
0.8344434499740601 0.4296875 0.4765625 2 65 253
0.8307501673698425 0.4375 0.3984375 9 68 250
0.8359375 0.43021586537361145 0.4765625 106 117 201
0.8359375 0.43506866693496704 0.6328125 255 192 127
0.8359375 0.4453125 0.4485219419002533 0 64 254
0.8359375 0.4453125 0.5405066609382629 189 159 160
0.8359375 0.453125 0.5062944889068604 0 64 254
0.8359375 0.4609375 0.44660624861717224 5 66 252
0.8306759595870972 0.4609375 0.65625 136 132 186
0.8301397562026978 0.46875 0.578125 255 192 127
0.8359375 0.4765625 0.46083584427833557 2 65 253
0.829074501991272 0.4765625 0.6015625 8 68 250
0.8332181572914124 0.484375 0.4609375 11 69 249
0.8284285664558411 0.484375 0.6171875 2 65 253
0.8359375 0.4921875 0.4450758993625641 27 77 241
0.8289647698402405 0.4921875 0.578125 20 74 244
0.8297163844108582 0.4921875 0.65625 226 177 141
0.8359375 0.5 0.5312680602073669 3 65 253
0.8340782523155212 0.5 0.6171875 71 99 219
0.8359375 0.5065725445747375 0.4921875 7 67 251
0.8359375 0.5043994784355164 0.6171875 10 69 249
0.8305130004882812 0.515625 0.578125 135 132 187
0.8359375 0.5234375 0.43972206115722656 21 74 244
0.8359375 0.5253699421882629 0.4453125 34 81 237
0.8337557315826416 0.5390625 0.3984375 0 64 254
0.8323008418083191 0.5390625 0.4921875 2 65 253
0.8359375 0.5386493802070618 0.625 255 192 127
0.8319462537765503 0.546875 0.4765625 0 64 254
0.8307182788848877 0.546875 0.546875 0 64 254
0.8359375 0.5407955646514893 0.6171875 1 64 254
0.8359375 0.552394449710846 0.4921875 0 64 254
0.8308561444282532 0.5625 0.390625 14 71 247
0.8359375 0.5625 0.488815039396286 10 69 249
0.8359375 0.5675986409187317 0.4921875 12 70 248
0.8359375 0.5769156813621521 0.515625 248 188 130
0.8408251404762268 0.3359375 0.421875 1 64 254
0.8398666977882385 0.3515625 0.5625 16 72 246
0.8382161855697632 0.375 0.6015625 53 90 228
0.84375 0.3878772556781769 0.484375 1 64 254
0.8398081660270691 0.390625 0.546875 150 139 179
0.8423850536346436 0.40625 0.546875 13 70 248
0.8370046019554138 0.4140625 0.4296875 1 64 254
0.838363766670227 0.4140625 0.640625 13 70 248
0.84375 0.41991618275642395 0.578125 33 81 238
0.8411357998847961 0.4296875 0.4921875 1 64 254
0.8372883796691895 0.4296875 0.625 4 66 252
0.8425147533416748 0.4375 0.4921875 5 66 252
0.84375 0.4375 0.543364405632019 114 121 197
0.84375 0.43779635429382324 0.484375 10 69 249
0.843220591545105 0.453125 0.453125 3 65 253
0.8395406603813171 0.453125 0.5703125 3 65 253
0.8413918614387512 0.4609375 0.5625 14 71 247
0.84375 0.465989351272583 0.53125 8 68 250
0.8431988954544067 0.4765625 0.5078125 0 64 254
0.84375 0.484375 0.4713221490383148 12 70 248
0.84375 0.4861823618412018 0.4296875 0 64 254
0.84375 0.5 0.43917471170425415 0 64 254
0.84375 0.4932003319263458 0.5625 0 64 254
0.84375 0.5039783120155334 0.4921875 255 192 127
0.84375 0.5104647278785706 0.4375 1 64 254
0.8372620940208435 0.5234375 0.59375 0 64 254
0.8410406708717346 0.53125 0.625 39 83 235
0.8404449820518494 0.546875 0.46875 0 64 254
0.8400058150291443 0.5625 0.4921875 2 65 253
0.8427875638008118 0.5703125 0.5078125 19 73 245
0.8515625 0.390625 0.5064576864242554 0 64 255
0.8457615971565247 0.3984375 0.5390625 0 64 255
0.8515625 0.4140625 0.4941532611846924 21 74 244
0.8515625 0.4193961024284363 0.5 47 87 231
0.8452027440071106 0.421875 0.578125 255 192 127
0.8479503393173218 0.4296875 0.5390625 255 192 127
0.8463102579116821 0.4375 0.4765625 76 102 216
0.8465233445167542 0.4453125 0.4921875 16 72 246
0.8494378328323364 0.4609375 0.46875 30 79 239
0.8472574949264526 0.46875 0.5546875 65 97 222
0.8515625 0.4765625 0.5582475662231445 243 185 133
0.8472312688827515 0.484375 0.5625 255 192 127
0.8445224165916443 0.4921875 0.5078125 2 65 253
0.8515625 0.5 0.5350453853607178 7 67 251
0.8534276485443115 0.390625 0.4921875 17 72 246
0.8568224310874939 0.40625 0.5234375 140 134 184
0.8568177223205566 0.4765625 0.5390625 5 66 252
0.8586135506629944 0.4921875 0.5390625 255 192 127
